Rk,Name,Age,Tm,Lg,G,PA,AB,R,H,2B,3B,HR,RBI,SB,CS,BB,SO,BA,OBP,SLG,OPS,OPS+,TB,GDP,HBP,SH,SF,IBB
1,CJ Abrams,22,WSN,NL,89,340,316,47,82,17,4,10,39,19,2,13,72,0.259,0.306,0.434,0.739,105,137,5,8,3,0,0
2,José Abreu,36,HOU,AL,95,400,368,33,90,16,0,8,50,0,1,24,92,0.245,0.293,0.353,0.646,79,130,11,3,0,5,1
3,Ronald Acuna Jr.,25,ATL,NL,97,446,391,86,129,26,1,23,58,45,7,49,53,0.33,0.408,0.578,0.986,160,226,7,4,0,2,2
4,Willy Adames,27,MIL,NL,89,383,336,44,71,16,0,17,48,4,3,37,98,0.211,0.291,0.411,0.702,90,138,9,3,0,5,0
5,Riley Adams,27,WSN,NL,23,87,79,4,22,5,2,3,10,0,0,6,26,0.278,0.337,0.506,0.844,133,40,4,1,1,0,0
6,Ty Adcock,26,SEA,AL,1,0,0,0,0,0,0,0,0,0,0,0,0,0,0,0,0,0,0,0,0,0,0,0
7,Jo Adell,24,LAA,AL,5,14,13,2,3,1,1,1,3,0,0,1,6,0.231,0.286,0.692,0.978,156,9,0,0,0,0,0
8,Ehire Adrianza#,33,ATL,NL,5,11,10,0,0,0,0,0,0,0,0,1,4,0,0.091,0,0.091,-72,0,0,0,0,0,0
9,Jesús Aguilar,33,OAK,AL,36,115,104,8,23,2,0,5,9,0,0,8,31,0.221,0.281,0.385,0.665,89,40,3,1,0,1,2
10,Nick Ahmed,33,ARI,NL,51,149,141,13,33,9,0,2,14,5,1,8,36,0.234,0.275,0.34,0.616,69,48,0,0,0,0,0
11,Hanser Alberto,30,CHW,AL,30,90,82,11,18,5,0,3,16,0,0,4,13,0.22,0.261,0.39,0.652,77,32,1,1,2,1,0
12,Ozzie Albies#,26,ATL,NL,97,415,371,57,95,17,3,22,66,7,0,31,63,0.256,0.317,0.496,0.813,113,184,6,5,0,6,2
13,Scott Alexander,33,SFG,NL,1,0,0,0,0,0,0,0,0,0,0,0,0,0,0,0,0,0,0,0,0,0,0,0
14,Jorge Alfaro,30,TOT,MLB,16,50,47,2,7,4,0,1,4,0,0,2,15,0.149,0.2,0.298,0.498,29,14,3,1,0,0,0
15,Jorge Alfaro,30,COL,NL,10,32,31,2,5,4,0,1,4,0,0,0,12,0.161,0.188,0.387,0.575,44,12,2,1,0,0,0
16,Jorge Alfaro,30,BOS,AL,6,18,16,0,2,0,0,0,0,0,0,2,3,0.125,0.222,0.125,0.347,-2,2,1,0,0,0,0
17,Greg Allen#,30,NYY,AL,10,17,14,5,3,0,1,1,1,1,0,1,7,0.214,0.313,0.571,0.884,139,8,0,1,1,0,0
18,Nick Allen,24,OAK,AL,52,151,139,13,26,1,0,1,6,1,1,8,29,0.187,0.23,0.216,0.446,30,30,2,0,3,1,0
19,Pete Alonso,28,NYM,NL,90,380,332,54,70,9,2,26,63,3,0,36,79,0.211,0.308,0.485,0.793,117,161,11,11,0,1,0
20,Jose Altuve,33,HOU,AL,32,143,121,25,32,8,0,6,18,5,1,20,25,0.264,0.371,0.479,0.85,135,58,4,1,0,1,0
21,Jake Alu,26,WSN,NL,5,15,14,0,3,0,0,0,0,1,0,1,4,0.214,0.267,0.214,0.481,38,3,0,0,0,0,0
22,Francisco Alvarez,21,NYM,NL,73,254,234,34,56,7,0,19,41,0,0,16,65,0.239,0.299,0.513,0.812,121,120,8,4,0,0,0
23,Yordan Alvarez,26,HOU,AL,57,242,202,41,56,12,0,17,55,0,0,32,55,0.277,0.388,0.589,0.978,168,119,5,6,0,2,2
24,Jacob Amaya,24,MIA,NL,4,9,9,1,2,0,0,0,2,1,0,0,1,0.222,0.222,0.222,0.444,23,2,0,0,0,0,0
25,Miguel Amaya,24,CHC,NL,27,89,73,11,20,4,0,2,13,0,0,6,24,0.274,0.386,0.411,0.797,117,30,1,8,1,1,0
26,Brian Anderson,30,MIL,NL,85,334,292,35,67,11,2,9,38,0,3,35,99,0.229,0.317,0.373,0.691,89,109,9,4,0,3,0
27,Tim Anderson,30,CHW,AL,75,326,306,33,73,10,1,0,16,10,1,17,67,0.239,0.279,0.278,0.557,55,85,12,1,0,2,0
28,Elvis Andrus,34,CHW,AL,69,251,223,20,47,8,1,2,20,6,4,21,42,0.211,0.288,0.283,0.571,59,63,1,4,1,2,1
29,Miguel Andujar,28,PIT,NL,13,33,31,2,5,1,0,2,6,0,0,2,5,0.161,0.212,0.387,0.599,59,12,0,0,0,0,0
30,Jonathan Aranda,25,TBR,AL,4,15,15,2,3,1,0,0,2,0,0,0,6,0.2,0.2,0.267,0.467,30,4,0,0,0,0,0
31,Orlando Arcia,28,ATL,NL,76,294,272,40,78,12,0,10,34,1,0,21,56,0.287,0.34,0.441,0.781,107,120,10,1,0,0,0
32,Nolan Arenado,32,STL,NL,95,405,367,47,105,19,2,21,76,2,3,29,72,0.286,0.336,0.52,0.856,130,191,12,2,0,7,3
33,Gabriel Arias,23,CLE,AL,72,162,140,14,25,5,0,4,6,0,3,22,52,0.179,0.29,0.3,0.59,67,42,5,0,0,0,0
34,Randy Arozarena,28,TBR,AL,97,413,350,59,95,10,2,17,62,11,7,48,101,0.271,0.373,0.457,0.83,132,160,5,11,0,4,0
35,Luis Arraez,26,MIA,NL,94,399,363,41,136,21,2,3,47,1,2,29,22,0.375,0.424,0.468,0.892,146,170,13,4,0,3,8
36,Christian Arroyo,28,BOS,AL,58,189,178,23,44,15,0,3,21,1,2,7,42,0.247,0.277,0.382,0.659,75,68,6,1,1,2,0
37,José Azocar,27,SDP,NL,26,55,51,8,12,2,0,0,3,6,1,1,11,0.235,0.25,0.275,0.525,48,14,0,0,3,0,0
38,Akil Baddoo,24,DET,AL,59,199,170,20,37,8,0,4,19,6,1,27,46,0.218,0.323,0.335,0.659,85,57,2,0,1,1,2
39,Harrison Bader,29,NYY,AL,50,186,174,23,43,6,2,7,31,9,2,6,30,0.247,0.28,0.425,0.705,93,74,2,3,0,3,0
40,Ji Hwan Bae,23,PIT,NL,76,239,214,37,51,9,0,2,19,20,6,18,58,0.238,0.301,0.308,0.609,67,66,2,2,3,2,0
41,Javier Báez,30,DET,AL,93,387,364,39,83,12,4,7,46,9,0,15,85,0.228,0.264,0.341,0.605,68,124,8,4,0,3,0
42,Patrick Bailey#,24,SFG,NL,47,174,163,15,43,12,1,5,29,1,0,5,50,0.264,0.297,0.442,0.738,100,72,3,3,2,1,0
43,Bryan Baker,28,BAL,AL,2,0,0,0,0,0,0,0,0,0,0,0,0,0,0,0,0,0,0,0,0,0,0,0
44,Luken Baker,26,STL,NL,7,20,19,2,5,0,0,0,0,0,0,1,8,0.263,0.3,0.263,0.563,57,5,0,0,0,0,0
45,Rylan Bannon,27,HOU,AL,2,6,6,0,0,0,0,0,0,0,0,0,3,0,0,0,0,-100,0,0,0,0,0,0
46,Scott Barlow,30,KCR,AL,1,0,0,0,0,0,0,0,0,0,0,0,0,0,0,0,0,0,0,0,0,0,0,0
47,Austin Barnes,33,LAD,NL,35,114,102,4,11,2,0,0,5,2,1,10,28,0.108,0.193,0.127,0.32,-11,13,3,1,0,1,0
48,Tucker Barnhart,32,CHC,NL,40,114,100,5,20,3,0,1,8,1,0,12,37,0.2,0.289,0.26,0.549,51,26,3,1,0,1,0
49,Tres Barrera,28,STL,NL,6,2,2,0,0,0,0,0,0,0,0,0,0,0,0,0,0,-100,0,0,0,0,0,0
50,Jose Barrero,25,CIN,NL,46,149,133,15,29,8,0,2,17,3,2,15,44,0.218,0.295,0.323,0.619,65,43,1,0,0,1,0
51,Joey Bart,26,SFG,NL,26,84,78,8,18,5,0,0,4,0,0,2,21,0.231,0.286,0.295,0.581,61,23,0,4,0,0,0
52,Matthew Batten,28,SDP,NL,5,7,5,2,2,0,0,1,2,0,1,2,1,0.4,0.571,1,1.571,331,5,0,0,0,0,0
53,Brett Baty,23,NYM,NL,73,264,238,32,57,9,0,7,26,2,0,20,70,0.239,0.303,0.366,0.668,86,87,7,2,0,1,0
54,Jake Bauers,27,NYY,AL,49,154,134,18,30,12,0,7,19,2,0,18,46,0.224,0.312,0.47,0.782,114,63,3,0,0,2,0
55,Mike Baumann,27,BAL,AL,1,0,0,0,0,0,0,0,0,0,0,0,0,0,0,0,0,0,0,0,0,0,0,0
56,Matt Beaty,30,TOT,MLB,7,11,10,1,3,1,0,0,3,0,0,1,2,0.3,0.364,0.4,0.764,112,4,0,0,0,0,0
57,Matt Beaty,30,SFG,NL,4,5,5,1,1,0,0,0,1,0,0,0,2,0.2,0.2,0.2,0.4,11,1,0,0,0,0,0
58,Matt Beaty,30,KCR,AL,3,6,5,0,2,1,0,0,2,0,0,1,0,0.4,0.5,0.6,1.1,204,3,0,0,0,0,0
59,Josh Bell#,30,CLE,AL,89,361,316,23,76,18,0,11,47,0,1,42,76,0.241,0.33,0.402,0.732,105,127,4,1,0,2,1
60,Cody Bellinger,27,CHC,NL,67,283,254,52,81,15,1,13,41,12,3,22,47,0.319,0.371,0.539,0.91,143,137,3,2,0,5,2
61,Brandon Belt,35,TOR,AL,67,258,215,29,54,17,0,7,23,0,0,41,95,0.251,0.372,0.428,0.8,125,92,3,1,0,1,1
62,Anthony Bemboom,33,BAL,AL,6,13,11,0,2,0,0,0,0,0,0,2,2,0.182,0.308,0.182,0.49,43,2,0,0,0,0,0
63,Andrew Benintendi,28,CHW,AL,93,389,350,49,101,24,1,2,29,11,1,33,56,0.289,0.353,0.38,0.733,103,133,4,3,1,2,5
64,Will Benson,25,CIN,NL,53,164,140,25,40,7,4,6,17,9,2,24,44,0.286,0.39,0.521,0.912,139,73,1,0,0,0,0
65,José Berríos,29,TOR,AL,1,0,0,0,0,0,0,0,0,0,0,0,0,0,0,0,0,0,0,0,0,0,0,0
66,Jon Berti,33,MIA,NL,81,268,247,35,72,9,2,2,18,11,4,16,51,0.291,0.335,0.368,0.703,94,91,8,1,2,2,1
67,Christian Bethancourt,31,TBR,AL,65,217,207,30,47,12,0,7,22,0,0,7,54,0.227,0.25,0.386,0.636,76,80,4,0,1,2,0
68,Mookie Betts,30,LAD,NL,94,436,367,77,102,24,1,27,67,7,2,60,70,0.278,0.381,0.569,0.95,151,209,4,4,0,5,3
69,Bo Bichette,25,TOR,AL,98,438,418,47,130,22,1,16,53,3,3,18,82,0.311,0.342,0.483,0.826,129,202,11,2,0,0,0
70,Cavan Biggio,28,TOR,AL,63,166,149,23,32,5,0,7,19,3,2,14,48,0.215,0.295,0.389,0.684,91,58,0,3,0,0,0
71,Charlie Blackmon,36,COL,NL,56,242,211,34,56,14,2,5,26,0,1,21,33,0.265,0.347,0.422,0.769,99,89,4,7,0,3,0
72,Dairon Blanco,30,KCR,AL,23,58,54,7,13,5,3,0,6,7,3,3,17,0.241,0.293,0.444,0.738,101,24,1,1,0,0,0
73,JJ Bleday,25,OAK,AL,60,219,183,23,38,10,0,7,23,4,1,32,48,0.208,0.324,0.377,0.701,101,69,2,1,0,3,0
74,Xander Bogaerts,30,SDP,NL,93,400,354,47,93,16,0,11,36,10,1,41,74,0.263,0.343,0.401,0.744,109,142,13,3,0,2,0
75,Alec Bohm,26,PHI,NL,85,349,320,41,89,16,0,9,59,3,1,23,60,0.278,0.33,0.413,0.742,103,132,13,3,0,3,0
76,Jackie Bradley Jr.,33,KCR,AL,43,113,105,10,14,5,0,1,6,0,0,5,29,0.133,0.188,0.21,0.397,10,22,3,2,1,0,0
77,Matt Brash,25,SEA,AL,1,0,0,0,0,0,0,0,0,0,0,0,0,0,0,0,0,0,0,0,0,0,0,0
78,Alex Bregman,29,HOU,AL,98,436,381,58,96,13,2,16,63,3,0,52,53,0.252,0.344,0.423,0.767,113,161,12,2,0,1,1
79,Will Brennan,25,CLE,AL,87,274,261,24,68,15,0,5,26,6,3,9,38,0.261,0.292,0.375,0.667,86,98,2,3,0,1,1
80,Jonah Bride,27,OAK,AL,22,65,53,5,10,1,0,0,4,0,0,7,13,0.189,0.313,0.208,0.52,55,11,1,3,1,1,0
81,Mike Brosseau,29,MIL,NL,29,78,73,4,15,2,0,4,8,0,0,4,20,0.205,0.256,0.397,0.654,76,29,2,1,0,0,0
82,Seth Brown,30,OAK,AL,56,202,182,20,36,6,0,10,28,2,1,19,60,0.198,0.277,0.396,0.673,91,72,4,1,0,0,0
83,Vidal Bruján#,25,TBR,AL,24,58,54,10,11,2,0,0,5,2,1,2,14,0.204,0.246,0.241,0.486,38,13,1,1,1,0,0
84,Kris Bryant,31,COL,NL,65,275,243,27,61,7,0,8,23,0,0,26,48,0.251,0.338,0.379,0.717,86,92,4,6,0,0,0
85,J.B. Bukauskas,26,TOT,MLB,1,0,0,0,0,0,0,0,0,0,0,0,0,0,0,0,0,0,0,0,0,0,0,0
86,J.B. Bukauskas,26,SEA,AL,1,0,0,0,0,0,0,0,0,0,0,0,0,0,0,0,0,0,0,0,0,0,0,0
87,Aaron Bummer,29,CHW,AL,1,0,0,0,0,0,0,0,0,0,0,0,0,0,0,0,0,0,0,0,0,0,0,0
88,Peyton Burdick,26,MIA,NL,14,37,33,4,6,2,0,1,2,1,0,3,18,0.182,0.27,0.333,0.604,65,11,0,1,0,0,0
89,Jake Burger,27,CHW,AL,81,295,271,39,59,15,1,21,47,1,1,17,96,0.218,0.275,0.513,0.787,111,139,3,5,0,2,0
90,Alec Burleson,24,STL,NL,67,218,198,22,47,10,1,6,21,0,1,13,23,0.237,0.29,0.389,0.679,84,77,9,2,1,1,0
91,Michael Busch,25,LAD,NL,15,51,45,6,9,3,0,0,4,1,0,6,16,0.2,0.294,0.267,0.561,53,12,0,0,0,0,0
92,Byron Buxton,29,MIN,AL,80,328,287,46,56,12,1,17,40,9,0,34,104,0.195,0.284,0.422,0.705,92,121,3,3,0,4,1
93,José Caballero,26,SEA,AL,63,198,162,23,37,6,1,3,21,16,2,23,43,0.228,0.354,0.333,0.687,97,54,0,10,0,3,0
94,Trey Cabbage,26,LAA,AL,7,19,19,2,5,2,0,1,3,0,0,0,7,0.263,0.263,0.526,0.789,109,10,1,0,0,0,0
95,Génesis Cabrera,26,STL,NL,2,0,0,0,0,0,0,0,0,0,0,0,0,0,0,0,0,0,0,0,0,0,0,0
96,Miguel Cabrera,40,DET,AL,56,202,177,11,44,10,0,1,15,0,0,23,40,0.249,0.332,0.322,0.654,85,57,8,0,0,2,0
97,Oswaldo Cabrera#,24,NYY,AL,80,215,195,26,40,8,0,4,22,6,0,15,46,0.205,0.266,0.308,0.574,60,60,6,2,1,2,1
98,Willie Calhoun,28,NYY,AL,44,149,134,16,32,7,0,5,16,0,0,14,20,0.239,0.309,0.403,0.712,97,54,2,0,0,1,1
99,Alex Call,28,WSN,NL,77,301,263,32,56,10,1,6,29,9,4,30,55,0.213,0.306,0.327,0.633,79,86,0,6,0,2,0
100,Luis Campusano,24,SDP,NL,11,37,36,6,10,1,0,2,6,0,0,0,6,0.278,0.27,0.472,0.742,104,17,2,0,0,1,0
101,Jeimer Candelario#,29,WSN,NL,91,386,343,51,88,27,2,15,47,5,1,31,81,0.257,0.334,0.478,0.812,126,164,9,10,0,2,1
102,Mark Canha,34,NYM,NL,82,277,236,27,57,14,1,6,28,7,0,28,48,0.242,0.339,0.386,0.725,102,91,8,9,0,4,0
103,Yennier Cano,29,BAL,AL,1,0,0,0,0,0,0,0,0,0,0,0,0,0,0,0,0,0,0,0,0,0,0,0
104,Dominic Canzone,25,ARI,NL,8,18,17,2,2,0,0,1,4,0,0,1,6,0.118,0.167,0.294,0.461,24,5,0,0,0,0,0
105,Conner Capel,26,OAK,AL,32,86,73,6,19,5,0,0,3,5,3,12,25,0.26,0.372,0.329,0.701,105,24,1,1,0,0,0
106,Victor Caratini#,29,MIL,NL,38,140,121,14,29,0,0,5,18,1,0,15,31,0.24,0.336,0.364,0.699,92,44,5,3,0,1,0
107,Dylan Carlson#,24,STL,NL,62,212,181,25,42,6,1,5,21,3,0,23,44,0.232,0.34,0.359,0.699,92,65,3,7,0,1,0
108,Kerry Carpenter,25,DET,AL,55,199,181,23,47,8,1,11,29,0,0,15,47,0.26,0.322,0.497,0.819,125,90,1,2,0,1,0
109,Matt Carpenter,37,SDP,NL,64,203,166,15,28,11,0,4,27,1,0,31,59,0.169,0.297,0.307,0.604,71,51,2,1,0,4,0
110,Corbin Carroll,22,ARI,NL,94,384,338,71,95,20,4,20,52,29,3,35,77,0.281,0.36,0.541,0.901,145,183,3,7,3,1,1
111,Curt Casali,34,CIN,NL,40,96,80,8,14,2,0,0,6,0,0,11,23,0.175,0.29,0.2,0.49,34,16,1,2,3,0,0
112,Triston Casas,23,BOS,AL,86,318,271,42,66,14,2,14,35,0,0,45,82,0.244,0.349,0.465,0.814,117,126,6,0,0,2,0
113,Nick Castellanos,31,PHI,NL,96,409,381,52,108,26,1,14,58,6,2,24,107,0.283,0.325,0.467,0.792,115,178,6,1,0,3,0
114,Harold Castro,29,COL,NL,72,209,200,19,53,10,0,1,23,0,0,6,49,0.265,0.284,0.33,0.614,59,66,4,0,1,2,0
115,Miguel Castro,28,ARI,NL,1,0,0,0,0,0,0,0,0,0,0,0,0,0,0,0,0,0,0,0,0,0,0,0
116,Rodolfo Castro#,24,PIT,NL,78,224,197,19,45,7,0,6,22,1,4,21,62,0.228,0.317,0.355,0.672,84,70,4,5,0,1,1
117,Willi Castro#,26,MIN,AL,83,249,222,35,54,9,1,5,20,22,4,17,65,0.243,0.319,0.36,0.679,89,80,1,8,1,1,0
118,Jake Cave,30,PHI,NL,22,75,67,3,15,4,0,1,9,3,0,7,17,0.224,0.293,0.328,0.622,71,22,2,0,0,1,0
119,Andrew Chafin,33,ARI,NL,3,0,0,0,0,0,0,0,0,0,0,0,0,0,0,0,0,0,0,0,0,0,0,0
120,Yu Chang,27,BOS,AL,27,77,73,9,12,2,0,5,15,1,0,2,23,0.164,0.197,0.397,0.595,54,29,2,1,1,0,0
121,Aroldis Chapman,35,TOT,AL,1,0,0,0,0,0,0,0,0,0,0,0,0,0,0,0,0,0,0,0,0,0,0,0
122,Aroldis Chapman,35,KCR,AL,1,0,0,0,0,0,0,0,0,0,0,0,0,0,0,0,0,0,0,0,0,0,0,0
123,Matt Chapman,30,TOR,AL,96,402,351,52,92,30,1,12,42,3,2,45,109,0.262,0.351,0.456,0.807,125,160,3,4,0,2,1
124,Michael Chavis,27,WSN,NL,27,56,53,8,14,2,0,1,4,0,0,3,18,0.264,0.304,0.358,0.662,86,19,1,0,0,0,0
125,Jazz Chisholm Jr.,25,MIA,NL,45,183,167,20,41,4,1,9,21,14,2,12,57,0.246,0.302,0.443,0.745,102,74,1,2,1,1,0
126,Ji Man Choi,32,PIT,NL,18,62,59,7,11,2,0,5,9,0,0,2,22,0.186,0.21,0.475,0.684,79,28,1,0,0,1,0
127,Kody Clemens,27,PHI,NL,47,148,139,15,32,7,0,4,13,0,0,8,40,0.23,0.277,0.367,0.644,76,51,1,1,0,0,0
128,Ernie Clement,27,TOR,AL,11,9,7,3,3,0,0,0,2,1,0,1,1,0.429,0.444,0.429,0.873,148,3,0,0,0,1,0
129,Oscar Colás,24,CHW,AL,37,123,114,12,23,4,0,1,9,2,2,5,34,0.202,0.238,0.263,0.501,39,30,1,1,1,2,0
130,Michael Conforto,30,SFG,NL,85,335,291,43,70,9,0,13,51,4,0,36,78,0.241,0.331,0.405,0.737,102,118,8,5,0,3,1
131,William Contreras,25,MIL,NL,79,329,293,42,80,18,1,10,37,1,0,31,65,0.273,0.35,0.444,0.793,116,130,12,4,0,1,0
132,Willson Contreras,31,STL,NL,85,345,299,36,73,22,0,11,40,5,2,34,79,0.244,0.339,0.428,0.767,109,128,11,10,0,2,0
133,Garrett Cooper,32,MIA,NL,77,308,290,27,76,11,1,12,44,0,0,16,90,0.262,0.302,0.431,0.733,99,125,9,1,0,1,0
134,Franchy Cordero,28,NYY,AL,24,71,69,9,13,2,0,6,13,0,0,2,25,0.188,0.211,0.478,0.69,84,33,0,0,0,0,0
135,Carlos Correa,28,MIN,AL,88,380,341,37,79,21,2,12,43,0,0,36,85,0.232,0.308,0.411,0.718,97,140,19,2,0,1,1
136,Danny Coulombe,33,BAL,AL,2,0,0,0,0,0,0,0,0,0,0,0,0,0,0,0,0,0,0,0,0,0,0,0
137,Colton Cowser,23,BAL,AL,13,42,32,9,4,0,0,0,3,0,0,7,7,0.125,0.31,0.125,0.435,30,4,1,2,0,1,0
138,Brandon Crawford,36,SFG,NL,64,222,198,22,41,10,0,5,26,3,0,20,57,0.207,0.285,0.333,0.618,70,66,5,2,1,1,1
139,J.P. Crawford,28,SEA,AL,92,388,329,51,86,21,0,8,35,1,0,55,74,0.261,0.368,0.398,0.766,118,131,5,1,2,1,1
140,Kutter Crawford,27,BOS,AL,1,0,0,1,0,0,0,0,0,0,0,0,0,0,0,0,0,0,0,0,0,0,0,0
141,C.J. Cron,33,COL,NL,53,211,196,31,50,11,0,11,31,0,0,12,45,0.255,0.299,0.48,0.778,97,94,10,1,0,2,0
142,Jake Cronenworth,29,SDP,NL,97,404,347,40,73,15,6,8,38,4,1,42,79,0.21,0.306,0.357,0.663,86,124,8,8,1,5,2
143,Nelson Cruz,42,SDP,NL,49,152,143,9,35,5,1,5,23,1,0,6,46,0.245,0.283,0.399,0.681,89,57,2,2,0,1,1
144,Oneil Cruz,24,PIT,NL,9,40,32,7,8,1,0,1,4,3,0,7,8,0.25,0.375,0.375,0.75,106,12,0,0,0,1,0
145,Charlie Culberson,34,ATL,NL,1,1,1,0,1,0,0,0,0,0,0,0,0,1,1,1,2,439,1,0,0,0,0,0
146,Travis d'Arnaud,34,ATL,NL,39,155,140,19,36,5,0,8,23,0,0,14,36,0.257,0.329,0.464,0.793,109,65,2,1,0,0,0
147,David Dahl,29,SDP,NL,4,9,9,1,1,0,0,1,1,0,0,0,2,0.111,0.111,0.444,0.556,46,4,0,0,0,0,0
148,Bobby Dalbec,28,BOS,AL,10,14,12,1,2,0,0,0,0,1,0,2,8,0.167,0.286,0.167,0.452,27,2,0,0,0,0,0
149,Henry Davis,23,PIT,NL,28,114,98,16,28,4,0,4,11,3,2,13,21,0.286,0.386,0.449,0.835,128,44,2,3,0,0,1
150,J.D. Davis,30,SFG,NL,91,350,305,40,81,14,1,12,49,1,0,35,97,0.266,0.344,0.436,0.78,113,133,11,4,0,5,0
151,Jonathan Davis,31,MIA,NL,34,104,90,22,22,4,1,2,10,1,2,7,29,0.244,0.307,0.378,0.685,88,34,1,2,2,2,0
152,Yonathan Daza,29,COL,NL,24,80,74,8,20,6,0,0,7,1,0,3,13,0.27,0.304,0.351,0.655,70,26,5,1,1,1,0
153,Bryan De La Cruz,26,MIA,NL,96,397,365,43,101,21,0,12,53,3,1,27,94,0.277,0.322,0.433,0.755,106,158,12,0,0,5,0
154,Elly De La Cruz#,21,CIN,NL,39,170,157,31,43,9,2,4,16,17,4,11,54,0.274,0.324,0.433,0.757,99,68,4,1,0,1,1
155,Paul DeJong,29,STL,NL,73,281,256,35,60,10,0,13,32,4,4,19,83,0.234,0.299,0.426,0.725,96,109,8,5,0,1,0
156,Jason Delay,28,PIT,NL,50,118,104,11,27,7,1,1,10,0,0,9,30,0.26,0.328,0.375,0.703,92,39,3,2,2,1,0
157,Jonny Deluca,24,LAD,NL,22,39,36,5,9,1,0,2,6,1,0,3,7,0.25,0.308,0.444,0.752,99,16,0,0,0,0,0
158,Rafael Devers,26,BOS,AL,93,400,359,54,94,22,0,23,73,2,1,33,80,0.262,0.33,0.515,0.845,123,185,8,5,0,3,4
159,Aledmys Díaz,32,OAK,AL,72,239,219,16,46,11,0,2,16,1,0,11,46,0.21,0.261,0.288,0.548,58,63,10,5,1,3,1
160,Alexis Díaz,26,CIN,NL,2,0,0,0,0,0,0,0,0,0,0,0,0,0,0,0,0,0,0,0,0,0,0,0
161,Elias Díaz,32,COL,NL,87,329,299,29,81,15,1,10,46,0,0,24,70,0.271,0.325,0.428,0.753,94,128,8,2,0,4,0
162,Isan Díaz,27,SFG,NL,2,8,8,0,0,0,0,0,0,0,0,0,4,0,0,0,0,-100,0,0,0,0,0,0
163,Jordan Diaz,22,OAK,AL,39,123,115,10,28,2,0,6,14,0,1,5,28,0.243,0.285,0.417,0.702,99,48,3,2,0,1,0
164,Yainer Diaz,24,HOU,AL,57,206,195,23,51,12,0,10,23,0,0,6,40,0.262,0.282,0.477,0.758,106,93,9,1,0,4,0
165,Yandy Díaz,31,TBR,AL,84,367,320,59,101,19,0,13,45,0,1,42,62,0.316,0.401,0.497,0.897,151,159,11,4,0,1,0
166,Corey Dickerson,34,WSN,NL,42,132,125,8,31,6,0,2,17,0,1,6,24,0.248,0.28,0.344,0.624,75,43,3,0,0,1,0
167,Brandon Dixon,31,SDP,NL,33,86,79,10,16,4,0,2,9,1,0,1,31,0.203,0.244,0.329,0.573,60,26,1,4,0,2,0
168,Josh Donaldson,37,NYY,AL,33,120,106,13,15,1,0,10,15,0,0,12,32,0.142,0.225,0.434,0.659,78,46,2,0,0,2,0
169,Brendan Donovan,26,STL,NL,88,341,297,42,85,9,1,11,34,4,1,33,51,0.286,0.374,0.434,0.808,121,129,3,9,1,1,2
170,Camilo Doval,25,SFG,NL,2,0,0,0,0,0,0,0,0,0,0,0,0,0,0,0,0,0,0,0,0,0,0,0
171,Jeter Downs,24,WSN,NL,1,2,1,0,0,0,0,0,0,0,0,1,1,0,0.5,0,0.5,59,0,0,0,0,0,0
172,Brenton Doyle,25,COL,NL,65,211,190,27,38,6,1,6,24,14,3,15,75,0.2,0.262,0.337,0.599,54,64,3,2,1,3,0
173,Hunter Dozier,31,KCR,AL,29,91,82,8,15,2,1,2,9,2,0,8,29,0.183,0.253,0.305,0.558,54,25,0,0,0,1,0
174,Brandon Drury,30,LAA,AL,75,307,282,36,78,17,2,14,45,0,2,16,80,0.277,0.322,0.5,0.822,121,141,9,5,0,4,0
175,Daniel Duarte,26,CIN,NL,1,0,0,0,0,0,0,0,0,0,0,0,0,0,0,0,0,0,0,0,0,0,0,0
176,Mauricio Dubón,28,HOU,AL,80,336,322,52,87,18,2,4,26,6,1,10,45,0.27,0.295,0.376,0.67,86,121,9,2,0,2,0
177,Matt Duffy,32,KCR,AL,50,128,117,11,32,6,0,1,8,0,0,7,25,0.274,0.328,0.35,0.679,89,41,2,3,0,1,0
178,Ezequiel Duran,24,TEX,AL,76,283,265,39,78,16,1,13,37,4,3,13,77,0.294,0.336,0.509,0.845,128,135,4,4,0,1,1
179,Jarren Duran,26,BOS,AL,78,278,254,37,80,29,2,6,34,19,1,20,71,0.315,0.367,0.516,0.883,134,131,2,2,0,2,1
180,Adam Duvall,34,BOS,AL,38,149,132,21,33,11,1,7,25,3,0,10,47,0.25,0.315,0.508,0.823,116,67,0,4,0,3,1
181,Nate Eaton,26,KCR,AL,28,56,53,2,4,0,0,0,1,3,0,2,21,0.075,0.125,0.075,0.2,-42,4,0,1,0,0,0
182,Tommy Edman#,28,STL,NL,84,307,274,44,65,15,3,7,29,14,1,24,50,0.237,0.303,0.391,0.693,89,107,7,3,3,3,1
183,Xavier Edwards#,23,MIA,NL,9,22,21,4,8,1,0,0,2,1,0,0,4,0.381,0.381,0.429,0.81,123,9,1,0,1,0,0
184,Drew Ellis,27,PHI,NL,12,29,23,4,5,0,0,2,4,0,1,6,7,0.217,0.379,0.478,0.858,135,11,0,0,0,0,0
185,Christian Encarnacion-Strand,23,CIN,NL,6,20,20,4,5,0,0,1,4,0,0,0,2,0.25,0.25,0.4,0.65,69,8,0,0,0,0,0
186,Adam Engel,31,SDP,NL,5,6,6,0,0,0,0,0,0,0,1,0,2,0,0,0,0,-100,0,0,0,0,0,0
187,Eduardo Escobar#,34,TOT,MLB,57,181,167,24,40,3,3,4,21,2,0,11,40,0.24,0.283,0.365,0.649,78,61,5,0,1,2,0
188,Eduardo Escobar#,34,NYM,NL,40,120,110,15,26,3,2,4,16,2,0,8,24,0.236,0.286,0.409,0.695,91,45,4,0,1,1,0
189,Eduardo Escobar#,34,LAA,AL,17,61,57,9,14,0,1,0,5,0,0,3,16,0.246,0.279,0.281,0.559,55,16,1,0,0,1,0
190,Santiago Espinal,28,TOR,AL,51,146,130,21,29,7,0,1,12,2,1,13,18,0.223,0.303,0.3,0.603,71,39,4,2,1,0,0
191,Thairo Estrada,27,SFG,NL,70,315,290,46,79,18,1,9,31,18,4,15,77,0.272,0.327,0.434,0.761,108,126,6,9,0,1,1
192,Stuart Fairchild,27,CIN,NL,66,186,156,26,37,12,1,4,22,9,2,20,52,0.237,0.339,0.404,0.743,96,63,1,5,3,2,0
193,Kyle Farmer,32,MIN,AL,70,221,201,30,50,8,2,6,21,1,0,13,58,0.249,0.312,0.398,0.71,96,80,5,6,0,1,0
194,Caleb Ferguson,26,LAD,NL,2,0,0,0,0,0,0,0,0,0,0,0,0,0,0,0,0,0,0,0,0,0,0,0
195,Freddy Fermin,28,KCR,AL,39,121,112,13,32,5,1,4,20,0,0,8,26,0.286,0.333,0.455,0.789,116,51,1,0,1,0,0
196,José Fermín,24,STL,NL,5,13,11,1,1,0,0,0,0,0,0,1,1,0.091,0.167,0.091,0.258,-26,1,0,0,1,0,0
197,David Fletcher,29,LAA,AL,19,49,47,3,10,1,0,1,8,0,0,2,6,0.213,0.245,0.298,0.543,48,14,2,0,0,0,0
198,Dominic Fletcher,25,ARI,NL,28,102,93,10,28,5,1,2,14,0,2,7,22,0.301,0.35,0.441,0.791,117,41,0,0,2,0,1
199,Wilmer Flores,31,SFG,NL,70,233,209,29,61,13,0,12,31,0,0,20,35,0.292,0.352,0.526,0.878,138,110,4,1,0,3,0
200,Estevan Florial,25,NYY,AL,1,0,0,0,0,0,0,0,0,0,0,0,0,0,0,0,0,0,0,0,0,0,0,0
201,Mike Ford,30,SEA,AL,39,119,109,18,28,5,0,10,21,0,0,7,39,0.257,0.311,0.578,0.889,145,63,2,2,0,1,0
202,Nick Fortes,26,MIA,NL,71,215,200,20,41,3,0,4,19,3,2,12,42,0.205,0.252,0.28,0.532,47,56,9,1,1,1,0
203,Jake Fraley,28,CIN,NL,82,290,253,37,68,12,0,14,58,16,4,32,50,0.269,0.359,0.482,0.841,121,122,4,4,0,1,2
204,Ty France,28,SEA,AL,95,407,366,56,91,24,0,7,38,1,0,21,75,0.249,0.322,0.372,0.693,97,136,15,19,0,1,0
205,Wander Franco#,22,TBR,AL,95,415,374,51,101,23,4,11,47,28,10,34,58,0.27,0.333,0.441,0.774,115,165,13,3,0,4,3
206,Adam Frazier,31,BAL,AL,91,316,284,42,67,12,1,12,45,7,3,24,35,0.236,0.301,0.412,0.713,98,117,3,3,3,1,0
207,Clint Frazier,28,CHW,AL,33,76,66,10,13,1,1,0,3,4,2,10,23,0.197,0.303,0.242,0.545,54,16,0,0,0,0,0
208,Freddie Freeman,33,LAD,NL,97,447,387,84,127,35,2,20,70,12,1,48,78,0.328,0.409,0.584,0.993,163,226,5,8,0,4,7
209,Tyler Freeman,24,CLE,AL,33,80,73,12,22,6,0,0,4,3,0,4,12,0.301,0.342,0.384,0.725,104,28,2,1,1,1,0
210,Sal Frelick,23,MIL,NL,1,4,3,1,3,0,0,0,2,0,0,0,0,1,0.75,1,1.75,375,3,0,0,0,1,0
211,TJ Friedl,27,CIN,NL,77,310,273,36,79,15,3,7,33,16,2,26,58,0.289,0.359,0.443,0.802,112,121,0,4,6,1,1
212,David Fry,27,CLE,AL,34,67,62,7,18,3,0,2,10,2,0,4,20,0.29,0.343,0.435,0.779,117,27,2,1,0,0,0
213,Michael Fulmer,30,CHC,NL,2,1,1,0,0,0,0,0,0,0,0,0,1,0,0,0,0,-100,0,0,0,0,0,0
214,Cam Gallagher,30,CLE,AL,40,108,103,5,14,5,0,0,6,0,0,3,32,0.136,0.167,0.184,0.351,-1,19,1,1,0,1,0
215,Joey Gallo,29,MIN,AL,76,254,217,30,39,8,1,17,31,0,0,35,105,0.18,0.299,0.461,0.76,107,100,2,2,0,0,1
216,Adolis García,30,TEX,AL,98,424,373,74,97,22,0,24,80,6,0,40,105,0.26,0.335,0.512,0.847,129,191,7,5,0,6,0
217,Avisaíl García,32,MIA,NL,22,76,69,6,13,1,0,3,8,1,0,3,23,0.188,0.243,0.333,0.577,57,23,0,2,0,0,0
218,Luis García,23,WSN,NL,89,370,342,42,91,12,4,5,41,7,4,20,44,0.266,0.301,0.368,0.669,88,126,8,0,1,7,0
219,Maikel Garcia,23,KCR,AL,66,269,242,27,67,13,1,3,28,14,2,20,60,0.277,0.328,0.376,0.704,95,91,4,1,1,5,0
220,Kyle Garlick,31,MIN,AL,14,30,28,2,5,1,0,2,4,0,0,2,11,0.179,0.233,0.429,0.662,78,12,0,0,0,0,0
221,Stone Garrett,27,WSN,NL,64,189,169,26,44,10,0,6,24,3,1,14,60,0.26,0.324,0.426,0.751,109,72,4,3,0,2,0
222,Mitch Garver,32,TEX,AL,30,112,101,13,24,5,0,4,17,0,0,11,33,0.238,0.313,0.406,0.718,96,41,1,0,0,0,0
223,Zack Gelof,23,OAK,AL,8,33,29,6,8,3,1,1,3,2,1,4,9,0.276,0.364,0.552,0.915,158,16,0,0,0,0,0
224,Ian Gibaut,29,CIN,NL,1,0,0,0,0,0,0,0,0,0,0,0,0,0,0,0,0,0,0,0,0,0,0,0
225,Kyle Gibson,35,BAL,AL,1,0,0,0,0,0,0,0,0,0,0,0,0,0,0,0,0,0,0,0,0,0,0,0
226,Logan Gillaspie,26,BAL,AL,1,0,0,0,0,0,0,0,0,0,0,0,0,0,0,0,0,0,0,0,0,0,0,0
227,Andrés Giménez,24,CLE,AL,93,372,332,42,81,14,4,8,37,15,3,20,63,0.244,0.314,0.383,0.697,95,127,6,15,3,2,2
228,Kevin Ginkel,29,ARI,NL,1,0,0,0,0,0,0,0,0,0,0,0,0,0,0,0,0,0,0,0,0,0,0,0
229,Paul Goldschmidt,35,STL,NL,96,434,378,61,107,21,0,16,50,8,2,52,94,0.283,0.371,0.466,0.837,128,176,10,2,0,2,3
230,Yan Gomes,35,CHC,NL,64,229,209,29,55,4,2,8,33,1,0,11,45,0.263,0.306,0.416,0.722,93,87,2,4,0,5,1
231,Nick Gonzales,24,PIT,NL,24,89,82,10,20,6,1,2,12,0,1,3,25,0.244,0.292,0.415,0.707,90,34,0,3,0,1,0
232,Oscar Gonzalez,25,CLE,AL,25,75,73,5,14,2,1,1,5,0,0,2,15,0.192,0.213,0.288,0.501,39,21,0,0,0,0,0
233,Romy Gonzalez,26,CHW,AL,44,97,93,11,18,4,2,3,14,7,0,2,36,0.194,0.208,0.376,0.585,57,35,0,0,1,1,0
234,Victor González,27,LAD,NL,2,0,0,0,0,0,0,0,0,0,0,0,0,0,0,0,0,0,0,0,0,0,0,0
235,Nick Gordon,27,MIN,AL,34,93,91,13,16,5,1,2,7,0,0,1,11,0.176,0.185,0.319,0.503,36,29,1,0,1,0,0
236,Nolan Gorman,23,STL,NL,90,345,305,43,74,15,0,20,62,5,2,37,106,0.243,0.325,0.489,0.813,119,149,3,1,0,2,1
237,Yasmani Grandal#,34,CHW,AL,81,286,258,24,66,12,0,8,29,0,0,24,64,0.256,0.325,0.395,0.721,98,102,6,3,0,1,0
238,Brusdar Graterol,24,LAD,NL,1,0,0,0,0,0,0,0,0,0,0,0,0,0,0,0,0,0,0,0,0,0,0,0
239,Jon Gray,31,TEX,AL,1,0,0,0,0,0,0,0,0,0,0,0,0,0,0,0,0,0,0,0,0,0,0,0
240,Riley Greene,22,DET,AL,63,267,241,35,72,10,3,7,22,6,0,25,75,0.299,0.367,0.452,0.819,128,109,4,1,0,0,0
241,Randal Grichuk,31,COL,NL,57,233,211,34,63,18,1,5,23,1,2,17,48,0.299,0.361,0.464,0.825,112,98,6,4,0,1,2
242,Trent Grisham,26,SDP,NL,95,361,307,44,66,24,1,10,32,10,3,48,102,0.215,0.326,0.397,0.723,103,122,4,3,1,1,0
243,Vaughn Grissom,22,ATL,NL,19,70,65,5,18,2,0,0,7,0,1,2,13,0.277,0.314,0.308,0.622,68,20,1,2,0,1,0
244,Robbie Grossman#,33,TEX,AL,72,272,238,37,53,12,0,7,35,0,0,26,66,0.223,0.298,0.361,0.659,81,86,4,2,0,6,0
245,Vladimir Guerrero Jr.,24,TOR,AL,96,418,372,48,101,21,0,16,62,4,2,35,66,0.272,0.342,0.457,0.799,122,170,14,7,0,4,1
246,Luis Guillorme,28,NYM,NL,50,114,101,12,24,6,1,1,9,0,0,10,28,0.238,0.304,0.347,0.65,81,35,3,0,2,1,1
247,Lourdes Gurriel Jr.,29,ARI,NL,87,361,335,40,86,22,2,15,56,2,0,21,61,0.257,0.307,0.469,0.776,111,157,12,4,0,1,0
248,Yuli Gurriel,39,MIA,NL,63,237,212,22,56,11,3,3,18,4,0,21,26,0.264,0.329,0.387,0.716,97,82,9,1,0,3,2
249,Dalton Guthrie,27,PHI,NL,23,28,24,4,4,1,0,0,0,0,0,3,7,0.167,0.286,0.208,0.494,40,5,0,1,0,0,0
250,Eric Haase,30,DET,AL,73,248,233,19,47,8,1,3,23,3,1,14,68,0.202,0.246,0.283,0.529,48,66,8,0,0,1,1
251,Josh Hader,29,SDP,NL,1,0,0,0,0,0,0,0,0,0,0,0,0,0,0,0,0,0,0,0,0,0,0,0
252,Sam Haggerty#,29,SEA,AL,24,48,42,6,8,2,0,0,2,4,1,6,11,0.19,0.292,0.238,0.53,53,10,0,0,0,0,0
253,Darick Hall,27,PHI,NL,18,56,54,2,9,1,0,1,3,0,0,2,18,0.167,0.196,0.241,0.437,20,13,2,0,0,0,0
254,Billy Hamilton,32,CHW,AL,3,2,2,2,0,0,0,0,0,2,0,0,1,0,0,0,0,-100,0,0,0,0,0,0
255,Caleb Hamilton,28,BOS,AL,4,6,5,0,0,0,0,0,0,0,0,1,5,0,0.167,0,0.167,-49,0,0,0,0,0,0
256,David Hamilton,25,BOS,AL,13,34,29,2,4,2,0,0,0,2,1,5,10,0.138,0.265,0.207,0.472,30,6,1,0,0,0,0
257,Garrett Hampson,28,MIA,NL,62,148,130,20,33,9,0,1,10,3,0,12,40,0.254,0.331,0.346,0.677,87,45,1,3,3,0,0
258,Mitch Haniger,32,SFG,NL,40,160,148,20,34,9,0,4,22,1,0,9,42,0.23,0.281,0.372,0.653,78,55,2,2,0,1,0
259,Ian Happ#,28,CHC,NL,96,415,341,41,84,20,2,8,42,8,2,68,102,0.246,0.373,0.387,0.761,107,132,7,3,0,3,2
260,Bryce Harper,30,PHI,NL,65,281,241,38,70,16,0,4,26,6,2,37,64,0.29,0.384,0.407,0.791,119,98,5,1,0,2,4
261,Michael Harris II,22,ATL,NL,75,279,256,36,69,13,2,9,28,12,2,18,55,0.27,0.323,0.441,0.764,102,113,6,3,0,2,0
262,Josh Harrison,35,PHI,NL,38,106,96,8,21,3,0,2,10,0,0,3,20,0.219,0.274,0.313,0.586,61,30,2,5,0,2,0
263,Adam Haseley,27,CHW,AL,28,39,36,6,8,2,0,0,2,1,0,3,8,0.222,0.282,0.278,0.56,56,10,1,0,0,0,0
264,Ke'Bryan Hayes,26,PIT,NL,75,307,290,34,73,16,5,5,32,9,5,16,62,0.252,0.29,0.393,0.683,84,114,9,0,0,1,0
265,Austin Hays,27,BAL,AL,87,345,321,47,95,24,2,9,38,2,1,19,83,0.296,0.333,0.467,0.801,122,150,4,1,0,4,0
266,Taylor Hearn,28,TEX,AL,1,0,0,0,0,0,0,0,0,0,0,0,0,0,0,0,0,0,0,0,0,0,0,0
267,Austin Hedges,30,PIT,NL,62,180,156,12,27,5,0,1,14,1,0,10,38,0.173,0.224,0.224,0.448,23,35,6,1,9,3,0
268,Jonah Heim#,28,TEX,AL,86,344,316,47,89,22,0,14,67,2,0,25,59,0.282,0.334,0.484,0.818,122,153,7,1,0,2,2
269,Tyler Heineman#,32,TOT,MLB,12,30,25,2,6,1,0,0,0,1,0,5,6,0.24,0.367,0.28,0.647,85,7,0,0,0,0,0
270,Tyler Heineman#,32,PIT,NL,3,10,9,1,1,0,0,0,0,1,0,1,1,0.111,0.2,0.111,0.311,-11,1,0,0,0,0,0
271,Tyler Heineman#,32,TOR,AL,9,20,16,1,5,1,0,0,0,0,0,4,5,0.313,0.45,0.375,0.825,137,6,0,0,0,0,0
272,Ryan Helsley,28,STL,NL,1,0,0,0,0,0,0,0,0,0,0,0,0,0,0,0,0,0,0,0,0,0,0,0
273,Gunnar Henderson,22,BAL,AL,88,344,300,51,73,12,5,15,41,5,2,41,98,0.243,0.337,0.467,0.804,123,140,5,2,0,1,1
274,David Hensley,27,HOU,AL,29,93,83,12,10,1,0,1,3,1,0,10,34,0.12,0.215,0.169,0.384,10,14,0,0,0,0,0
275,Enrique Hernández,31,BOS,AL,85,319,293,38,64,11,0,6,31,3,1,22,67,0.218,0.276,0.317,0.593,59,93,11,2,0,2,0
276,Teoscar Hernández,30,SEA,AL,98,408,376,44,93,17,2,16,55,5,2,24,127,0.247,0.299,0.431,0.73,104,162,5,5,0,3,1
277,Yonny Hernández#,25,LAD,NL,10,21,17,5,3,1,0,0,4,0,0,1,7,0.176,0.25,0.235,0.485,32,4,0,1,1,1,0
278,Iván Herrera,23,STL,NL,7,22,19,3,7,1,0,0,2,0,0,2,7,0.368,0.455,0.421,0.876,143,8,0,1,0,0,0
279,Jose Herrera#,26,ARI,NL,21,68,55,11,14,4,0,0,6,1,0,8,19,0.255,0.344,0.327,0.671,88,18,2,0,4,1,0
280,Jason Heyward,33,LAD,NL,77,228,191,38,47,13,0,9,25,2,1,28,45,0.246,0.347,0.455,0.802,113,87,5,3,0,3,0
281,Aaron Hicks#,33,TOT,AL,68,223,195,33,46,6,1,7,25,3,0,27,54,0.236,0.327,0.385,0.712,99,75,0,0,0,1,0
282,Aaron Hicks#,33,NYY,AL,28,76,69,9,13,2,0,1,5,0,0,7,20,0.188,0.263,0.261,0.524,47,18,0,0,0,0,0
283,Aaron Hicks#,33,BAL,AL,40,147,126,24,33,4,1,6,20,3,0,20,34,0.262,0.361,0.452,0.813,127,57,0,0,0,1,0
284,Kyle Higashioka,33,NYY,AL,61,165,154,14,35,8,0,5,24,0,0,8,46,0.227,0.262,0.377,0.639,75,58,1,0,1,2,0
285,Derek Hill,27,WSN,NL,13,50,47,3,8,1,0,0,1,1,0,3,11,0.17,0.22,0.191,0.411,18,9,0,0,0,0,0
286,Sam Hilliard,29,ATL,NL,40,78,72,15,17,5,0,3,6,4,0,6,33,0.236,0.295,0.431,0.725,91,31,1,0,0,0,0
287,Nico Hoerner,26,CHC,NL,90,415,381,54,104,16,4,6,54,22,3,26,53,0.273,0.328,0.383,0.711,92,146,6,6,0,2,0
288,TJ Hopkins,26,CIN,NL,14,25,24,4,4,0,0,0,1,1,0,1,7,0.167,0.2,0.167,0.367,-1,4,0,0,0,0,0
289,Spencer Horwitz,25,TOR,AL,3,10,8,1,2,0,0,0,1,0,0,2,3,0.25,0.4,0.25,0.65,90,2,0,0,0,0,0
290,Eric Hosmer,33,CHC,NL,31,100,94,7,22,3,0,2,14,0,0,6,25,0.234,0.28,0.33,0.61,65,31,5,0,0,0,0
291,Sam Huff,25,TEX,AL,8,14,12,0,2,0,0,0,1,0,0,2,5,0.167,0.286,0.167,0.452,30,2,1,0,0,0,0
292,Cooper Hummel#,28,SEA,AL,10,26,23,2,2,1,0,0,0,1,0,2,9,0.087,0.192,0.13,0.323,-5,3,1,1,0,0,0
293,Tommy Hunter,36,NYM,NL,2,0,0,0,0,0,0,0,0,0,0,0,0,0,0,0,0,0,0,0,0,0,0,0
294,Andy Ibáñez,30,DET,AL,66,222,212,27,50,15,1,6,18,0,0,9,40,0.236,0.27,0.401,0.671,85,85,5,1,0,0,0
295,Jonathan India,26,CIN,NL,99,437,379,68,96,19,0,14,51,12,2,38,87,0.253,0.339,0.414,0.753,99,157,12,14,0,6,0
296,Kyle Isbel,26,KCR,AL,45,160,152,15,31,13,1,2,12,3,1,7,33,0.204,0.244,0.342,0.586,60,52,2,1,0,0,0
297,Drey Jameson,25,ARI,NL,1,0,0,0,0,0,0,0,0,0,0,0,0,0,0,0,0,0,0,0,0,0,0,0
298,Travis Jankowski,32,TEX,AL,61,180,154,26,50,9,1,1,21,14,1,22,25,0.325,0.413,0.416,0.829,130,64,2,2,1,1,0
299,Danny Jansen,28,TOR,AL,61,215,198,26,45,11,0,12,41,0,0,15,46,0.227,0.288,0.465,0.753,107,92,3,2,0,0,1
300,Kenley Jansen#,35,BOS,AL,1,0,0,0,0,0,0,0,0,0,0,0,0,0,0,0,0,0,0,0,0,0,0,0
301,Ryan Jeffers,26,MIN,AL,56,175,146,23,38,8,1,5,14,1,1,18,51,0.26,0.368,0.432,0.8,122,63,4,7,4,0,0
302,Eloy Jiménez,26,CHW,AL,65,271,253,31,70,12,0,12,41,0,0,17,61,0.277,0.321,0.466,0.787,114,118,10,0,0,1,1
303,Joe Jiménez,28,ATL,NL,1,0,0,0,0,0,0,0,0,0,0,0,0,0,0,0,0,0,0,0,0,0,0,0
304,Connor Joe,30,PIT,NL,86,285,251,38,61,19,3,7,25,3,5,28,78,0.243,0.333,0.426,0.76,106,107,3,6,0,0,0
305,Bryce Johnson#,27,SFG,NL,30,48,43,7,7,1,0,1,3,3,0,4,15,0.163,0.229,0.256,0.485,34,11,0,0,0,1,0
306,Pierce Johnson,32,COL,NL,1,0,0,0,0,0,0,0,0,0,0,0,0,0,0,0,0,0,0,0,0,0,0,0
307,Jahmai Jones,25,MIL,NL,5,7,6,2,2,1,0,0,3,1,0,1,1,0.333,0.429,0.5,0.929,154,3,0,0,0,0,0
308,Nolan Jones,25,COL,NL,43,158,141,20,39,8,0,8,20,5,1,16,55,0.277,0.354,0.504,0.858,119,71,1,1,0,0,1
309,Aaron Judge,31,NYY,AL,49,213,175,42,51,10,0,19,40,3,1,35,63,0.291,0.404,0.674,1.078,193,118,3,0,0,3,4
310,Edouard Julien,24,MIN,AL,51,183,158,27,49,11,0,9,16,2,0,21,58,0.31,0.39,0.551,0.941,158,87,2,1,1,2,0
311,Corey Julks,27,HOU,AL,77,286,266,35,70,13,0,6,30,15,3,19,66,0.263,0.311,0.38,0.691,92,101,5,0,0,1,0
312,Josh Jung,25,TEX,AL,96,408,377,62,103,21,1,19,58,1,3,27,117,0.273,0.326,0.485,0.811,120,183,5,3,0,1,0
313,Jakob Junis,30,SFG,NL,1,0,0,0,0,0,0,0,0,0,0,0,0,0,0,0,0,0,0,0,0,0,0,0
314,Connor Kaiser,26,COL,NL,3,4,4,0,0,0,0,0,0,0,0,0,2,0,0,0,0,-100,0,0,0,0,0,0
315,Anthony Kay,28,CHC,NL,2,0,0,0,0,0,0,0,0,0,0,0,0,0,0,0,0,0,0,0,0,0,0,0
316,Jarred Kelenic,23,SEA,AL,90,362,326,43,82,24,2,11,45,12,4,33,118,0.252,0.32,0.439,0.759,113,143,6,1,0,2,3
317,Carson Kelly,28,ARI,NL,18,60,57,3,10,1,0,1,5,0,0,2,18,0.175,0.2,0.246,0.446,23,14,1,0,0,1,0
318,Tony Kemp,31,OAK,AL,80,286,248,31,52,8,3,3,19,11,1,28,28,0.21,0.301,0.302,0.604,75,75,7,5,4,1,0
319,Max Kepler,30,MIN,AL,73,263,237,33,52,7,0,14,36,0,1,20,58,0.219,0.285,0.426,0.711,94,101,6,3,0,3,0
320,Grae Kessinger,25,HOU,AL,11,28,23,2,6,1,0,1,1,0,1,5,5,0.261,0.393,0.435,0.828,131,10,0,0,0,0,0
321,Kevin Kiermaier,33,TOR,AL,82,263,237,37,64,12,5,5,22,11,0,20,54,0.27,0.332,0.426,0.758,112,101,7,3,1,2,0
322,Ha-Seong Kim,27,SDP,NL,94,364,313,51,84,14,0,12,34,18,4,42,79,0.268,0.357,0.428,0.785,120,134,4,3,3,3,0
323,Isiah Kiner-Falefa,28,NYY,AL,76,225,204,29,51,7,1,5,24,9,4,17,37,0.25,0.308,0.368,0.676,88,75,8,1,1,2,0
324,John King,28,TEX,AL,1,0,0,0,0,0,0,0,0,0,0,0,0,0,0,0,0,0,0,0,0,0,0,0
325,Alex Kirilloff,25,MIN,AL,64,235,204,22,57,11,1,8,31,0,0,24,60,0.279,0.37,0.461,0.831,129,94,0,6,0,1,1
326,Alejandro Kirk,24,TOR,AL,73,245,218,16,55,5,0,4,24,0,0,21,28,0.252,0.331,0.33,0.661,87,72,11,5,0,1,1
327,Andrew Knizner,28,STL,NL,37,122,117,17,26,6,0,5,17,1,0,4,35,0.222,0.248,0.402,0.65,74,47,1,0,1,0,0
328,Taylor Kohlwey,28,SDP,NL,3,8,8,0,2,0,0,0,0,0,0,0,3,0.25,0.25,0.25,0.5,42,2,0,0,0,0,0
329,Mark Kolozsvary,27,BAL,AL,1,0,0,0,0,0,0,0,0,0,0,0,0,0,0,0,0,0,0,0,0,0,0,0
330,Ryan Kreidler,25,DET,AL,11,18,18,2,2,0,0,0,0,0,0,0,7,0.111,0.111,0.111,0.222,-37,2,0,0,0,0,0
331,Steven Kwan,25,CLE,AL,97,441,392,66,105,25,2,3,32,15,2,42,49,0.268,0.341,0.365,0.706,99,143,6,3,1,3,2
332,Tommy La Stella,34,SEA,AL,12,24,21,2,4,1,0,0,2,0,0,3,5,0.19,0.292,0.238,0.53,53,5,0,0,0,0,0
333,Jake Lamb,32,LAA,AL,18,54,51,7,11,1,0,2,5,0,0,3,15,0.216,0.259,0.353,0.612,66,18,1,0,0,0,0
334,Shea Langeliers,25,OAK,AL,86,319,291,33,59,13,2,10,33,1,2,22,95,0.203,0.267,0.364,0.632,80,106,8,4,1,1,2
335,Trevor Larnach,26,MIN,AL,47,177,152,21,32,5,2,6,31,1,1,23,61,0.211,0.311,0.388,0.699,93,59,1,0,0,2,1
336,Ramón Laureano,28,OAK,AL,56,219,202,21,43,9,3,5,17,8,0,13,68,0.213,0.274,0.361,0.635,81,73,3,4,0,0,0
337,Mark Leiter Jr.,32,CHC,NL,1,0,0,0,0,0,0,0,0,0,0,0,0,0,0,0,0,0,0,0,0,0,0,0
338,DJ LeMahieu,34,NYY,AL,84,336,306,32,71,15,2,8,28,0,2,26,76,0.232,0.295,0.373,0.667,85,114,7,2,0,2,2
339,Sandy León#,34,TEX,AL,21,44,41,4,6,2,0,0,4,0,0,1,20,0.146,0.186,0.195,0.381,6,8,2,1,1,0,0
340,Josh Lester,28,BAL,AL,11,23,22,0,4,0,0,0,4,0,0,1,7,0.182,0.217,0.182,0.399,14,4,1,0,0,0,0
341,Kyle Lewis,27,ARI,NL,11,35,33,1,6,1,0,1,2,0,0,2,11,0.182,0.229,0.303,0.532,46,10,0,0,0,0,0
342,Royce Lewis,24,MIN,AL,26,99,95,11,31,2,0,4,15,1,0,3,28,0.326,0.354,0.474,0.827,127,45,1,1,0,0,0
343,Francisco Lindor#,29,NYM,NL,98,421,367,58,83,21,2,19,61,15,1,42,94,0.226,0.314,0.45,0.763,110,165,6,7,0,5,0
344,Tim Locastro,30,NYM,NL,11,10,7,3,0,0,0,0,0,4,0,0,2,0,0.3,0,0.3,-5,0,0,3,0,0,0
345,Evan Longoria,37,ARI,NL,52,170,152,24,36,8,0,11,22,0,0,16,54,0.237,0.306,0.507,0.812,120,77,5,0,0,2,0
346,Nicky Lopez,28,KCR,AL,63,176,148,17,31,5,3,0,12,3,2,20,30,0.209,0.324,0.284,0.607,71,42,3,5,3,0,0
347,Brandon Lowe,28,TBR,AL,64,249,216,29,45,10,1,10,32,4,0,31,71,0.208,0.309,0.403,0.712,98,87,5,1,0,1,0
348,Josh Lowe,25,TBR,AL,82,301,280,40,76,18,1,13,51,21,2,19,82,0.271,0.316,0.482,0.798,120,135,3,0,0,2,0
349,Nathaniel Lowe,27,TEX,AL,98,444,385,64,109,27,2,11,52,0,0,53,93,0.283,0.372,0.449,0.821,125,173,11,3,0,3,2
350,Nathan Lukes,28,TOR,AL,25,25,21,4,4,1,1,0,2,0,0,3,8,0.19,0.28,0.333,0.613,72,7,0,0,0,1,0
351,Jordan Luplow,29,TOR,AL,5,11,9,1,2,0,0,0,1,0,0,2,5,0.222,0.364,0.222,0.586,71,2,0,0,0,0,0
352,Manny Machado,30,SDP,NL,83,361,330,49,85,13,0,19,57,3,1,27,63,0.258,0.313,0.47,0.783,117,155,13,1,0,3,0
353,Nick Madrigal,26,CHC,NL,53,167,151,23,42,8,1,1,17,7,2,7,16,0.278,0.335,0.364,0.7,90,55,3,6,3,0,0
354,Bligh Madris,27,HOU,AL,11,27,23,3,3,1,0,0,0,0,0,4,6,0.13,0.259,0.174,0.433,25,4,0,0,0,0,0
355,Drew Maggi,34,PIT,NL,3,6,6,1,2,1,0,0,1,0,0,0,1,0.333,0.333,0.5,0.833,124,3,0,0,0,0,0
356,Luke Maile,32,CIN,NL,43,106,99,10,23,7,0,4,13,1,0,6,29,0.232,0.283,0.424,0.707,84,42,5,1,0,0,0
357,Martín Maldonado,36,HOU,AL,73,257,227,18,37,7,0,7,17,0,0,19,81,0.163,0.237,0.286,0.523,45,65,8,3,8,0,0
358,Trey Mancini,31,CHC,NL,74,251,224,31,53,11,0,4,26,0,0,20,75,0.237,0.301,0.339,0.64,74,76,5,2,0,3,1
359,Tucupita Marcano,23,PIT,NL,74,217,199,16,46,12,2,3,18,5,2,10,34,0.231,0.276,0.357,0.632,71,71,2,3,3,2,0
360,Manuel Margot,28,TBR,AL,75,247,225,32,57,14,1,3,26,7,3,16,41,0.253,0.308,0.364,0.672,88,82,6,3,0,3,0
361,Jake Marisnick,32,TOT,MLB,46,83,76,10,18,3,2,2,10,2,3,3,21,0.237,0.28,0.408,0.688,89,31,4,2,1,1,0
362,Jake Marisnick,32,TOT,AL,42,77,71,10,16,3,2,2,10,2,2,3,21,0.225,0.263,0.408,0.672,84,29,4,1,1,1,0
363,Jake Marisnick,32,CHW,AL,9,2,2,1,0,0,0,0,0,0,0,0,1,0,0,0,0,-100,0,0,0,0,0,0
364,Jake Marisnick,32,DET,AL,33,75,69,9,16,3,2,2,10,2,2,3,20,0.232,0.27,0.42,0.691,90,29,4,1,1,1,0
365,Jake Marisnick,32,LAD,NL,4,6,5,0,2,0,0,0,0,0,1,0,0,0.4,0.5,0.4,0.9,147,2,0,1,0,0,0
366,Cade Marlowe,26,SEA,AL,2,5,4,0,0,0,0,0,0,0,0,1,2,0,0.2,0,0.2,-36,0,0,0,0,0,0
367,Brandon Marsh,25,PHI,NL,89,323,282,34,78,18,5,7,36,6,1,36,101,0.277,0.357,0.45,0.807,121,127,3,1,1,3,2
368,Ketel Marte#,29,ARI,NL,92,403,356,67,102,18,6,17,55,6,2,39,68,0.287,0.362,0.514,0.876,139,183,11,5,0,3,1
369,Starling Marte,34,NYM,NL,84,333,307,38,78,7,1,5,28,24,4,16,66,0.254,0.308,0.332,0.64,79,102,8,8,2,0,1
370,J.D. Martinez,35,LAD,NL,80,348,315,47,83,20,2,24,73,1,0,24,107,0.263,0.313,0.568,0.881,130,179,7,2,0,7,1
371,Seth Martinez,28,HOU,AL,1,0,0,0,0,0,0,0,0,0,0,0,0,0,0,0,0,0,0,0,0,0,0,0
372,Michael Massey,25,KCR,AL,73,247,226,18,47,7,1,6,27,3,1,15,66,0.208,0.263,0.327,0.591,63,74,0,3,0,3,0
373,Miles Mastrobuoni,27,CHC,NL,38,98,85,12,18,3,0,1,3,8,0,11,24,0.212,0.302,0.282,0.584,60,24,1,0,2,0,0
374,Jorge Mateo,28,BAL,AL,82,261,237,39,51,12,1,6,31,23,3,16,64,0.215,0.265,0.35,0.615,71,83,5,1,3,3,0
375,Mark Mathias,28,PIT,NL,22,62,52,5,12,2,0,0,4,3,0,10,11,0.231,0.355,0.269,0.624,75,14,3,0,0,0,0
376,Nick Maton,26,DET,AL,79,260,219,25,36,7,0,7,27,0,2,36,64,0.164,0.288,0.292,0.581,64,64,4,3,0,2,1
377,Phil Maton,30,HOU,AL,3,0,0,0,0,0,0,0,0,0,0,0,0,0,0,0,0,0,0,0,0,0,0,0
378,Luis Matos,21,SFG,NL,31,111,101,13,26,3,1,1,8,3,0,8,11,0.257,0.318,0.337,0.655,81,34,1,1,1,0,0
379,Tim Mayza,31,TOR,AL,2,0,0,0,0,0,0,0,0,0,0,0,0,0,0,0,0,0,0,0,0,0,0,0
380,James McCann,33,BAL,AL,38,122,113,11,22,7,0,3,10,1,0,3,26,0.195,0.227,0.336,0.563,56,38,3,2,3,1,0
381,Jake McCarthy,25,ARI,NL,68,235,207,31,52,5,5,2,13,22,3,21,49,0.251,0.33,0.353,0.683,90,73,4,4,2,1,0
382,Chas McCormick,28,HOU,AL,59,232,202,30,57,10,1,12,35,11,1,23,61,0.282,0.372,0.52,0.892,145,105,1,6,1,0,0
383,Andrew McCutchen,36,PIT,NL,79,334,278,40,74,12,0,10,28,9,3,50,68,0.266,0.377,0.417,0.795,117,116,5,2,0,4,1
384,Scott McGough,33,ARI,NL,1,0,0,0,0,0,0,0,0,0,0,0,0,0,0,0,0,0,0,0,0,0,0,0
385,Reese McGuire,28,BOS,AL,40,116,105,11,28,9,0,0,11,0,1,7,32,0.267,0.313,0.352,0.665,79,37,1,0,2,0,0
386,Ryan McKenna,26,BAL,AL,62,89,79,16,20,5,0,2,11,1,0,5,26,0.253,0.315,0.392,0.707,98,31,3,3,0,2,0
387,Billy McKinney,28,NYY,AL,31,91,83,12,21,3,1,5,11,1,0,7,22,0.253,0.319,0.494,0.813,122,41,1,1,0,0,0
388,Zach McKinstry,28,DET,AL,90,314,278,41,69,12,2,7,23,12,1,30,64,0.248,0.324,0.381,0.705,97,106,1,2,2,2,0
389,Matt McLain,23,CIN,NL,58,268,242,45,73,17,4,10,35,8,3,20,72,0.302,0.369,0.529,0.898,135,128,4,6,0,0,0
390,Ryan McMahon,28,COL,NL,95,394,349,51,89,20,3,15,46,5,3,43,124,0.255,0.338,0.458,0.796,104,160,12,1,0,1,1
391,Jeff McNeil,31,NYM,NL,97,395,351,41,87,15,1,3,30,5,0,28,46,0.248,0.323,0.322,0.645,81,113,5,12,2,2,0
392,Austin Meadows,28,DET,AL,6,21,21,0,5,1,0,0,2,0,0,0,3,0.238,0.238,0.286,0.524,46,6,0,0,0,0,0
393,Francisco Mejía#,27,TBR,AL,50,160,150,22,34,11,0,5,19,0,1,6,38,0.227,0.258,0.4,0.658,81,60,2,1,1,2,0
394,MJ Melendez,24,KCR,AL,93,381,339,37,72,20,2,7,33,5,2,36,111,0.212,0.291,0.345,0.636,76,117,3,3,0,3,1
395,Danny Mendick,29,NYM,NL,4,7,7,0,0,0,0,0,0,0,0,0,1,0,0,0,0,-100,0,0,0,0,0,0
396,Joey Meneses,31,WSN,NL,91,393,367,36,102,22,1,6,50,0,0,24,80,0.278,0.321,0.392,0.713,100,144,10,0,0,2,0
397,Óscar Mercado,28,STL,NL,20,32,31,3,9,3,0,0,5,2,1,1,4,0.29,0.313,0.387,0.7,91,12,0,0,0,0,0
398,Whit Merrifield,34,TOR,AL,90,358,327,41,95,17,0,6,42,20,8,25,63,0.291,0.344,0.398,0.741,108,130,10,3,0,3,0
399,Julian Merryweather,31,CHC,NL,1,0,0,0,0,0,0,0,0,0,0,0,0,0,0,0,0,0,0,0,0,0,0,0
400,Matt Mervis,25,CHC,NL,27,99,90,8,15,2,0,3,11,0,0,8,32,0.167,0.242,0.289,0.531,43,26,1,1,0,0,0
401,Jake Meyers,27,HOU,AL,76,255,227,31,51,12,1,7,23,5,1,23,66,0.225,0.306,0.379,0.685,90,86,2,4,0,1,0
402,Brad Miller,33,TEX,AL,24,58,49,5,10,3,0,1,6,0,0,8,9,0.204,0.31,0.327,0.637,76,16,1,0,0,1,0
403,Owen Miller,26,MIL,NL,81,295,274,29,74,17,0,5,26,12,2,16,56,0.27,0.312,0.387,0.699,91,106,6,2,0,3,1
404,Shelby Miller,32,LAD,NL,1,1,1,0,0,0,0,0,0,0,0,0,0,0,0,0,0,-100,0,0,0,0,0,0
405,Jose Miranda,25,MIN,AL,40,152,142,12,30,4,0,3,13,0,0,9,24,0.211,0.263,0.303,0.566,57,43,8,1,0,0,0
406,Calvin Mitchell,24,PIT,NL,2,5,4,0,0,0,0,0,0,0,0,1,1,0,0.2,0,0.2,-38,0,0,0,0,0,0
407,Garrett Mitchell,24,MIL,NL,16,62,58,9,15,1,1,3,6,1,0,4,24,0.259,0.306,0.466,0.772,108,27,0,0,0,0,0
408,Andruw Monasterio,26,MIL,NL,32,94,83,16,24,5,0,1,7,3,0,11,22,0.289,0.372,0.386,0.758,109,32,1,0,0,0,0
409,Yoán Moncada#,28,CHW,AL,38,147,138,17,32,8,1,3,13,1,0,7,39,0.232,0.279,0.37,0.648,78,51,2,2,0,0,0
410,Mickey Moniak,25,LAA,AL,46,173,165,25,55,13,1,11,34,3,1,5,53,0.333,0.364,0.624,0.988,164,103,1,3,0,0,0
411,Elehuris Montero,24,COL,NL,35,112,106,11,21,5,1,2,13,0,0,3,44,0.198,0.223,0.321,0.544,39,34,2,1,0,2,0
412,Rafael Montero,32,HOU,AL,1,0,0,0,0,0,0,0,0,0,0,0,0,0,0,0,0,0,0,0,0,0,0,0
413,Coco Montes,26,COL,NL,18,41,38,3,7,2,0,1,3,0,0,2,12,0.184,0.244,0.316,0.56,44,12,0,1,0,0,0
414,Dylan Moore,30,SEA,AL,18,40,36,5,4,2,0,2,4,1,1,4,18,0.111,0.2,0.333,0.533,48,12,0,0,0,0,0
415,Jovani Moran,26,MIN,AL,2,0,0,0,0,0,0,0,0,0,0,0,0,0,0,0,0,0,0,0,0,0,0,0
416,Christopher Morel,24,CHC,NL,57,232,209,38,56,8,1,15,43,3,1,19,73,0.268,0.329,0.531,0.86,128,111,5,1,1,2,0
417,Gabriel Moreno,23,ARI,NL,74,244,222,17,60,11,0,3,28,4,0,16,54,0.27,0.316,0.36,0.676,87,80,9,1,0,5,0
418,Taylor Motter,33,STL,NL,8,22,20,0,4,2,0,0,1,0,0,2,8,0.2,0.273,0.3,0.573,57,6,0,0,0,0,0
419,Ryan Mountcastle,26,BAL,AL,69,283,264,37,62,15,1,11,41,2,0,12,70,0.235,0.269,0.424,0.693,91,112,8,2,0,5,0
420,Mike Moustakas,34,TOT,MLB,65,207,181,29,46,7,0,9,28,0,0,20,56,0.254,0.333,0.442,0.775,103,80,4,3,0,3,1
421,Mike Moustakas,34,COL,NL,47,136,115,21,31,7,0,4,17,0,0,17,34,0.27,0.36,0.435,0.795,105,50,1,1,0,3,1
422,Mike Moustakas,34,LAA,AL,18,71,66,8,15,0,0,5,11,0,0,3,22,0.227,0.282,0.455,0.736,97,30,3,2,0,0,0
423,Cedric Mullins,28,BAL,AL,69,290,251,33,65,16,3,9,47,14,3,35,58,0.259,0.347,0.454,0.801,123,114,3,0,2,2,0
424,Max Muncy,32,LAD,NL,80,338,281,56,55,8,0,23,59,1,2,52,92,0.196,0.328,0.47,0.798,111,132,4,4,0,1,3
425,Andrés Muñoz,24,SEA,AL,1,0,0,0,0,0,0,0,0,0,0,0,0,0,0,0,0,0,0,0,0,0,0,0
426,Penn Murfee,29,SEA,AL,1,0,0,0,0,0,0,0,0,0,0,0,0,0,0,0,0,0,0,0,0,0,0,0
427,Sean Murphy,28,ATL,NL,73,297,256,45,73,18,0,17,57,0,0,31,71,0.285,0.38,0.555,0.935,146,142,11,9,0,1,0
428,Tom Murphy,32,SEA,AL,35,117,106,13,29,9,0,6,11,0,0,8,35,0.274,0.328,0.528,0.856,138,56,2,1,0,1,0
429,Dane Myers,27,MIA,NL,13,49,48,7,16,2,0,1,8,0,1,1,11,0.333,0.347,0.438,0.784,115,21,1,0,0,0,0
430,Wil Myers,32,CIN,NL,37,141,127,11,24,3,0,3,12,2,1,12,48,0.189,0.257,0.283,0.541,44,36,3,0,1,1,0
431,James Naile,30,STL,NL,1,0,0,0,0,0,0,0,0,0,0,0,0,0,0,0,0,0,0,0,0,0,0,0
432,Omar Narváez,31,NYM,NL,19,51,43,6,9,0,0,1,4,0,0,6,7,0.209,0.294,0.279,0.573,62,12,0,0,0,2,0
433,Bo Naylor,23,CLE,AL,20,73,68,9,13,3,0,2,8,0,0,5,22,0.191,0.247,0.324,0.57,59,22,1,0,0,0,0
434,Josh Naylor,26,CLE,AL,87,351,324,40,101,22,0,15,76,6,1,21,55,0.312,0.35,0.519,0.869,140,168,7,1,0,5,7
435,Hector Neris,34,HOU,AL,1,0,0,0,0,0,0,0,0,0,0,0,0,0,0,0,0,0,0,0,0,0,0,0
436,Zach Neto,22,LAA,AL,62,233,206,30,52,13,0,8,27,5,0,12,48,0.252,0.328,0.432,0.76,106,89,4,12,1,2,0
437,Tyler Nevin,26,DET,AL,22,56,49,3,6,0,0,1,5,0,0,5,12,0.122,0.214,0.184,0.398,13,9,1,1,0,1,0
438,Kevin Newman,29,CIN,NL,64,225,200,24,52,14,0,3,27,7,1,16,29,0.26,0.318,0.375,0.693,84,75,6,3,2,4,0
439,Tomás Nido,29,NYM,NL,22,61,56,5,7,0,0,0,1,0,0,2,18,0.125,0.153,0.125,0.278,-21,7,2,0,2,1,0
440,Brandon Nimmo,30,NYM,NL,96,435,373,57,97,16,4,15,46,3,1,49,99,0.26,0.357,0.445,0.802,123,166,2,9,1,3,0
441,Ryan Noda,27,OAK,AL,90,341,275,43,63,17,1,11,38,2,1,60,116,0.229,0.375,0.418,0.794,128,115,1,5,0,1,1
442,Austin Nola,33,SDP,NL,52,154,130,9,19,3,0,1,8,0,0,18,31,0.146,0.26,0.192,0.452,31,25,5,2,4,0,0
443,Lars Nootbaar,25,STL,NL,69,298,254,46,67,13,0,7,28,7,1,41,68,0.264,0.364,0.398,0.761,109,101,4,0,1,2,2
444,Ryan O'Hearn,29,BAL,AL,54,175,159,22,49,10,0,7,31,1,1,11,39,0.308,0.354,0.503,0.857,138,80,1,2,0,3,1
445,Logan O'Hoppe,23,LAA,AL,16,59,53,5,15,2,0,4,13,0,0,4,15,0.283,0.339,0.547,0.886,138,29,2,1,0,1,0
446,Tyler O'Neill,28,STL,NL,32,113,102,14,24,5,0,2,6,2,0,11,37,0.235,0.31,0.343,0.653,79,35,2,0,0,0,0
447,Rougned Odor,29,SDP,NL,59,157,138,21,29,10,0,4,18,2,1,17,37,0.21,0.306,0.37,0.675,89,51,2,2,0,0,0
448,Shohei Ohtani,28,LAA,AL,97,436,368,73,111,16,7,35,76,11,4,59,100,0.302,0.397,0.668,1.065,185,246,7,1,0,3,8
449,Chris Okey,28,LAA,AL,2,2,2,0,0,0,0,0,0,0,0,0,2,0,0,0,0,-100,0,0,0,0,0,0
450,Edward Olivares,27,KCR,AL,72,262,240,34,60,13,4,6,17,8,3,14,43,0.25,0.305,0.413,0.718,97,99,4,6,0,2,1
451,Matt Olson,29,ATL,NL,97,435,371,75,95,19,2,32,80,1,0,60,116,0.256,0.363,0.577,0.94,146,214,8,3,0,1,2
452,Joey Ortiz,24,BAL,AL,15,34,33,4,7,1,0,0,4,0,0,0,9,0.212,0.206,0.242,0.448,26,8,2,0,0,1,0
453,James Outman,26,LAD,NL,91,333,291,50,71,11,3,12,42,10,2,33,112,0.244,0.333,0.426,0.759,102,124,0,7,0,2,1
454,Chris Owings,31,PIT,NL,10,25,25,0,4,0,0,0,0,0,0,0,12,0.16,0.16,0.16,0.32,-12,4,1,0,0,0,0
455,Marcell Ozuna,32,ATL,NL,81,324,290,38,67,8,0,18,43,0,0,31,76,0.231,0.306,0.445,0.75,98,129,6,1,0,2,1
456,Cristian Pache,24,PHI,NL,32,53,49,8,16,7,0,2,8,1,0,3,12,0.327,0.365,0.592,0.957,158,29,1,0,1,0,0
457,Kevin Padlo,26,LAA,AL,3,8,8,1,1,1,0,0,0,0,0,0,0,0.125,0.125,0.25,0.375,-1,2,1,0,0,0,0
458,Josh Palacios,27,PIT,NL,42,111,105,9,24,7,1,1,13,2,0,4,16,0.229,0.264,0.343,0.606,64,36,5,1,1,0,0
459,Isaac Paredes,24,TBR,AL,88,330,284,45,74,15,0,18,59,1,0,34,59,0.261,0.361,0.504,0.864,140,143,4,11,0,1,0
460,Vinnie Pasquantino,25,KCR,AL,61,260,231,24,57,17,0,9,26,0,0,25,31,0.247,0.324,0.437,0.762,109,101,7,2,0,1,2
461,Joc Pederson,31,SFG,NL,64,237,196,37,47,8,2,9,34,0,0,34,53,0.24,0.363,0.439,0.802,120,86,7,5,0,2,2
462,Liover Peguero,22,PIT,NL,3,10,10,0,0,0,0,0,0,0,0,0,8,0,0,0,0,-100,0,0,0,0,0,0
463,Jeremy Peña,25,HOU,AL,88,371,343,46,81,16,1,10,33,9,6,19,82,0.236,0.289,0.376,0.665,84,129,4,7,0,1,1
464,David Peralta,35,LAD,NL,81,260,243,26,69,11,1,7,37,1,1,13,42,0.284,0.319,0.424,0.743,98,103,3,1,0,3,0
465,Oswald Peraza,23,NYY,AL,17,57,45,5,8,1,0,0,4,4,1,8,14,0.178,0.351,0.2,0.551,60,9,1,4,0,0,0
466,Geraldo Perdomo#,23,ARI,NL,81,300,246,43,68,15,1,5,36,11,2,41,46,0.276,0.384,0.407,0.79,119,100,1,3,8,2,1
467,Carlos Pérez,32,OAK,AL,47,140,125,12,29,4,0,5,17,0,0,11,27,0.232,0.293,0.384,0.677,93,48,1,1,0,3,0
468,Carlos Pérez,26,CHW,AL,11,14,13,0,2,1,0,0,1,0,0,1,4,0.154,0.214,0.231,0.445,23,3,1,0,0,0,0
469,Cionel Pérez,27,BAL,AL,2,0,0,0,0,0,0,0,0,0,0,0,0,0,0,0,0,0,0,0,0,0,0,0
470,Michael Perez,30,NYM,NL,2,7,7,1,4,1,0,0,0,0,0,0,1,0.571,0.571,0.714,1.286,257,5,0,0,0,0,0
471,Roberto Pérez,34,SFG,NL,5,17,15,0,2,0,0,0,1,0,0,2,6,0.133,0.235,0.133,0.369,6,2,0,0,0,0,0
472,Salvador Perez,33,KCR,AL,88,361,337,38,83,15,0,15,40,0,0,12,87,0.246,0.288,0.424,0.712,95,143,9,9,0,3,3
473,Blake Perkins#,26,MIL,NL,47,119,103,16,22,4,0,2,15,4,2,14,33,0.214,0.308,0.311,0.618,71,32,1,0,2,0,0
474,Jace Peterson,33,OAK,AL,87,307,266,28,58,7,2,6,27,11,1,34,72,0.218,0.31,0.327,0.638,84,87,6,3,1,3,1
475,Tommy Pham,35,NYM,NL,74,250,217,28,59,15,1,9,35,11,1,29,53,0.272,0.356,0.475,0.831,129,103,2,1,0,3,1
476,Brett Phillips,29,LAA,AL,19,16,13,3,1,0,0,0,2,3,0,3,8,0.077,0.25,0.077,0.327,-3,1,0,0,0,0,0
477,Kevin Pillar,34,ATL,NL,48,116,110,17,27,7,0,6,18,3,0,5,27,0.245,0.276,0.473,0.749,95,52,0,0,0,1,0
478,Manny Piña,36,OAK,AL,4,12,12,1,3,0,0,1,1,0,0,0,3,0.25,0.25,0.5,0.75,108,6,1,0,0,0,0
479,René Pinto,26,TBR,AL,1,2,2,0,0,0,0,0,0,0,0,0,1,0,0,0,0,-100,0,0,0,0,0,0
480,Nick Pivetta,30,BOS,AL,1,0,0,0,0,0,0,0,0,0,0,0,0,0,0,0,0,0,0,0,0,0,0,0
481,Jorge Polanco#,29,MIN,AL,30,127,120,11,30,9,0,5,16,1,0,7,29,0.25,0.291,0.45,0.741,102,54,1,0,0,0,0
482,AJ Pollock,35,SEA,AL,49,138,127,15,22,4,0,5,15,0,1,9,30,0.173,0.225,0.323,0.547,53,41,1,0,0,2,0
483,Nick Pratto,24,KCR,AL,74,287,249,31,61,15,0,7,31,1,1,29,105,0.245,0.334,0.39,0.724,101,97,3,6,0,3,0
484,Ryan Pressly,34,HOU,AL,1,0,0,0,0,0,0,0,0,0,0,0,0,0,0,0,0,0,0,0,0,0,0,0
485,Jurickson Profar#,30,COL,NL,86,380,334,41,80,20,2,7,34,1,0,37,71,0.24,0.319,0.374,0.694,79,125,8,4,0,4,0
486,Cole Ragans,25,TOT,AL,1,0,0,0,0,0,0,0,0,0,0,0,0,0,0,0,0,0,0,0,0,0,0,0
487,Cole Ragans,25,TEX,AL,1,0,0,0,0,0,0,0,0,0,0,0,0,0,0,0,0,0,0,0,0,0,0,0
488,Cal Raleigh#,26,SEA,AL,84,318,285,42,63,13,1,14,38,0,0,32,81,0.221,0.302,0.421,0.723,102,120,2,1,0,0,1
489,Luke Raley,28,TBR,AL,79,272,238,45,64,16,2,15,39,11,2,19,82,0.269,0.354,0.542,0.896,147,129,2,13,1,1,0
490,Harold Ramírez,28,TBR,AL,73,267,246,33,70,11,1,9,37,4,2,16,54,0.285,0.33,0.447,0.777,116,110,3,2,0,3,0
491,José Ramírez#,30,CLE,AL,94,421,370,61,109,25,4,14,55,12,4,44,41,0.295,0.366,0.497,0.863,140,184,7,1,0,6,12
492,Heliot Ramos,23,SFG,NL,9,27,26,1,5,2,0,0,1,0,0,1,8,0.192,0.222,0.269,0.491,35,7,1,0,0,0,0
493,Henry Ramos#,31,CIN,NL,18,73,62,8,15,2,1,0,4,2,1,10,15,0.242,0.356,0.306,0.663,79,19,2,1,0,0,0
494,J.T. Realmuto,32,PHI,NL,86,344,311,41,76,21,5,12,39,11,3,22,86,0.244,0.304,0.46,0.764,107,143,6,6,0,3,2
495,Rob Refsnyder,32,BOS,AL,61,177,145,22,39,6,1,1,25,7,1,24,36,0.269,0.389,0.345,0.733,100,50,4,5,1,1,0
496,Zach Remillard,29,CHW,AL,26,87,77,8,23,5,0,0,11,3,1,7,25,0.299,0.365,0.364,0.728,103,28,2,1,2,0,1
497,Anthony Rendon,33,LAA,AL,43,183,148,23,35,6,0,2,22,2,0,25,27,0.236,0.361,0.318,0.678,89,47,6,6,0,4,0
498,Hunter Renfroe,31,LAA,AL,91,374,342,45,83,22,0,15,42,0,0,28,81,0.243,0.302,0.439,0.741,100,150,13,2,0,2,0
499,Luis Rengifo#,26,LAA,AL,84,271,237,32,51,6,1,7,27,5,4,29,57,0.215,0.306,0.338,0.644,77,80,3,3,0,2,0
500,Franmil Reyes,27,KCR,AL,19,65,59,5,11,0,0,2,7,0,0,4,24,0.186,0.231,0.288,0.519,43,17,3,0,0,2,0
501,Pablo Reyes,29,BOS,AL,27,72,66,9,20,4,0,0,9,1,1,4,10,0.303,0.338,0.364,0.702,89,24,1,0,1,1,0
502,Bryan Reynolds#,28,PIT,NL,84,362,323,43,83,21,3,9,45,8,0,31,70,0.257,0.323,0.424,0.747,102,137,8,3,0,5,0
503,Matt Reynolds,32,CIN,NL,2,5,5,1,1,0,0,0,0,0,0,0,3,0.2,0.2,0.2,0.4,7,1,0,0,0,0,0
504,Austin Riley,26,ATL,NL,97,429,385,71,105,17,1,22,61,2,0,34,101,0.273,0.333,0.494,0.827,118,190,14,4,0,6,2
505,Edwin Rios,29,CHC,NL,18,34,28,3,2,1,0,1,2,0,0,5,16,0.071,0.235,0.214,0.45,23,6,0,1,0,0,0
506,Alfonso Rivas,26,SDP,NL,6,15,14,2,3,2,0,0,1,0,0,1,6,0.214,0.267,0.357,0.624,74,5,0,0,0,0,0
507,Emmanuel Rivera,27,ARI,NL,53,195,182,29,51,11,0,3,22,1,0,11,39,0.28,0.318,0.39,0.708,95,71,5,0,0,2,0
508,Anthony Rizzo,33,NYY,AL,91,386,340,41,83,13,0,11,39,0,3,34,87,0.244,0.332,0.379,0.711,98,129,9,11,0,1,1
509,Luis Robert Jr.,25,CHW,AL,97,409,373,66,102,25,0,28,57,11,2,21,118,0.273,0.327,0.566,0.892,140,211,8,9,0,1,4
510,Victor Robles,26,WSN,NL,36,126,107,15,32,5,1,0,8,8,1,11,18,0.299,0.385,0.364,0.75,113,39,3,4,4,0,0
511,Brayan Rocchio#,22,CLE,AL,4,14,14,0,3,0,0,0,1,0,0,0,1,0.214,0.214,0.214,0.429,21,3,2,0,0,0,0
512,Endy Rodríguez#,23,PIT,NL,5,17,16,2,3,1,0,1,1,0,0,1,9,0.188,0.235,0.438,0.673,78,7,0,0,0,0,0
513,José Rodriguez,22,CHW,AL,1,0,0,1,0,0,0,0,0,0,0,0,0,0,0,0,0,0,0,0,0,0,0,0
514,Julio Rodríguez,22,SEA,AL,95,431,392,55,96,18,1,14,51,22,5,33,112,0.245,0.313,0.403,0.716,102,158,11,6,0,0,1
515,Jake Rogers,28,DET,AL,63,207,182,26,38,8,0,11,28,0,1,22,71,0.209,0.296,0.434,0.73,101,79,1,1,1,1,0
516,Taylor Rogers,32,SFG,NL,1,0,0,0,0,0,0,0,0,0,0,0,0,0,0,0,0,0,0,0,0,0,0,0
517,Tyler Rogers,32,SFG,NL,1,0,0,0,0,0,0,0,0,0,0,0,0,0,0,0,0,0,0,0,0,0,0,0
518,Johan Rojas,22,PHI,NL,4,12,11,2,3,0,0,0,2,1,0,0,3,0.273,0.273,0.273,0.545,51,3,0,0,1,0,0
519,Josh Rojas,29,ARI,NL,57,210,183,23,43,13,0,0,26,6,0,18,49,0.235,0.301,0.306,0.607,69,56,2,1,2,4,0
520,Miguel Rojas,34,LAD,NL,70,244,221,28,50,11,0,0,11,7,1,18,30,0.226,0.287,0.276,0.563,53,61,4,2,0,3,0
521,Jordan Romano,30,TOR,AL,1,0,0,0,0,0,0,0,0,0,0,0,0,0,0,0,0,0,0,0,0,0,0,0
522,JoJo Romero,26,STL,NL,1,0,0,0,0,0,0,0,0,0,0,0,0,0,0,0,0,0,0,0,0,0,0,0
523,Brent Rooker,28,OAK,AL,83,319,276,33,66,13,1,16,44,2,0,33,101,0.239,0.332,0.467,0.8,127,129,10,7,0,3,1
524,Ben Rortvedt,25,NYY,AL,6,12,10,2,2,1,0,0,0,0,0,2,3,0.2,0.333,0.3,0.633,79,3,0,0,0,0,0
525,Amed Rosario,27,CLE,AL,91,403,376,49,98,17,5,3,40,9,0,22,76,0.261,0.303,0.356,0.659,85,134,10,2,0,3,0
526,Eddie Rosario,31,ATL,NL,85,313,291,39,73,15,2,15,44,1,3,21,78,0.251,0.3,0.471,0.771,102,137,7,0,0,1,1
527,Michael Rucker,29,CHC,NL,1,0,0,0,0,0,0,0,0,0,0,0,0,0,0,0,0,0,0,0,0,0,0,0
528,Darin Ruf,36,TOT,NL,20,57,49,3,11,3,0,0,3,0,0,8,16,0.224,0.333,0.286,0.619,73,14,0,0,0,0,0
529,Darin Ruf,36,SFG,NL,9,27,23,1,6,2,0,0,3,0,0,4,9,0.261,0.37,0.348,0.718,100,8,0,0,0,0,0
530,Darin Ruf,36,MIL,NL,11,30,26,2,5,1,0,0,0,0,0,4,7,0.192,0.3,0.231,0.531,49,6,0,0,0,0,0
531,Esteury Ruiz,24,OAK,AL,85,369,334,33,86,19,1,1,35,43,8,14,68,0.257,0.31,0.329,0.64,85,110,4,12,3,1,1
532,José Ruiz,28,TOT,MLB,1,0,0,0,0,0,0,0,0,0,0,0,0,0,0,0,0,0,0,0,0,0,0,0
533,José Ruiz,28,ARI,NL,1,0,0,0,0,0,0,0,0,0,0,0,0,0,0,0,0,0,0,0,0,0,0,0
534,Keibert Ruiz#,24,WSN,NL,80,333,307,29,75,14,0,11,37,1,1,20,31,0.244,0.3,0.397,0.698,95,122,11,5,0,1,0
535,Adley Rutschman#,25,BAL,AL,94,417,355,48,96,16,0,13,42,0,1,60,64,0.27,0.374,0.425,0.799,125,151,8,0,0,2,5
536,Blake Sabol,25,SFG,NL,74,247,225,29,57,8,0,11,35,2,2,16,85,0.253,0.309,0.436,0.744,102,98,4,3,1,2,0
537,César Salazar,27,HOU,AL,13,19,18,1,2,0,0,0,0,0,0,1,6,0.111,0.158,0.111,0.269,-23,2,1,0,0,0,0
538,Gary Sánchez,30,TOT,NL,45,158,141,20,27,4,0,9,24,0,0,14,38,0.191,0.266,0.411,0.677,87,58,2,1,0,2,0
539,Gary Sánchez,30,NYM,NL,3,7,6,0,1,0,0,0,1,0,0,0,3,0.167,0.143,0.167,0.31,-14,1,0,0,0,1,0
540,Gary Sánchez,30,SDP,NL,42,151,135,20,26,4,0,9,23,0,0,14,35,0.193,0.272,0.422,0.694,92,57,2,1,0,1,0
541,Jesús Sánchez,25,MIA,NL,69,225,207,26,54,16,0,10,35,3,0,17,61,0.261,0.32,0.483,0.803,117,100,8,1,0,0,0
542,Cole Sands,25,MIN,AL,1,0,0,0,0,0,0,0,0,0,0,0,0,0,0,0,0,0,0,0,0,0,0,0
543,Carlos Santana#,37,PIT,NL,90,375,329,41,75,23,0,9,46,6,0,43,68,0.228,0.315,0.38,0.695,89,125,3,0,0,3,0
544,Anthony Santander#,28,BAL,AL,94,403,358,51,95,25,1,17,54,3,1,38,91,0.265,0.34,0.483,0.823,128,173,5,4,0,3,1
545,Tony Santillan,26,CIN,NL,1,0,0,0,0,0,0,0,0,0,0,0,0,0,0,0,0,0,0,0,0,0,0,0
546,Tayler Saucedo,30,SEA,AL,2,0,0,0,0,0,0,0,0,0,0,0,0,0,0,0,0,0,0,0,0,0,0,0
547,Josh Sborz,29,TEX,AL,1,1,1,0,0,0,0,0,0,0,0,0,1,0,0,0,0,-100,0,0,0,0,0,0
548,Casey Schmitt,24,SFG,NL,59,194,181,20,39,10,0,2,22,2,1,9,45,0.215,0.263,0.304,0.567,56,55,6,3,0,1,0
549,Jonathan Schoop,31,DET,AL,55,151,136,15,29,8,0,0,7,0,0,13,37,0.213,0.278,0.272,0.55,56,37,6,0,0,2,0
550,John Schreiber,29,BOS,AL,1,0,0,0,0,0,0,0,0,0,0,0,0,0,0,0,0,0,0,0,0,0,0,0
551,Kyle Schwarber,30,PHI,NL,98,436,368,56,68,12,1,26,60,0,1,63,130,0.185,0.31,0.435,0.744,102,160,3,4,0,1,3
552,Tayler Scott,31,TOT,MLB,2,0,0,0,0,0,0,0,0,0,0,0,0,0,0,0,0,0,0,0,0,0,0,0
553,Tayler Scott,31,TOT,AL,1,0,0,0,0,0,0,0,0,0,0,0,0,0,0,0,0,0,0,0,0,0,0,0
554,Tayler Scott,31,LAD,NL,1,0,0,0,0,0,0,0,0,0,0,0,0,0,0,0,0,0,0,0,0,0,0,0
555,Tayler Scott,31,BOS,AL,1,0,0,0,0,0,0,0,0,0,0,0,0,0,0,0,0,0,0,0,0,0,0,0
556,Corey Seager,29,TEX,AL,66,298,263,47,92,29,0,15,58,1,1,30,52,0.35,0.413,0.631,1.044,182,166,4,1,0,4,2
557,Jean Segura,33,MIA,NL,79,303,278,23,62,5,2,2,19,6,2,22,45,0.223,0.285,0.277,0.562,56,77,12,2,1,0,1
558,Marcus Semien,32,TEX,AL,99,463,412,78,112,27,2,14,60,9,1,44,62,0.272,0.34,0.449,0.789,115,185,2,1,0,5,1
559,Nick Senzel,28,CIN,NL,67,232,206,30,48,8,0,7,34,5,2,23,50,0.233,0.31,0.374,0.684,81,77,5,1,0,2,0
560,Brian Serven,28,COL,NL,11,23,23,0,3,1,0,0,1,0,0,0,10,0.13,0.13,0.174,0.304,-22,4,0,0,0,0,0
561,Paul Sewald,33,SEA,AL,1,0,0,0,0,0,0,0,0,0,0,0,0,0,0,0,0,0,0,0,0,0,0,0
562,Gavin Sheets,27,CHW,AL,73,217,194,17,42,4,0,8,26,0,0,20,40,0.216,0.29,0.361,0.651,79,70,3,1,0,2,2
563,Braden Shewmake,25,ATL,NL,2,4,4,0,0,0,0,0,0,0,0,0,1,0,0,0,0,-100,0,0,0,0,0,0
564,Zack Short,28,DET,AL,62,150,135,10,27,4,0,4,20,1,0,14,38,0.2,0.273,0.319,0.592,65,43,1,0,0,1,0
565,Lucas Sims,29,CIN,NL,3,0,0,0,0,0,0,0,0,0,0,0,0,0,0,0,0,0,0,0,0,0,0,0
566,Jon Singleton,31,MIL,NL,11,32,29,3,3,1,0,0,2,0,0,3,11,0.103,0.188,0.138,0.325,-8,4,0,0,0,0,0
567,Jose Siri,27,TBR,AL,63,236,218,38,50,7,1,20,41,7,2,14,81,0.229,0.272,0.546,0.818,122,119,3,0,1,3,0
568,Austin Slater,30,SFG,NL,40,103,92,13,29,3,0,4,14,2,2,10,24,0.315,0.388,0.478,0.867,137,44,0,1,0,0,0
569,Dominic Smith,28,WSN,NL,94,378,342,37,92,12,1,5,25,0,0,29,57,0.269,0.336,0.354,0.69,95,121,10,6,0,1,0
570,Josh H. Smith,25,TEX,AL,54,134,110,21,23,4,0,3,6,1,0,14,37,0.209,0.341,0.327,0.668,86,36,2,8,2,0,0
571,Kevin Smith,26,OAK,AL,34,102,94,11,18,1,0,4,8,1,0,3,34,0.191,0.216,0.33,0.546,54,31,2,0,5,0,0
572,Pavin Smith,27,ARI,NL,61,217,184,26,35,5,0,7,30,1,1,32,43,0.19,0.31,0.332,0.642,78,61,2,0,0,0,0
573,Will Smith,28,LAD,NL,74,325,266,51,77,13,1,13,52,1,0,47,44,0.289,0.4,0.492,0.892,138,131,5,6,0,6,0
574,Canaan Smith-Njigba,24,PIT,NL,15,37,32,3,4,1,1,0,5,1,0,4,16,0.125,0.216,0.219,0.435,20,7,1,0,0,1,0
575,Tyler Soderstrom,21,OAK,AL,8,28,25,0,3,0,0,0,0,0,0,3,10,0.12,0.214,0.12,0.334,0,3,4,0,0,0,0
576,Nick Solak,28,TOT,MLB,2,0,0,1,0,0,0,0,0,0,0,0,0,0,0,0,0,0,0,0,0,0,0,0
577,Nick Solak,28,ATL,NL,1,0,0,1,0,0,0,0,0,0,0,0,0,0,0,0,0,0,0,0,0,0,0,0
578,Nick Solak,28,DET,AL,1,0,0,0,0,0,0,0,0,0,0,0,0,0,0,0,0,0,0,0,0,0,0,0
579,Donovan Solano,35,MIN,AL,87,279,239,25,65,20,0,4,22,0,0,33,61,0.272,0.376,0.406,0.782,118,97,5,7,0,0,1
580,Jorge Soler,31,MIA,NL,96,405,351,54,86,19,0,24,54,1,0,46,97,0.245,0.338,0.504,0.843,128,177,13,5,0,3,2
581,Edmundo Sosa,27,PHI,NL,69,198,188,22,47,10,1,6,20,2,2,4,45,0.25,0.276,0.41,0.685,86,77,6,3,1,1,0
582,Lenyn Sosa,23,CHW,AL,22,70,68,4,9,3,0,1,3,0,0,1,16,0.132,0.145,0.221,0.366,-1,15,0,0,1,0,0
583,Juan Soto,24,SDP,NL,99,438,340,58,91,24,0,19,60,6,3,93,87,0.268,0.422,0.506,0.928,161,172,7,1,0,4,8
584,Livan Soto,23,LAA,AL,4,12,9,2,2,0,0,0,0,0,0,3,2,0.222,0.417,0.222,0.639,84,2,0,0,0,0,0
585,George Springer,33,TOR,AL,95,418,379,54,101,14,1,13,41,13,4,34,71,0.266,0.333,0.412,0.744,108,156,13,4,0,1,0
586,Jacob Stallings,33,MIA,NL,49,159,137,13,27,6,0,1,10,0,0,15,40,0.197,0.287,0.263,0.549,53,36,3,3,2,2,0
587,Ryne Stanek,31,HOU,AL,1,0,0,0,0,0,0,0,0,0,0,0,0,0,0,0,0,0,0,0,0,0,0,0
588,Giancarlo Stanton,33,NYY,AL,49,199,180,22,36,7,0,13,33,0,0,17,47,0.2,0.276,0.456,0.732,99,82,4,2,0,0,3
589,Spencer Steer,25,CIN,NL,96,407,354,46,97,20,2,14,54,9,2,44,78,0.274,0.361,0.46,0.822,116,163,5,6,0,3,0
590,Michael Stefanic,27,LAA,AL,7,17,15,2,4,1,0,0,3,0,0,2,1,0.267,0.353,0.333,0.686,90,5,0,0,0,0,0
591,Tyler Stephenson,26,CIN,NL,93,365,323,44,80,14,1,7,37,0,1,37,97,0.248,0.332,0.362,0.694,85,117,9,4,0,1,1
592,Cal Stevenson,26,SFG,NL,6,12,9,1,0,0,0,0,0,0,0,3,2,0,0.25,0,0.25,-22,0,0,0,0,0,0
593,DJ Stewart,29,NYM,NL,9,17,13,2,3,0,0,1,2,1,0,3,4,0.231,0.353,0.462,0.814,125,6,0,0,0,1,0
594,Bryson Stott,25,PHI,NL,92,392,364,47,111,17,2,9,36,16,2,20,61,0.305,0.342,0.437,0.779,113,159,8,3,0,5,0
595,Kyle Stowers,25,BAL,AL,14,33,30,1,2,0,0,0,0,0,0,3,12,0.067,0.152,0.067,0.218,-35,2,1,0,0,0,0
596,Myles Straw,28,CLE,AL,96,360,322,39,78,15,3,0,17,12,3,32,75,0.242,0.311,0.307,0.618,75,99,9,1,3,2,0
597,Garrett Stubbs,30,PHI,NL,22,60,53,6,12,1,1,0,4,0,0,4,17,0.226,0.305,0.283,0.588,64,15,0,2,1,0,0
598,Eugenio Suárez,31,SEA,AL,98,414,352,41,80,16,0,14,58,1,1,43,119,0.227,0.324,0.392,0.716,102,138,6,11,0,8,0
599,Brett Sullivan,29,SDP,NL,21,49,47,4,8,3,0,1,5,0,0,1,13,0.17,0.184,0.298,0.482,33,14,0,0,0,1,0
600,Brent Suter,33,COL,NL,1,0,0,0,0,0,0,0,0,0,0,0,0,0,0,0,0,0,0,0,0,0,0,0
601,Jack Suwinski,24,PIT,NL,86,317,262,41,59,12,0,20,51,7,1,47,104,0.225,0.347,0.5,0.847,128,131,1,4,0,4,0
602,Seiya Suzuki,28,CHC,NL,80,340,299,34,79,14,2,8,33,3,5,35,87,0.264,0.341,0.405,0.746,101,121,6,2,0,4,1
603,Dansby Swanson,29,CHC,NL,84,372,329,42,86,16,2,10,37,4,1,40,85,0.261,0.347,0.413,0.76,105,136,5,3,0,0,0
604,Domingo Tapia,31,SDP,NL,1,0,0,0,0,0,0,0,0,0,0,0,0,0,0,0,0,0,0,0,0,0,0,0
605,Raimel Tapia,29,TOT,MLB,59,158,139,24,32,4,1,3,13,8,2,15,39,0.23,0.308,0.338,0.646,75,47,2,1,1,1,0
606,Raimel Tapia,29,BOS,AL,39,97,87,14,23,4,1,1,10,6,1,9,19,0.264,0.333,0.368,0.701,89,32,1,0,0,0,0
607,Raimel Tapia,29,MIL,NL,20,61,52,10,9,0,0,2,3,2,1,6,20,0.173,0.267,0.288,0.555,53,15,1,1,1,1,0
608,Fernando Tatis Jr.,24,SDP,NL,79,365,331,57,95,23,1,17,50,15,3,28,71,0.287,0.346,0.517,0.863,139,171,9,3,1,2,0
609,Mike Tauchman,32,CHC,NL,50,194,163,32,42,9,0,4,30,3,1,26,40,0.258,0.363,0.387,0.749,104,63,0,2,1,2,0
610,Leody Taveras#,24,TEX,AL,84,326,303,45,86,16,2,11,43,10,3,20,66,0.284,0.329,0.459,0.788,114,139,2,1,1,1,0
611,Chris Taylor,32,LAD,NL,65,201,183,29,38,7,1,12,31,7,0,15,68,0.208,0.274,0.454,0.727,91,83,2,2,0,1,1
612,Michael A. Taylor,32,MIN,AL,90,264,244,30,54,13,0,11,29,11,1,14,90,0.221,0.271,0.41,0.681,86,100,6,3,2,1,0
613,Samad Taylor,24,KCR,AL,13,41,33,3,5,0,0,0,3,2,0,6,11,0.152,0.275,0.152,0.427,24,5,1,0,1,1,0
614,Tyrone Taylor,29,MIL,NL,31,88,85,6,13,3,0,1,4,5,0,2,22,0.153,0.17,0.224,0.394,7,19,5,0,0,1,0
615,Rowdy Tellez,28,MIL,NL,79,288,258,23,55,7,1,12,36,0,0,27,69,0.213,0.285,0.388,0.672,82,100,9,0,0,3,2
616,Matt Thaiss,28,LAA,AL,70,227,191,27,46,6,0,6,23,2,0,31,58,0.241,0.357,0.366,0.723,100,70,4,4,0,1,1
617,Alek Thomas,23,ARI,NL,65,207,196,29,46,12,2,6,17,5,1,9,47,0.235,0.271,0.408,0.679,84,80,4,1,0,1,0
618,Cody Thomas,28,OAK,AL,10,25,22,1,7,2,0,1,2,0,0,3,8,0.318,0.4,0.545,0.945,169,12,0,0,0,0,0
619,Lane Thomas,27,WSN,NL,96,421,389,65,113,25,2,16,53,8,2,24,109,0.29,0.337,0.488,0.826,129,190,3,5,0,3,0
620,Bubba Thompson,25,TEX,AL,36,60,53,10,9,4,1,0,4,4,2,4,16,0.17,0.237,0.283,0.52,43,15,0,1,1,1,0
621,Trayce Thompson,32,LAD,NL,36,87,71,12,11,0,0,5,14,0,0,15,37,0.155,0.31,0.366,0.677,81,26,0,1,0,0,0
622,Michael Toglia#,24,COL,NL,14,39,35,6,6,1,0,1,1,0,1,4,12,0.171,0.256,0.286,0.542,41,10,1,0,0,0,0
623,Justin Topa,32,SEA,AL,1,0,0,0,0,0,0,0,0,0,0,0,0,0,0,0,0,0,0,0,0,0,0,0
624,Spencer Torkelson,23,DET,AL,96,413,367,48,83,21,1,14,52,2,0,39,100,0.226,0.303,0.403,0.706,96,148,7,3,0,4,1
625,Abraham Toro#,26,MIL,NL,5,9,8,1,4,0,0,1,5,0,0,0,3,0.5,0.556,0.875,1.431,284,7,0,1,0,0,0
626,Luis Torrens,27,CHC,NL,13,22,20,1,5,1,0,0,3,0,0,1,8,0.25,0.318,0.3,0.618,69,6,0,1,0,0,0
627,Gleyber Torres,26,NYY,AL,98,412,368,56,97,13,2,15,41,8,5,38,59,0.264,0.33,0.432,0.762,111,159,9,1,0,5,0
628,Ezequiel Tovar,21,COL,NL,91,348,331,44,85,21,3,9,46,4,3,13,94,0.257,0.29,0.42,0.71,81,139,4,3,0,1,0
629,Taylor Trammell,25,SEA,AL,20,54,45,6,6,0,0,3,11,0,1,8,21,0.133,0.278,0.333,0.611,73,15,2,1,0,0,0
630,Alan Trejo,27,COL,NL,47,133,126,13,30,9,0,1,15,4,0,5,31,0.238,0.265,0.333,0.598,54,42,2,0,1,1,0
631,Jose Trevino,30,NYY,AL,55,168,157,15,33,4,0,4,15,0,0,8,22,0.21,0.257,0.312,0.57,58,49,6,2,1,0,0
632,Jared Triolo,25,PIT,NL,19,76,69,9,20,2,0,0,9,0,1,5,25,0.29,0.342,0.319,0.661,83,22,0,1,0,1,0
633,Chadwick Tromp,28,ATL,NL,6,16,16,1,2,1,0,0,1,0,0,0,7,0.125,0.125,0.188,0.313,-18,3,0,0,0,0,0
634,Mike Trout,31,LAA,AL,81,358,304,54,80,14,1,18,44,2,0,45,103,0.263,0.369,0.493,0.862,134,150,3,7,0,2,2
635,Kyle Tucker,26,HOU,AL,97,411,354,52,107,25,0,17,68,17,3,45,56,0.302,0.378,0.517,0.895,147,183,9,2,0,6,5
636,Brice Turang,23,MIL,NL,76,246,223,19,45,7,3,3,19,11,4,22,57,0.202,0.272,0.3,0.573,57,67,4,0,0,1,1
637,Justin Turner,38,BOS,AL,95,410,364,61,104,22,0,16,64,4,0,35,66,0.286,0.354,0.478,0.832,121,174,6,6,0,5,0
638,Trea Turner,30,PHI,NL,97,436,406,55,100,19,4,10,34,21,0,28,104,0.246,0.298,0.387,0.685,87,157,3,2,0,0,2
639,Luis Urías,26,MIL,NL,20,68,55,5,8,2,0,1,5,0,0,7,15,0.145,0.299,0.236,0.535,50,13,1,5,0,0,0
640,Ramón Urías,29,BAL,AL,69,248,223,30,57,19,0,4,33,3,1,18,63,0.256,0.327,0.395,0.721,102,88,7,6,0,1,0
641,Gio Urshela,31,LAA,AL,62,228,214,22,64,8,1,2,24,3,2,10,36,0.299,0.329,0.374,0.703,93,80,9,1,0,3,0
642,Enmanuel Valdez,24,BOS,AL,33,101,94,9,22,4,0,4,11,4,1,5,27,0.234,0.28,0.404,0.684,81,38,2,1,0,0,0
643,Ildemaro Vargas#,31,WSN,NL,35,106,100,15,27,6,1,2,13,0,0,5,5,0.27,0.305,0.41,0.715,99,41,6,0,1,0,0
644,Miguel Vargas,23,LAD,NL,81,304,256,36,50,15,4,7,32,3,2,38,61,0.195,0.305,0.367,0.672,80,94,1,4,1,4,1
645,Daulton Varsho,26,TOR,AL,97,374,341,40,73,13,0,12,32,12,3,27,88,0.214,0.275,0.358,0.633,77,122,3,3,0,3,0
646,Andrew Vaughn,25,CHW,AL,94,393,353,43,86,23,2,12,54,0,0,28,78,0.244,0.316,0.422,0.738,102,149,11,10,0,2,0
647,Terrin Vavra,26,BAL,AL,27,56,49,9,12,0,0,0,5,1,0,5,12,0.245,0.315,0.245,0.56,61,12,5,0,2,0,0
648,Christian Vázquez,32,MIN,AL,64,220,198,21,43,9,0,2,19,0,0,20,51,0.217,0.291,0.293,0.584,63,58,6,1,0,1,1
649,Andrew Velazquez#,28,LAA,AL,25,50,42,6,8,1,0,0,0,9,1,7,12,0.19,0.306,0.214,0.52,47,9,0,0,1,0,0
650,Nelson Velázquez,24,CHC,NL,13,32,29,8,7,2,0,3,6,0,0,3,8,0.241,0.313,0.621,0.933,144,18,1,0,0,0,0
651,Alex Verdugo,27,BOS,AL,90,397,354,57,97,27,4,7,39,4,2,35,55,0.274,0.348,0.432,0.78,108,153,6,6,0,2,1
652,Alex Vesia,27,LAD,NL,1,0,0,0,0,0,0,0,0,0,0,0,0,0,0,0,0,0,0,0,0,0,0,0
653,Mark Vientos,23,NYM,NL,18,55,51,3,11,0,0,1,6,0,0,3,15,0.216,0.255,0.275,0.529,48,14,1,0,0,1,0
654,Matt Vierling,26,DET,AL,76,289,264,30,71,9,2,7,26,5,5,23,53,0.269,0.332,0.398,0.73,104,105,3,2,0,0,0
655,David Villar,26,SFG,NL,44,135,120,15,18,6,0,5,12,1,1,10,42,0.15,0.237,0.325,0.562,53,39,1,4,0,1,0
656,Meibrys Viloria,26,CLE,AL,10,4,3,0,0,0,0,0,0,0,0,1,0,0,0.25,0,0.25,-20,0,1,0,0,0,0
657,Daniel Vogelbach,30,NYM,NL,69,211,182,21,41,7,0,6,28,0,0,29,51,0.225,0.332,0.363,0.694,94,66,5,0,0,0,1
658,Luke Voit,32,MIL,NL,22,74,68,5,15,3,0,0,4,2,0,4,27,0.221,0.284,0.265,0.548,52,18,3,2,0,0,0
659,Anthony Volpe,22,NYY,AL,99,370,334,43,70,11,3,13,34,17,2,32,109,0.21,0.282,0.377,0.659,82,126,9,2,1,1,0
660,Jason Vosler,29,CIN,NL,20,65,62,6,10,2,1,3,10,0,0,3,25,0.161,0.2,0.371,0.571,47,23,0,0,0,0,0
661,Joey Votto,39,CIN,NL,26,102,86,11,16,3,0,8,21,0,0,12,29,0.186,0.314,0.5,0.814,111,43,0,4,0,0,0
662,LaMonte Wade Jr.,29,SFG,NL,86,338,272,43,75,13,1,9,28,2,0,57,63,0.276,0.406,0.43,0.836,131,117,2,4,3,2,1
663,Tyler Wade,28,OAK,AL,26,55,51,8,13,1,1,0,2,4,0,4,13,0.255,0.309,0.314,0.623,80,16,0,0,0,0,0
664,Christian Walker,32,ARI,NL,95,405,357,52,93,29,0,20,63,7,0,40,74,0.261,0.337,0.51,0.846,130,182,9,3,0,4,2
665,Jordan Walker,21,STL,NL,59,235,215,24,60,9,0,9,28,4,4,15,54,0.279,0.34,0.447,0.787,114,96,6,5,0,0,0
666,Forrest Wall,27,ATL,NL,1,0,0,0,0,0,0,0,0,2,0,0,0,0,0,0,0,0,0,0,0,0,0,0
667,Chad Wallach,31,LAA,AL,44,117,105,14,21,2,0,6,12,0,1,11,42,0.2,0.276,0.39,0.666,80,41,4,0,1,0,0
668,Matt Wallner,25,MIN,AL,17,46,37,5,10,1,0,1,4,1,1,5,10,0.27,0.413,0.378,0.791,123,14,0,4,0,0,0
669,Taylor Walls#,26,TBR,AL,79,279,242,42,51,11,2,7,27,20,1,36,71,0.211,0.315,0.36,0.675,90,87,1,1,0,0,0
670,Jared Walsh,29,LAA,AL,28,78,67,5,8,4,0,1,5,0,0,11,26,0.119,0.244,0.224,0.467,30,15,1,0,0,0,0
671,Taylor Ward,29,LAA,AL,91,384,334,57,83,17,0,12,40,4,2,38,74,0.249,0.333,0.407,0.741,102,136,8,7,0,5,0
672,Drew Waters#,24,KCR,AL,46,157,146,19,35,4,2,4,15,5,3,7,56,0.24,0.287,0.377,0.663,82,55,2,3,0,1,0
673,Joey Wendle,33,MIA,NL,64,202,188,23,50,13,2,1,11,4,0,9,47,0.266,0.305,0.372,0.677,86,70,4,2,2,1,0
674,Jordan Westburg,24,BAL,AL,19,66,61,9,16,4,2,0,7,1,1,4,14,0.262,0.318,0.393,0.712,99,24,1,1,0,0,0
675,Eli White,29,ATL,NL,6,17,14,1,1,0,0,0,0,0,0,2,7,0.071,0.235,0.071,0.307,-12,1,0,1,0,0,0
676,Joey Wiemer,24,MIL,NL,96,322,285,39,59,15,0,12,33,11,3,31,90,0.207,0.292,0.386,0.678,84,110,3,4,0,2,0
677,Luke Williams,26,LAD,NL,4,10,10,0,1,0,0,0,0,1,0,0,3,0.1,0.1,0.1,0.2,-46,1,0,0,0,0,0
678,Jesse Winker,29,MIL,NL,60,196,165,16,32,5,0,1,23,0,0,26,51,0.194,0.316,0.242,0.559,57,40,0,4,0,1,0
679,Patrick Wisdom,31,CHC,NL,67,239,208,34,41,7,1,17,35,3,1,27,89,0.197,0.294,0.486,0.78,106,101,3,2,1,1,0
680,Brett Wisely,24,SFG,NL,47,121,110,10,20,5,0,2,7,2,1,9,36,0.182,0.242,0.282,0.523,44,31,1,0,1,1,0
681,Bobby Witt,23,KCR,AL,98,425,396,50,99,16,6,16,51,27,7,21,86,0.25,0.29,0.442,0.732,99,175,5,3,1,4,0
682,Connor Wong,27,BOS,AL,76,247,225,35,54,19,0,6,23,3,2,16,85,0.24,0.301,0.404,0.705,88,91,2,4,1,1,0
683,Kolten Wong,32,SEA,AL,60,196,175,18,28,6,0,1,16,1,1,15,43,0.16,0.24,0.211,0.451,30,37,0,4,0,2,0
684,Austin Wynns,32,TOT,NL,27,69,62,5,13,3,0,1,7,1,0,5,25,0.21,0.265,0.306,0.571,49,19,3,0,1,1,0
685,Austin Wynns,32,SFG,NL,1,2,2,0,0,0,0,0,0,0,0,0,2,0,0,0,0,-100,0,0,0,0,0,0
686,Austin Wynns,32,LAD,NL,5,12,11,0,2,1,0,0,2,0,0,1,5,0.182,0.25,0.273,0.523,41,3,0,0,0,0,0
687,Austin Wynns,32,COL,NL,21,55,49,5,11,2,0,1,5,1,0,4,18,0.224,0.278,0.327,0.604,56,16,3,0,1,1,0
688,Mike Yastrzemski,32,SFG,NL,70,268,239,41,55,14,1,11,30,1,2,27,69,0.23,0.311,0.435,0.746,103,104,2,1,1,0,2
689,Christian Yelich,31,MIL,NL,95,410,360,71,103,23,2,14,54,21,2,47,87,0.286,0.373,0.478,0.851,132,172,8,3,0,0,3
690,Juan Yepez,25,STL,NL,20,46,42,5,9,1,0,2,2,0,1,3,13,0.214,0.283,0.381,0.664,80,16,0,1,0,0,0
691,Masataka Yoshida,29,BOS,AL,86,370,335,52,107,22,3,11,51,8,0,28,42,0.319,0.381,0.501,0.883,135,168,11,6,0,1,0
692,Alex Young,29,CIN,NL,2,0,0,0,0,0,0,0,0,0,0,0,0,0,0,0,0,0,0,0,0,0,0,0
693,Jared Young,27,CHC,NL,13,39,35,7,6,0,2,1,5,2,0,3,11,0.171,0.256,0.371,0.628,67,13,1,1,0,0,0
694,Seby Zavala,29,CHW,AL,59,156,143,14,23,3,0,6,15,1,0,8,60,0.161,0.208,0.308,0.515,40,44,3,1,2,2,0
695,Mike Zunino,32,CLE,AL,42,140,124,11,22,7,0,3,11,0,0,15,61,0.177,0.271,0.306,0.578,63,38,3,1,0,0,0
