,Tm,#Bat,BatAge,R/G,G,PA,AB,Runs Scored,H,2B,3B,HR,RBI,SB,CS,BB,SO,BA,OBP,SLG,OPS,OPS+,TB,GDP,HBP,SH,SF,IBB,LOB,PLAYOFFS,UBB,wOBA,wRAA,Runs Allowed,Py_Win%,W,L,W-L%,YEAR,Run_Diff
0,Arizona Diamondbacks,45,29.6,4.77,162,6330,5645,773,1506,331,38,160,743,76,30,504,965,0.267,0.331,0.424,0.755,89,2393,136,67,61,53,47,1166,0,457,0.329641594,48.82503375,788,0.490391662,76,86,0.469,2006,-15
1,Atlanta Braves,45,27.4,5.24,162,6284,5583,849,1510,312,26,222,818,52,35,526,1169,0.27,0.337,0.455,0.791,101,2540,131,52,78,44,48,1105,0,478,0.343888257,120.0719363,805,0.526583364,79,83,0.488,2006,44
2,Baltimore Orioles,46,30.4,4.74,162,6240,5610,768,1556,288,20,164,727,121,32,474,878,0.277,0.339,0.424,0.763,97,2376,145,73,40,41,35,1177,0,439,0.334705501,73.38633003,899,0.421898035,70,92,0.432,2006,-131
3,Boston Red Sox,53,30.4,5.06,162,6435,5619,820,1510,327,16,192,777,51,23,672,1056,0.269,0.351,0.435,0.786,98,2445,136,66,22,56,56,1301,0,616,0.343671543,121.8611043,825,0.496960514,86,76,0.531,2006,-5
4,Chicago Cubs,46,28.6,4.42,162,6147,5587,716,1496,271,46,166,677,121,49,395,928,0.268,0.319,0.422,0.741,86,2357,135,43,84,37,24,1082,0,371,0.32391686,19.25841669,834,0.424309641,66,96,0.407,2006,-118
5,Chicago White Sox,37,29.7,5.36,162,6318,5657,868,1586,291,20,236,839,93,48,502,1056,0.28,0.342,0.464,0.806,103,2625,118,58,44,57,33,1125,0,469,0.350528761,154.3045717,794,0.544436576,90,72,0.556,2006,74
6,Cincinnati Reds,54,29.6,4.62,162,6296,5515,749,1419,291,12,217,718,124,33,614,1192,0.257,0.336,0.432,0.768,93,2385,122,59,66,38,52,1196,0,562,0.336099773,81.03981859,801,0.466489329,80,82,0.494,2006,-52
7,Cleveland Indians,45,27.7,5.37,162,6303,5619,870,1576,351,27,196,839,55,23,556,1204,0.28,0.349,0.457,0.806,108,2569,127,54,30,43,42,1162,0,514,0.350951846,156.0468263,782,0.553118039,78,84,0.481,2006,88
8,Colorado Rockies,50,27.8,5.02,162,6348,5562,813,1504,325,54,157,761,85,50,561,1108,0.27,0.341,0.433,0.774,90,2408,119,60,119,45,64,1174,0,497,0.337050616,86.57621025,812,0.500615384,76,86,0.469,2006,1
9,Detroit Tigers,40,29.3,5.07,162,6198,5642,822,1548,294,40,203,785,60,40,430,1133,0.274,0.329,0.449,0.777,99,2531,120,45,45,36,27,1068,1,403,0.338677767,92.61183937,675,0.597258574,95,67,0.586,2006,147
10,Florida Marlins,40,25.6,4.68,162,6191,5502,758,1454,309,42,182,713,110,58,497,1249,0.264,0.331,0.435,0.766,99,2393,109,74,76,42,55,1126,0,442,0.333435644,66.54405545,772,0.490850439,78,84,0.481,2006,-14
11,Houston Astros,39,30.5,4.54,162,6326,5521,735,1407,275,27,174,708,79,36,585,1076,0.255,0.332,0.409,0.741,89,2258,122,73,100,46,54,1191,0,531,0.325057527,25.59108734,719,0.511002794,82,80,0.506,2006,16
12,Kansas City Royals,55,29.7,4.67,162,6229,5589,757,1515,335,37,124,718,65,34,474,1040,0.271,0.332,0.411,0.743,91,2296,130,64,52,48,32,1144,0,442,0.326185903,30.81569266,971,0.378028089,62,100,0.383,2006,-214
13,Los Angeles Angels of Anaheim,40,28.8,4.73,162,6221,5609,766,1539,309,29,159,737,148,57,486,914,0.274,0.334,0.425,0.759,95,2383,126,42,31,53,49,1121,0,437,0.330965641,54.57380101,732,0.522685243,89,73,0.549,2006,34
14,Los Angeles Dodgers,50,29.9,5.06,162,6394,5628,820,1552,307,58,153,787,128,49,601,959,0.276,0.348,0.432,0.781,99,2434,140,51,66,48,61,1223,1,540,0.340630286,105.528037,751,0.543836506,88,74,0.543,2006,69
15,Milwaukee Brewers,49,28.8,4.51,162,6130,5433,730,1400,301,20,180,695,71,37,502,1233,0.258,0.327,0.42,0.747,89,2281,133,82,58,53,48,1108,0,454,0.326316838,30.96766788,833,0.434386027,75,87,0.463,2006,-103
16,Minnesota Twins,39,28.4,4.94,162,6228,5602,801,1608,275,34,143,754,101,42,490,872,0.287,0.347,0.425,0.771,101,2380,163,50,31,55,46,1143,1,444,0.337478459,87.08467306,683,0.579015242,96,66,0.593,2006,118
17,New York Mets,49,30.1,5.15,162,6291,5558,834,1469,323,41,200,800,146,35,547,1071,0.264,0.334,0.445,0.78,100,2474,114,62,77,47,63,1115,1,484,0.338266948,91.93389823,731,0.565530845,97,65,0.599,2006,103
18,New York Yankees,49,30.9,5.74,162,6455,5651,930,1608,327,21,210,902,139,35,649,1053,0.285,0.363,0.461,0.824,111,2607,139,72,34,49,43,1253,1,606,0.359797742,205.5155409,767,0.595173787,97,65,0.599,2006,163
19,Oakland Athletics,40,29.7,4.76,162,6281,5500,771,1429,266,22,175,735,61,20,650,976,0.26,0.34,0.412,0.752,97,2264,170,50,25,56,28,1187,1,622,0.331708414,58.83243674,727,0.529347178,93,69,0.574,2006,44
20,Philadelphia Phillies,45,29.3,5.34,162,6509,5687,865,1518,294,41,216,823,92,25,626,1203,0.267,0.347,0.447,0.794,98,2542,115,95,57,44,67,1275,0,559,0.34583242,134.514576,812,0.53157252,85,77,0.525,2006,53
21,Pittsburgh Pirates,42,27.8,4.27,162,6218,5558,691,1462,286,17,141,656,68,23,459,1200,0.263,0.327,0.397,0.723,86,2205,153,89,62,49,49,1175,0,410,0.317697347,-11.4524756,797,0.429123116,67,95,0.414,2006,-106
22,San Diego Padres,46,30.7,4.51,162,6287,5576,731,1465,298,38,161,698,123,31,564,1104,0.263,0.332,0.416,0.749,99,2322,127,40,59,47,37,1188,1,527,0.328282714,41.65211244,679,0.536829341,88,74,0.543,2006,52
23,Seattle Mariners,49,28.6,4.67,162,6213,5670,756,1540,266,42,172,703,106,37,404,974,0.272,0.325,0.424,0.749,95,2406,117,63,38,38,49,1110,0,355,0.326603004,32.81956905,792,0.476756757,78,84,0.481,2006,-36
24,San Francisco Giants,44,33.5,4.63,161,6136,5472,746,1418,297,52,163,711,58,25,494,891,0.259,0.324,0.422,0.746,90,2308,136,53,80,37,76,1092,0,418,0.323854515,18.92104348,790,0.471377654,76,85,0.472,2006,-44
25,St. Louis Cardinals,41,29.6,4.85,161,6225,5522,781,1484,292,27,184,745,59,32,531,922,0.269,0.337,0.431,0.769,97,2382,129,61,71,40,70,1158,1,461,0.334661407,73.01380671,762,0.512311808,83,78,0.516,2006,19
26,Tampa Bay Devil Rays,49,27.3,4.25,162,6041,5474,689,1395,267,33,190,650,134,52,441,1106,0.255,0.314,0.42,0.733,89,2298,101,47,35,43,23,1038,0,418,0.320839184,4.054938148,856,0.393157686,61,101,0.377,2006,-167
27,Texas Rangers,51,28.4,5.15,162,6273,5659,835,1571,357,23,183,799,53,24,505,1061,0.278,0.338,0.446,0.784,101,2523,148,40,18,50,35,1139,0,470,0.341722142,108.9930188,784,0.531469699,80,82,0.494,2006,51
28,Toronto Blue Jays,42,28.6,4.99,162,6241,5596,809,1591,348,27,199,778,65,33,514,906,0.284,0.348,0.463,0.811,108,2590,166,63,16,52,31,1162,0,483,0.35314175,165.4701298,754,0.535145221,87,75,0.537,2006,55
29,Washington Nationals,57,28.5,4.6,162,6283,5495,746,1437,322,22,164,695,123,62,594,1156,0.262,0.338,0.418,0.756,98,2295,118,69,76,49,66,1194,0,528,0.330530858,52.93230549,872,0.422595489,71,91,0.438,2006,-126
30,Arizona Diamondbacks,47,26.6,4.4,162,6101,5398,712,1350,286,40,171,687,109,24,532,1111,0.25,0.321,0.413,0.734,83,2229,121,57,55,58,38,1090,1,494,0.320990511,4.833694024,732,0.486152241,90,72,0.556,2007,-20
31,Atlanta Braves,50,27.6,5.0,162,6374,5689,810,1562,328,27,176,781,64,30,534,1149,0.275,0.339,0.435,0.774,101,2472,137,49,55,47,43,1205,0,491,0.33804334,92.00659783,733,0.549778823,84,78,0.519,2007,77
32,Baltimore Orioles,49,30.4,4.67,162,6264,5631,756,1529,306,30,142,718,144,42,500,939,0.272,0.333,0.412,0.746,95,2321,139,47,38,47,31,1152,0,469,0.327455602,37.35554924,868,0.431360947,69,93,0.426,2007,-112
33,Boston Red Sox,40,30.1,5.35,162,6426,5589,867,1561,352,35,166,829,96,24,689,1042,0.279,0.362,0.444,0.806,107,2481,146,64,30,54,54,1291,1,635,0.352205929,165.5642384,657,0.635227636,96,66,0.593,2007,210
34,Chicago Cubs,47,29.3,4.64,162,6268,5643,752,1530,340,28,151,711,86,33,500,1054,0.271,0.333,0.422,0.754,90,2379,127,40,48,37,48,1190,1,452,0.329671095,48.49474012,690,0.542916502,85,77,0.525,2007,62
35,Chicago White Sox,43,29.7,4.28,162,6103,5441,693,1341,249,20,190,667,78,45,532,1149,0.246,0.318,0.404,0.722,86,2200,138,52,41,35,33,1074,0,499,0.317630662,-11.56426481,839,0.405557479,72,90,0.444,2007,-146
36,Cincinnati Reds,51,29.7,4.83,162,6332,5607,783,1496,293,23,204,747,97,31,536,1113,0.267,0.335,0.436,0.772,95,2447,140,66,73,46,51,1170,0,485,0.336650548,84.29173436,853,0.457290904,72,90,0.444,2007,-70
37,Cleveland Indians,41,28.0,5.01,162,6367,5604,811,1504,305,27,178,784,72,41,590,1202,0.268,0.343,0.428,0.771,102,2397,114,80,32,59,56,1215,1,534,0.33704158,86.77572726,704,0.570276511,96,66,0.593,2007,107
38,Colorado Rockies,53,27.9,5.28,163,6498,5691,860,1591,313,36,171,823,100,31,622,1152,0.28,0.354,0.437,0.791,98,2489,140,58,83,44,51,1251,1,571,0.34630264,136.731643,758,0.56279125,90,73,0.552,2007,102
39,Detroit Tigers,44,30.9,5.48,162,6364,5757,887,1652,352,50,177,857,103,30,474,1054,0.287,0.345,0.458,0.802,108,2635,128,56,31,45,45,1148,0,429,0.348503261,145.0929983,797,0.553291964,88,74,0.543,2007,90
40,Florida Marlins,50,26.7,4.88,162,6344,5627,790,1504,340,38,201,749,105,34,521,1332,0.267,0.336,0.448,0.784,104,2523,107,82,72,42,46,1192,0,475,0.341390941,108.5633049,891,0.440132837,71,91,0.438,2007,-101
41,Houston Astros,41,31.4,4.46,162,6324,5605,723,1457,293,30,167,700,65,33,547,1043,0.26,0.33,0.412,0.742,91,2311,142,55,77,40,40,1181,0,507,0.32567585,28.71525955,813,0.441606727,73,89,0.451,2007,-90
42,Kansas City Royals,45,28.0,4.36,162,6140,5534,706,1447,300,46,102,660,78,44,428,1069,0.261,0.322,0.388,0.71,87,2145,151,89,41,47,34,1089,0,394,0.312462071,-37.02027573,778,0.451596419,69,93,0.426,2007,-72
43,Los Angeles Angels of Anaheim,42,28.6,5.07,162,6198,5554,822,1578,324,23,123,776,139,55,507,883,0.284,0.345,0.417,0.762,99,2317,146,40,32,65,55,1100,1,452,0.332816233,63.54800982,731,0.558395762,94,68,0.58,2007,91
44,Los Angeles Dodgers,45,29.7,4.54,162,6282,5614,735,1544,276,35,129,706,137,50,511,864,0.275,0.337,0.406,0.743,91,2277,116,41,58,55,41,1200,0,470,0.325970874,29.9928932,727,0.505471792,82,80,0.506,2007,8
45,Milwaukee Brewers,40,27.8,4.94,162,6238,5554,801,1455,310,37,231,774,96,32,501,1137,0.262,0.329,0.456,0.785,101,2532,112,76,60,47,60,1117,0,441,0.339699248,98.30712782,776,0.515848902,83,79,0.512,2007,25
46,Minnesota Twins,42,28.5,4.43,162,6161,5522,718,1460,273,36,118,671,112,30,512,839,0.264,0.33,0.391,0.721,94,2159,149,48,34,45,41,1121,0,471,0.317408807,-12.77147157,725,0.495149109,79,83,0.488,2007,-7
47,New York Mets,49,30.8,4.96,162,6344,5605,804,1543,294,27,177,761,200,46,549,981,0.275,0.342,0.432,0.775,101,2422,114,54,77,58,64,1196,0,485,0.33737504,88.16790455,750,0.534707126,88,74,0.543,2007,54
48,New York Yankees,49,30.7,5.98,162,6528,5717,968,1656,326,32,201,929,123,40,637,991,0.29,0.366,0.463,0.829,116,2649,138,78,41,54,32,1249,1,605,0.362240471,220.5628435,777,0.608159776,94,68,0.58,2007,191
49,Oakland Athletics,54,29.0,4.57,162,6365,5577,741,1430,295,16,171,711,52,20,664,1119,0.256,0.338,0.407,0.745,101,2270,142,49,18,56,29,1258,1,635,0.32876682,44.63363242,758,0.488660565,76,86,0.469,2007,-17
50,Philadelphia Phillies,46,28.8,5.51,162,6537,5688,892,1558,326,41,213,850,138,19,641,1205,0.274,0.354,0.458,0.812,105,2605,125,90,65,52,74,1295,0,567,0.352382367,169.3209192,821,0.541376671,89,73,0.549,2007,71
51,Pittsburgh Pirates,46,27.2,4.47,162,6214,5569,724,1463,322,31,148,694,68,30,463,1135,0.263,0.325,0.411,0.736,92,2291,130,71,60,51,31,1119,0,432,0.322609832,12.97399575,846,0.422759402,68,94,0.42,2007,-122
52,San Diego Padres,49,29.9,4.55,163,6326,5612,741,1408,322,31,171,704,55,24,557,1229,0.251,0.322,0.411,0.732,97,2305,113,49,64,44,45,1152,0,512,0.320665916,3.370067878,666,0.553153872,89,74,0.546,2007,75
53,Seattle Mariners,44,29.9,4.9,162,6209,5684,794,1629,284,22,153,754,81,30,389,861,0.287,0.337,0.425,0.762,103,2416,154,62,33,40,32,1128,0,357,0.333695263,68.01615367,813,0.488178379,88,74,0.543,2007,-19
54,San Francisco Giants,44,32.6,4.22,162,6213,5538,683,1407,267,37,131,641,119,33,532,907,0.254,0.322,0.387,0.708,82,2141,142,39,67,36,74,1141,0,458,0.310214133,-48.63184582,720,0.473646269,71,91,0.438,2007,-37
55,St. Louis Cardinals,45,30.3,4.48,162,6211,5529,725,1513,279,13,141,690,56,33,506,909,0.274,0.337,0.405,0.743,92,2241,154,54,68,54,47,1167,0,459,0.326161417,30.61485039,829,0.433374338,78,84,0.481,2007,-104
56,Tampa Bay Devil Rays,45,25.9,4.83,162,6280,5593,782,1500,291,36,187,750,131,48,545,1324,0.268,0.336,0.433,0.769,103,2424,119,53,34,52,31,1166,0,514,0.336598519,83.35112299,944,0.406960989,66,96,0.407,2007,-162
57,Texas Rangers,50,29.4,5.04,162,6214,5555,816,1460,298,36,179,768,88,25,503,1224,0.263,0.328,0.426,0.754,97,2367,129,56,57,42,27,1092,0,476,0.33027737,51.08263926,844,0.483137328,75,87,0.463,2007,-28
58,Toronto Blue Jays,46,30.4,4.65,162,6197,5536,753,1434,344,24,165,719,57,22,533,1044,0.259,0.327,0.419,0.746,95,2321,127,47,33,48,32,1112,0,501,0.326757991,33.50341553,699,0.537138716,83,79,0.512,2007,54
59,Washington Nationals,47,27.9,4.15,162,6201,5520,673,1415,309,31,123,646,69,23,524,1128,0.256,0.325,0.39,0.715,89,2155,143,53,63,41,38,1163,0,486,0.315037705,-24.61695344,783,0.424879317,73,89,0.451,2007,-110
60,Arizona Diamondbacks,41,26.7,4.44,162,6156,5409,720,1355,318,47,159,683,58,23,587,1287,0.251,0.327,0.415,0.742,88,2244,105,49,68,43,49,1142,0,538,0.32455539,22.4343845,706,0.509816726,82,80,0.506,2008,14
61,Atlanta Braves,49,27.1,4.65,162,6368,5604,753,1514,316,33,130,721,58,27,618,1023,0.27,0.345,0.408,0.753,99,2286,143,42,69,34,56,1274,0,562,0.331135854,56.72158539,778,0.483675156,72,90,0.444,2008,-25
62,Baltimore Orioles,46,30.1,4.86,161,6211,5559,782,1486,322,30,172,750,81,37,533,990,0.267,0.333,0.429,0.762,100,2384,111,42,27,48,37,1134,0,496,0.333181448,65.47489015,869,0.447450583,68,93,0.422,2008,-87
63,Boston Red Sox,47,29.8,5.22,162,6402,5596,845,1565,353,33,173,807,120,35,646,1068,0.28,0.358,0.447,0.805,107,2503,147,70,28,62,49,1262,1,597,0.351421344,160.9275548,694,0.597180137,95,67,0.586,2008,151
64,Chicago Cubs,42,30.0,5.31,161,6384,5588,855,1552,329,21,184,811,87,34,636,1186,0.278,0.354,0.443,0.797,103,2475,134,50,65,45,48,1237,1,588,0.348587147,146.0002781,671,0.618848761,97,64,0.602,2008,184
65,Chicago White Sox,39,30.6,4.98,163,6231,5553,811,1458,296,13,235,785,67,34,540,1016,0.263,0.332,0.448,0.78,102,2485,157,63,28,47,33,1067,1,507,0.340215559,100.7705193,729,0.553096214,89,74,0.546,2008,82
66,Cincinnati Reds,48,28.6,4.35,162,6188,5465,704,1351,269,24,187,677,85,47,560,1125,0.247,0.321,0.408,0.729,89,2229,101,50,72,41,50,1138,0,510,0.319205407,-3.933552258,800,0.436429216,74,88,0.457,2008,-96
67,Cleveland Indians,49,27.6,4.97,162,6299,5543,805,1455,339,22,171,772,77,29,560,1213,0.262,0.339,0.424,0.763,103,2351,123,103,43,49,44,1184,0,516,0.334397038,72.53803381,761,0.528074899,81,81,0.5,2008,44
68,Colorado Rockies,49,27.5,4.61,162,6312,5557,747,1462,310,28,160,714,141,37,570,1209,0.263,0.336,0.415,0.751,89,2308,119,57,90,38,36,1207,0,534,0.330184287,51.42657614,822,0.452307827,74,88,0.457,2008,-75
69,Detroit Tigers,46,30.3,5.07,162,6331,5641,821,1529,293,41,200,780,63,31,572,1076,0.271,0.34,0.444,0.784,105,2504,144,44,30,44,23,1159,0,549,0.343193692,117.4714126,857,0.478555758,74,88,0.457,2008,-36
70,Florida Marlins,45,28.0,4.78,161,6206,5499,770,1397,302,28,208,741,76,28,543,1371,0.254,0.326,0.433,0.759,97,2379,98,69,49,46,50,1140,0,493,0.330777796,53.50960144,767,0.501951847,84,77,0.522,2008,3
71,Houston Astros,41,31.1,4.42,161,6051,5451,712,1432,284,22,167,684,114,52,449,1051,0.263,0.323,0.415,0.737,95,2261,116,52,57,41,42,1073,0,407,0.322433205,11.7767098,743,0.478703825,86,75,0.534,2008,-31
72,Kansas City Royals,43,28.0,4.27,162,6118,5608,691,1507,303,28,120,650,79,38,392,1005,0.269,0.32,0.397,0.717,91,2226,144,50,32,36,31,1073,0,361,0.314962841,-24.65387283,781,0.439086406,75,87,0.463,2008,-90
73,Los Angeles Angels of Anaheim,41,29.0,4.72,162,6155,5540,765,1486,274,25,159,721,129,48,481,987,0.268,0.33,0.413,0.743,95,2287,140,52,32,50,52,1087,1,429,0.324617032,22.73426454,697,0.546411225,100,62,0.617,2008,68
74,Los Angeles Dodgers,46,28.5,4.32,162,6194,5506,700,1455,271,29,137,659,126,43,543,1032,0.264,0.333,0.399,0.732,93,2195,153,43,64,38,62,1161,1,481,0.320982202,4.867005933,648,0.538518349,84,78,0.519,2008,52
75,Milwaukee Brewers,44,28.6,4.63,162,6252,5535,750,1398,324,35,198,722,108,38,550,1203,0.253,0.325,0.431,0.757,99,2386,97,69,54,43,44,1153,1,506,0.330130018,50.6581934,689,0.542314512,90,72,0.556,2008,61
76,Minnesota Twins,40,26.2,5.09,163,6331,5641,829,1572,298,49,111,791,102,42,529,979,0.279,0.34,0.408,0.748,102,2301,142,36,52,72,48,1140,0,481,0.327481541,37.88652327,745,0.553215656,88,75,0.54,2008,84
77,New York Mets,50,30.1,4.93,162,6388,5606,799,1491,274,38,172,751,138,36,619,1024,0.266,0.34,0.42,0.761,101,2357,129,39,73,49,71,1220,0,548,0.332132329,61.98164434,715,0.555311901,89,73,0.549,2008,84
78,New York Yankees,51,31.3,4.87,162,6257,5572,789,1512,289,20,180,758,118,39,535,1015,0.271,0.342,0.427,0.769,101,2381,149,80,31,39,36,1160,0,499,0.337610662,88.1519315,727,0.540828808,89,73,0.549,2008,62
79,Oakland Athletics,51,27.2,4.01,161,6138,5451,646,1318,270,23,125,610,88,21,574,1226,0.242,0.318,0.369,0.686,87,2009,126,48,30,35,23,1166,0,551,0.305408381,-71.65068463,690,0.467101552,75,86,0.466,2008,-44
80,Philadelphia Phillies,40,30.1,4.93,162,6273,5509,799,1407,291,36,214,762,136,25,586,1117,0.255,0.332,0.438,0.77,99,2412,108,67,71,40,68,1154,1,518,0.334804369,74.29424584,680,0.579942242,92,70,0.568,2008,119
81,Pittsburgh Pirates,47,28.4,4.54,162,6278,5628,735,1454,314,21,153,705,57,19,474,1039,0.258,0.32,0.403,0.723,92,2269,111,59,66,51,40,1135,0,434,0.316879456,-15.67262216,884,0.408740838,67,95,0.414,2008,-149
82,San Diego Padres,59,28.9,3.93,162,6244,5568,637,1390,264,27,154,615,36,17,518,1259,0.25,0.317,0.39,0.707,96,2170,129,53,59,46,35,1181,0,483,0.311365854,-43.1292878,764,0.410089291,63,99,0.389,2008,-127
83,Seattle Mariners,44,29.7,4.14,162,6176,5643,671,1498,285,20,124,631,90,32,417,890,0.265,0.318,0.389,0.707,90,2195,137,38,36,42,44,1151,0,373,0.310185367,-48.49213648,811,0.40636863,61,101,0.377,2008,-140
84,San Francisco Giants,49,29.6,3.95,162,6145,5543,640,1452,311,37,94,606,108,46,452,1044,0.262,0.321,0.382,0.703,83,2119,139,48,57,44,45,1148,0,407,0.308937438,-54.37470506,759,0.415550264,72,90,0.444,2008,-119
85,St. Louis Cardinals,43,28.8,4.81,162,6370,5636,779,1585,283,26,174,744,73,32,577,985,0.281,0.35,0.433,0.783,107,2442,150,42,71,44,63,1241,0,514,0.341983643,112.0286466,725,0.53585803,86,76,0.531,2008,54
86,Tampa Bay Rays,46,27.0,4.78,162,6312,5541,774,1443,284,37,180,735,142,50,626,1224,0.26,0.34,0.422,0.762,101,2341,111,68,23,52,33,1215,1,593,0.335006396,75.75228654,671,0.570919941,97,65,0.599,2008,103
87,Texas Rangers,55,27.7,5.56,162,6478,5728,901,1619,376,35,194,867,81,25,595,1207,0.283,0.354,0.462,0.816,114,2647,117,63,37,54,43,1238,0,552,0.354903861,180.8578471,967,0.464712146,79,83,0.488,2008,-66
88,Toronto Blue Jays,43,31.0,4.41,162,6191,5503,714,1453,303,32,126,681,80,27,521,938,0.264,0.331,0.399,0.731,96,2198,150,59,48,56,34,1155,0,487,0.321480753,7.329137428,610,0.578068162,86,76,0.531,2008,104
89,Washington Nationals,50,27.8,3.98,161,6192,5491,641,1376,269,26,117,608,81,43,534,1095,0.251,0.323,0.373,0.696,84,2048,153,67,64,36,21,1178,0,513,0.3094187,-52.41552841,825,0.376434944,59,102,0.366,2008,-184
90,Arizona Diamondbacks,45,26.5,4.44,162,6269,5565,720,1408,307,45,173,686,102,40,571,1298,0.253,0.324,0.418,0.742,91,2324,93,37,54,41,47,1173,0,524,0.324332739,21.72608529,782,0.458791919,70,92,0.432,2009,-62
91,Atlanta Braves,45,28.8,4.54,162,6335,5539,735,1459,300,20,149,700,58,26,602,1064,0.263,0.339,0.405,0.744,97,2246,142,52,95,47,54,1223,0,548,0.327022308,35.58905917,641,0.567996627,86,76,0.531,2009,94
92,Baltimore Orioles,48,28.7,4.57,162,6233,5618,741,1508,307,19,160,708,76,37,517,1013,0.268,0.332,0.415,0.747,95,2333,131,39,13,46,25,1160,0,492,0.328298628,41.38027829,876,0.417089962,64,98,0.395,2009,-135
93,Boston Red Sox,52,30.0,5.38,162,6344,5543,872,1495,335,25,212,822,126,39,659,1120,0.27,0.352,0.454,0.806,106,2516,137,70,19,51,39,1210,1,620,0.351817314,161.4283234,736,0.583976407,95,67,0.586,2009,136
94,Chicago Cubs,45,29.9,4.39,161,6244,5486,707,1398,293,29,161,678,56,34,592,1185,0.255,0.332,0.407,0.738,89,2232,134,59,65,42,44,1209,0,548,0.324717196,23.56333953,672,0.525364371,83,78,0.516,2009,35
95,Chicago White Sox,45,29.8,4.47,162,6132,5463,724,1410,246,20,184,695,113,49,534,1022,0.258,0.329,0.411,0.74,90,2248,139,62,34,39,25,1086,0,509,0.326275317,30.78419496,732,0.49450566,79,83,0.488,2009,-8
96,Cincinnati Reds,46,27.9,4.15,162,6187,5462,673,1349,280,25,158,637,96,40,531,1129,0.247,0.318,0.394,0.712,87,2153,103,53,100,41,37,1131,0,494,0.313299174,-33.16641058,723,0.464229269,78,84,0.481,2009,-50
97,Cleveland Indians,52,27.4,4.77,162,6320,5568,773,1468,314,28,161,730,84,31,582,1211,0.264,0.339,0.417,0.756,102,2321,140,81,39,50,20,1198,0,562,0.33336368,67.56676569,865,0.44401057,65,97,0.401,2009,-92
98,Colorado Rockies,45,27.8,4.96,162,6241,5398,804,1408,300,50,190,760,106,55,660,1277,0.261,0.343,0.441,0.784,96,2378,111,47,76,60,40,1147,1,620,0.342066939,110.1758119,715,0.558390727,92,70,0.568,2009,89
99,Detroit Tigers,45,29.8,4.56,163,6234,5540,743,1443,245,35,183,718,72,33,540,1114,0.26,0.331,0.416,0.747,95,2307,131,61,53,39,30,1159,0,510,0.328482927,42.29926634,745,0.498655916,86,77,0.528,2009,-2
100,Florida Marlins,44,27.0,4.77,162,6312,5572,772,1493,296,25,159,727,75,35,568,1226,0.268,0.34,0.416,0.756,97,2316,110,63,70,39,46,1214,0,522,0.332057779,60.88696191,766,0.503901111,87,75,0.537,2009,6
101,Houston Astros,42,31.6,3.97,162,6040,5436,643,1415,270,32,142,616,113,44,448,990,0.26,0.319,0.4,0.719,91,2175,153,43,66,45,37,1080,0,411,0.3153631,-22.39808054,770,0.410840573,74,88,0.457,2009,-127
102,Kansas City Royals,43,27.6,4.23,162,6103,5532,686,1432,276,51,144,657,88,29,457,1091,0.259,0.318,0.405,0.724,92,2242,135,42,38,32,20,1090,0,437,0.318153235,-9.013689889,842,0.398958934,65,97,0.401,2009,-156
103,Los Angeles Angels of Anaheim,46,29.5,5.45,162,6305,5622,883,1604,293,33,173,841,148,63,547,1054,0.285,0.35,0.441,0.792,108,2482,128,41,43,52,32,1134,1,515,0.346258427,132.4475056,761,0.573802813,97,65,0.599,2009,122
104,Los Angeles Dodgers,47,29.7,4.81,162,6385,5592,780,1511,278,39,145,739,116,48,607,1068,0.27,0.346,0.412,0.758,104,2302,141,63,78,44,76,1224,1,531,0.331637239,59.43370787,611,0.619728008,95,67,0.586,2009,169
105,Milwaukee Brewers,45,29.3,4.85,162,6296,5510,785,1447,281,37,182,757,68,37,610,1231,0.263,0.341,0.426,0.767,103,2348,128,71,58,47,44,1203,0,566,0.33637391,82.47211108,818,0.47942232,80,82,0.494,2009,-33
106,Minnesota Twins,42,27.6,5.01,163,6346,5608,817,1539,271,40,172,770,85,32,585,1021,0.274,0.345,0.429,0.774,104,2406,147,45,51,57,46,1185,1,539,0.338345335,93.13559802,765,0.53283431,87,76,0.534,2009,52
107,New York Mets,53,29.5,4.14,162,6159,5453,671,1472,295,49,95,631,122,44,526,928,0.27,0.335,0.394,0.729,95,2150,144,36,88,55,49,1183,0,477,0.320204285,1.006389636,757,0.43999355,70,92,0.432,2009,-86
108,New York Yankees,45,30.6,5.65,162,6449,5660,915,1604,325,21,244,881,111,28,663,1014,0.283,0.362,0.478,0.839,114,2703,144,54,31,39,35,1238,1,628,0.365746748,235.9434283,753,0.596214733,103,59,0.636,2009,162
109,Oakland Athletics,51,29.1,4.69,162,6247,5584,759,1464,307,21,135,723,133,48,527,1046,0.262,0.328,0.397,0.726,92,2218,130,50,31,54,16,1130,0,511,0.320517825,2.587470237,761,0.498684213,75,87,0.463,2009,-2
110,Philadelphia Phillies,41,31.3,5.06,162,6338,5578,820,1439,312,35,224,788,119,28,589,1155,0.258,0.334,0.447,0.781,104,2493,90,71,55,45,47,1192,1,542,0.340115459,101.9934214,709,0.572215873,93,69,0.574,2009,111
111,Pittsburgh Pirates,49,27.0,3.95,161,6058,5417,636,1364,289,34,125,612,90,32,499,1142,0.252,0.318,0.387,0.705,87,2096,124,46,60,36,44,1124,0,455,0.310198186,-47.50351092,768,0.406806662,62,99,0.385,2009,-132
112,San Diego Padres,56,28.0,3.94,162,6179,5425,638,1315,265,31,141,605,82,29,586,1182,0.242,0.321,0.381,0.701,93,2065,131,57,74,36,52,1168,0,534,0.309615003,-51.32680767,769,0.407694272,75,87,0.463,2009,-131
113,Seattle Mariners,46,29.9,3.95,162,6113,5543,640,1430,280,19,160,613,89,33,421,1093,0.258,0.314,0.402,0.716,92,2228,124,49,56,44,39,1121,0,382,0.313298438,-32.77331871,692,0.461020368,85,77,0.525,2009,-52
114,San Francisco Giants,44,29.0,4.06,162,6057,5493,657,1411,275,43,122,612,78,28,392,1158,0.257,0.309,0.389,0.699,82,2138,115,50,67,55,41,1080,0,351,0.305511851,-70.2037761,611,0.536229922,88,74,0.543,2009,46
115,St. Louis Cardinals,42,28.5,4.51,162,6168,5465,730,1436,294,29,160,694,75,31,528,1041,0.263,0.332,0.415,0.747,98,2268,127,61,68,43,73,1152,1,455,0.325763612,28.42613546,640,0.565411141,91,71,0.562,2009,90
116,Tampa Bay Rays,41,27.8,4.96,162,6223,5462,803,1434,297,36,199,765,194,61,642,1229,0.263,0.343,0.439,0.782,106,2400,104,49,25,45,36,1151,0,606,0.342358001,111.3070704,754,0.531439639,84,78,0.519,2009,49
117,Texas Rangers,44,27.8,4.84,162,6127,5526,784,1436,296,27,224,748,149,36,472,1253,0.26,0.32,0.445,0.764,95,2458,97,37,40,51,23,1059,0,449,0.332792347,62.69273429,740,0.528847345,87,75,0.537,2009,44
118,Toronto Blue Jays,44,29.9,4.93,162,6362,5696,798,1516,339,13,209,766,73,23,548,1028,0.266,0.333,0.44,0.773,102,2508,130,45,24,49,23,1195,0,525,0.338098179,92.11249153,771,0.517203319,75,87,0.463,2009,27
119,Washington Nationals,55,28.4,4.38,162,6273,5493,710,1416,271,38,156,685,73,40,617,1208,0.258,0.337,0.406,0.743,96,2231,133,56,64,42,39,1223,0,578,0.327258875,36.4221313,874,0.39756273,59,103,0.364,2010,-164
120,Arizona Diamondbacks,48,26.8,4.4,162,6183,5473,713,1366,301,34,180,691,86,41,589,1529,0.25,0.325,0.416,0.74,94,2275,113,39,41,41,45,1139,0,544,0.324123339,20.39568575,836,0.421091475,65,97,0.401,2010,-123
121,Atlanta Braves,43,28.6,4.56,162,6252,5463,738,1411,312,25,139,699,63,29,634,1140,0.258,0.339,0.401,0.74,101,2190,136,51,69,35,50,1222,1,584,0.326181314,30.91646111,629,0.579232892,91,71,0.562,2010,109
122,Baltimore Orioles,45,28.6,3.78,162,6109,5554,613,1440,264,21,133,577,76,34,424,1056,0.259,0.316,0.386,0.702,92,2145,154,54,31,45,32,1139,0,392,0.30893962,-54.04544318,785,0.378801686,66,96,0.407,2010,-172
123,Boston Red Sox,53,30.9,5.05,162,6356,5646,818,1511,358,22,211,782,68,17,587,1140,0.268,0.339,0.451,0.79,109,2546,130,47,29,46,43,1200,0,544,0.34400764,122.05484,744,0.547269069,89,73,0.549,2010,74
124,Chicago Cubs,44,29.3,4.23,162,6140,5512,685,1414,298,27,149,658,55,31,479,1236,0.257,0.32,0.401,0.721,90,2213,124,50,60,38,32,1129,0,447,0.31687283,-15.35815975,767,0.44370571,75,87,0.463,2010,-82
125,Chicago White Sox,40,30.6,4.64,162,6118,5484,752,1467,263,21,177,710,160,74,467,922,0.268,0.332,0.42,0.752,102,2303,148,79,50,38,23,1046,0,444,0.330572374,51.74542663,704,0.532931242,88,74,0.543,2010,48
126,Cincinnati Reds,44,29.0,4.88,162,6285,5579,790,1515,293,30,188,761,93,43,522,1218,0.272,0.338,0.436,0.774,106,2432,113,68,66,50,34,1174,1,488,0.338682296,93.93458367,685,0.570827522,91,71,0.562,2010,105
127,Cleveland Indians,45,27.2,3.99,162,6165,5487,646,1362,290,20,128,601,91,33,545,1184,0.248,0.322,0.378,0.7,96,2076,118,64,36,33,34,1186,0,511,0.310177194,-48.44607711,752,0.424610814,69,93,0.426,2010,-106
128,Colorado Rockies,43,28.8,4.75,162,6265,5530,770,1452,270,54,173,741,99,42,585,1274,0.263,0.336,0.425,0.76,92,2349,103,47,56,47,53,1175,0,532,0.332123132,60.7611371,717,0.535597011,83,79,0.512,2010,53
129,Detroit Tigers,41,29.0,4.64,162,6312,5643,751,1515,308,32,152,717,69,30,546,1147,0.268,0.335,0.415,0.75,102,2343,118,41,41,41,50,1229,0,496,0.32863366,43.59653046,743,0.505354599,81,81,0.5,2010,8
130,Florida Marlins,57,26.9,4.44,162,6194,5531,719,1403,294,37,152,686,92,26,514,1375,0.254,0.321,0.403,0.724,92,2227,107,55,51,43,42,1154,0,472,0.317423373,-12.76770103,717,0.501392755,80,82,0.494,2010,2
131,Houston Astros,48,29.6,3.77,162,6005,5452,611,1348,252,25,108,577,100,36,415,1025,0.247,0.303,0.362,0.665,81,1974,130,33,75,29,27,1060,0,388,0.294118943,-124.3118943,729,0.412617904,76,86,0.469,2010,-118
132,Kansas City Royals,46,28.9,4.17,162,6209,5604,676,1534,279,31,121,640,115,50,471,905,0.274,0.331,0.399,0.73,100,2238,152,35,45,53,25,1173,0,446,0.321482568,7.363023786,845,0.390243902,67,95,0.414,2010,-169
133,Los Angeles Angels of Anaheim,46,29.6,4.2,162,6089,5488,681,1363,276,19,155,656,104,52,466,1070,0.248,0.311,0.39,0.702,94,2142,125,52,42,37,28,1049,0,438,0.309065669,-53.22832253,702,0.484819118,80,82,0.494,2010,-21
134,Los Angeles Dodgers,49,30.3,4.12,162,6140,5426,667,1368,270,29,120,621,92,50,533,1184,0.252,0.322,0.379,0.7,92,2056,123,46,85,50,57,1142,0,476,0.308111037,-58.3985862,692,0.481610344,80,82,0.494,2010,-25
135,Milwaukee Brewers,43,27.9,4.63,162,6304,5606,750,1471,293,33,182,710,81,26,546,1216,0.262,0.335,0.424,0.759,103,2376,115,81,35,35,35,1220,0,511,0.33302583,65.68144649,804,0.465292874,77,85,0.475,2010,-54
136,Minnesota Twins,42,28.4,4.82,162,6257,5568,781,1521,318,41,142,749,68,28,559,967,0.273,0.341,0.422,0.762,109,2347,159,39,38,53,45,1156,1,514,0.333498542,67.56830321,671,0.575325268,94,68,0.58,2010,110
137,New York Mets,47,28.4,4.05,162,6144,5465,656,1361,266,40,128,625,130,44,502,1095,0.249,0.314,0.383,0.697,90,2091,101,46,74,57,53,1124,0,449,0.305697191,-70.30116536,652,0.503058075,79,83,0.488,2010,4
138,New York Yankees,43,30.3,5.3,162,6379,5567,859,1485,275,32,201,823,103,30,662,1136,0.267,0.35,0.436,0.786,108,2427,124,73,33,44,36,1228,1,626,0.345042789,127.798362,693,0.605748976,95,67,0.586,2010,166
139,Oakland Athletics,49,27.8,4.09,162,6117,5448,663,1396,276,30,109,619,156,38,527,1061,0.256,0.324,0.378,0.702,92,2059,129,47,43,51,16,1159,0,511,0.31162952,-40.95508668,626,0.528680791,81,81,0.5,2010,37
140,Philadelphia Phillies,42,31.8,4.77,162,6291,5581,772,1451,290,34,166,736,108,21,560,1064,0.26,0.332,0.413,0.745,98,2307,120,63,44,43,69,1194,1,491,0.325577857,28.07223826,640,0.592674506,97,65,0.599,2010,132
141,Pittsburgh Pirates,52,26.5,3.62,162,5974,5386,587,1303,276,27,126,570,87,36,463,1207,0.242,0.304,0.373,0.678,84,2011,119,33,58,33,28,1078,0,435,0.299070834,-100.0079266,866,0.314811448,57,105,0.352,2010,-279
142,San Diego Padres,40,29.1,4.1,162,6148,5434,665,1338,236,24,132,630,124,50,538,1183,0.246,0.317,0.371,0.689,93,2018,106,50,79,46,67,1125,0,471,0.303071155,-83.24928912,581,0.56711072,90,72,0.556,2010,84
143,Seattle Mariners,47,29.5,3.17,162,5989,5409,513,1274,227,16,101,485,142,39,459,1184,0.236,0.298,0.339,0.637,79,1836,110,39,42,40,33,1116,0,426,0.283400406,-175.3559757,698,0.350717576,61,101,0.377,2010,-185
144,San Francisco Giants,42,29.5,4.3,162,6143,5488,697,1411,284,30,162,660,55,32,487,1099,0.257,0.321,0.408,0.729,98,2241,158,50,76,41,53,1092,1,434,0.318824214,-5.777341094,583,0.588361604,92,70,0.568,2010,114
145,St. Louis Cardinals,42,28.8,4.54,162,6241,5542,736,1456,285,18,150,689,79,41,541,1027,0.263,0.332,0.402,0.733,100,2227,124,50,66,40,78,1164,0,463,0.320631665,3.152767842,641,0.568663741,86,76,0.531,2010,95
146,Tampa Bay Rays,37,27.5,4.95,162,6270,5439,802,1343,295,37,160,769,172,47,672,1292,0.247,0.333,0.403,0.736,105,2192,92,57,39,57,30,1152,1,642,0.324778047,23.94374818,649,0.604285023,96,66,0.593,2010,153
147,Texas Rangers,48,28.3,4.86,162,6302,5635,787,1556,268,25,162,740,123,48,511,986,0.276,0.338,0.419,0.757,98,2360,129,45,53,54,37,1174,1,474,0.331895941,59.93650773,687,0.567531782,90,72,0.556,2010,100
148,Toronto Blue Jays,44,29.3,4.66,162,6072,5495,755,1364,319,21,257,732,58,20,471,1164,0.248,0.312,0.454,0.766,105,2496,114,55,16,34,25,1017,0,446,0.333137645,63.80691476,728,0.518200306,85,77,0.525,2010,27
149,Washington Nationals,46,29.1,4.04,162,6100,5418,655,1355,250,31,149,634,110,41,503,1220,0.25,0.318,0.39,0.708,91,2114,125,60,71,47,36,1113,0,467,0.311965955,-39.19971429,742,0.437964289,69,93,0.426,2010,-87
150,Arizona Diamondbacks,51,28.3,4.51,162,6096,5421,731,1357,293,37,172,702,133,55,531,1249,0.25,0.322,0.413,0.736,99,2240,82,61,50,33,55,1064,1,476,0.321575697,7.684358538,662,0.549412146,94,68,0.58,2011,69
151,Atlanta Braves,45,28.9,3.96,162,6169,5528,641,1345,244,16,173,606,77,44,504,1260,0.243,0.308,0.387,0.695,90,2140,113,28,75,30,45,1109,0,459,0.305649297,-70.77766749,605,0.528868357,89,73,0.549,2011,36
152,Baltimore Orioles,50,28.3,4.37,162,6156,5585,708,1434,273,13,191,684,81,25,452,1120,0.257,0.316,0.413,0.729,97,2306,154,52,24,43,24,1069,0,428,0.319803536,-0.967544204,860,0.40396369,69,93,0.426,2011,-152
153,Boston Red Sox,49,30.0,5.4,162,6414,5710,875,1600,352,35,203,842,102,42,578,1108,0.28,0.349,0.461,0.81,116,2631,136,50,22,50,52,1190,0,526,0.351622475,162.1600505,737,0.584985108,90,72,0.556,2011,138
154,Chicago Cubs,42,29.2,4.04,162,6130,5549,654,1423,285,36,148,610,69,23,425,1202,0.256,0.314,0.401,0.715,95,2224,123,59,60,35,35,1141,0,390,0.313560418,-31.56940825,756,0.428036171,71,91,0.438,2011,-102
155,Chicago White Sox,42,30.0,4.04,162,6159,5502,654,1387,252,16,154,625,81,53,475,989,0.252,0.319,0.388,0.706,89,2133,125,84,52,46,31,1126,0,444,0.311891047,-39.9544345,706,0.461820522,79,83,0.488,2011,-52
156,Cincinnati Reds,42,28.6,4.54,162,6329,5612,735,1438,264,19,183,697,97,50,535,1250,0.256,0.326,0.408,0.734,98,2289,98,63,78,40,52,1189,0,483,0.321727977,8.747709584,720,0.510308183,79,83,0.488,2011,15
157,Cleveland Indians,46,27.8,4.35,162,6142,5509,704,1380,290,26,154,671,89,42,494,1269,0.25,0.317,0.396,0.714,100,2184,111,65,31,43,30,1075,0,464,0.314204901,-28.47480086,760,0.46180452,80,82,0.494,2011,-56
158,Colorado Rockies,55,28.6,4.54,162,6275,5544,735,1429,274,40,163,697,118,42,555,1201,0.258,0.329,0.41,0.739,88,2272,112,57,75,44,54,1172,0,501,0.323639766,18.27162382,774,0.474172321,73,89,0.451,2011,-39
159,Detroit Tigers,45,28.7,4.86,162,6231,5563,787,1540,297,34,169,750,49,20,521,1143,0.277,0.34,0.434,0.773,109,2412,142,39,50,58,47,1165,1,474,0.337122595,85.3527134,711,0.550604059,95,67,0.586,2011,76
160,Florida Marlins,44,27.4,3.86,162,6232,5508,625,1358,274,30,149,596,95,41,542,1244,0.247,0.318,0.388,0.706,93,2139,111,51,89,42,38,1198,0,504,0.311123669,-44.25383522,702,0.442169093,72,90,0.444,2011,-77
161,Houston Astros,47,28.2,3.8,162,6150,5598,615,1442,309,28,95,579,118,33,401,1164,0.258,0.311,0.374,0.684,89,2092,111,46,66,37,34,1154,0,367,0.301345899,-91.74832804,796,0.373798848,56,106,0.346,2011,-181
162,Kansas City Royals,42,25.8,4.51,162,6267,5672,730,1560,325,41,129,705,153,58,442,1006,0.275,0.329,0.415,0.744,104,2354,121,39,55,57,37,1156,0,405,0.324874453,24.43075976,762,0.47856214,71,91,0.438,2011,-32
163,Los Angeles Angels of Anaheim,43,28.9,4.12,162,6088,5513,667,1394,289,34,155,629,135,52,442,1086,0.253,0.313,0.402,0.714,102,2216,126,51,50,32,33,1051,0,409,0.313368859,-32.29630774,633,0.526135969,86,76,0.531,2011,34
164,Los Angeles Dodgers,48,29.8,4.0,161,6094,5436,644,1395,237,28,117,613,126,40,498,1087,0.257,0.322,0.375,0.697,95,2039,101,45,71,43,61,1165,0,437,0.306584466,-65.39268042,612,0.52546118,82,79,0.509,2011,32
165,Milwaukee Brewers,48,28.9,4.45,162,6113,5447,721,1422,276,31,185,693,94,31,481,1083,0.261,0.325,0.425,0.75,102,2315,114,56,85,44,53,1110,1,428,0.326791632,33.21379615,638,0.560847354,96,66,0.593,2011,83
166,Minnesota Twins,45,27.5,3.82,162,6020,5487,619,1357,259,25,103,572,92,39,440,1048,0.247,0.306,0.36,0.666,84,1975,115,37,31,25,24,1080,0,416,0.295508801,-117.9496127,804,0.372153807,63,99,0.389,2011,-185
167,New York Mets,46,28.0,4.43,162,6335,5600,718,1477,309,39,108,676,130,35,571,1085,0.264,0.335,0.391,0.725,103,2188,112,51,65,48,56,1257,0,515,0.319145478,-4.330717734,742,0.483566085,77,85,0.475,2011,-24
168,New York Yankees,48,30.6,5.35,162,6306,5518,867,1452,267,33,222,836,147,46,627,1138,0.263,0.343,0.444,0.788,110,2451,146,74,36,51,34,1114,1,593,0.344595895,124.0813701,657,0.635227636,97,65,0.599,2011,210
169,Oakland Athletics,48,29.1,3.98,162,6104,5452,645,1330,280,29,114,612,117,43,509,1094,0.244,0.311,0.369,0.68,88,2010,119,50,34,57,20,1106,0,489,0.301359127,-90.99728571,679,0.474337165,74,88,0.457,2011,-34
170,Philadelphia Phillies,42,31.5,4.4,162,6279,5579,713,1409,258,38,153,693,96,24,539,1024,0.253,0.323,0.395,0.717,96,2202,108,56,65,38,52,1197,1,487,0.315141234,-24.39878052,529,0.644966443,102,60,0.63,2011,184
171,Pittsburgh Pirates,52,27.2,3.77,162,6064,5421,610,1325,277,35,107,580,108,52,489,1308,0.244,0.309,0.368,0.676,90,1993,123,34,75,44,31,1079,0,458,0.298813161,-102.7646439,712,0.423300768,72,90,0.444,2011,-102
172,San Diego Padres,48,28.0,3.66,162,6074,5417,593,1284,247,42,91,563,170,44,501,1320,0.237,0.305,0.349,0.653,85,1888,105,48,55,47,42,1103,0,459,0.289509295,-148.0140787,611,0.485053175,71,91,0.438,2011,-18
173,Seattle Mariners,47,29.4,3.43,162,5972,5421,556,1263,253,22,109,534,125,40,435,1280,0.233,0.292,0.348,0.64,84,1887,82,37,38,41,33,1083,0,402,0.28337231,-174.9924528,675,0.404225634,67,95,0.414,2011,-119
174,San Francisco Giants,44,30.2,3.52,162,6091,5486,570,1327,282,24,121,534,85,51,448,1122,0.242,0.303,0.368,0.671,91,2020,117,52,62,43,47,1127,0,401,0.295260782,-120.5492598,578,0.493031697,86,76,0.531,2011,-8
175,St. Louis Cardinals,46,29.3,4.7,162,6242,5532,762,1513,308,22,162,726,57,39,542,978,0.273,0.341,0.425,0.766,112,2351,169,44,84,40,64,1127,1,478,0.334294388,71.38045553,692,0.548031728,90,72,0.556,2011,70
176,Tampa Bay Rays,42,28.3,4.36,162,6152,5436,707,1324,273,37,172,674,155,62,571,1193,0.244,0.322,0.402,0.724,104,2187,101,73,37,35,31,1118,1,540,0.319261999,-3.632147272,614,0.570054,91,71,0.562,2011,93
177,Texas Rangers,45,29.1,5.28,162,6261,5659,855,1599,310,32,210,807,143,45,475,930,0.283,0.34,0.46,0.8,110,2603,135,39,39,49,35,1126,1,440,0.34751091,137.7966459,677,0.614640385,96,66,0.593,2011,178
178,Toronto Blue Jays,53,28.3,4.59,162,6210,5559,743,1384,285,34,186,704,131,52,525,1184,0.249,0.317,0.413,0.73,96,2295,108,48,31,47,41,1090,0,484,0.319071359,-4.613489736,761,0.488033629,81,81,0.5,2011,-18
179,Washington Nationals,44,28.4,3.88,161,6090,5441,624,1319,257,22,154,594,106,38,470,1323,0.242,0.309,0.383,0.691,89,2082,103,65,82,32,40,1114,0,430,0.304535858,-75.34130027,643,0.485007318,80,81,0.497,2011,-19
180,Arizona Diamondbacks,48,28.3,4.53,162,6150,5462,734,1416,307,33,165,710,93,51,539,1266,0.259,0.328,0.418,0.746,99,2284,108,41,61,45,47,1122,0,492,0.326099338,29.99898278,688,0.532314989,81,81,0.5,2012,46
181,Atlanta Braves,41,28.4,4.32,162,6126,5425,700,1341,263,30,149,660,101,32,567,1289,0.247,0.32,0.389,0.709,90,2111,108,34,53,46,37,1127,1,530,0.312477216,-36.86164043,600,0.576470588,94,68,0.58,2012,100
182,Baltimore Orioles,52,28.0,4.4,162,6160,5560,712,1375,270,16,214,677,58,29,480,1315,0.247,0.311,0.417,0.728,97,2319,152,50,38,30,24,1027,1,456,0.319489829,-2.513304462,705,0.504939894,93,69,0.574,2012,7
183,Boston Red Sox,56,29.4,4.53,162,6166,5604,734,1459,339,16,165,695,97,31,428,1197,0.26,0.315,0.415,0.73,96,2325,105,45,34,55,27,1076,0,401,0.319041769,-4.726761671,806,0.453348727,69,93,0.426,2012,-72
184,Chicago Cubs,53,27.8,3.78,162,5967,5411,613,1297,265,36,137,570,94,45,447,1235,0.24,0.302,0.378,0.68,83,2045,125,43,42,24,29,1044,0,418,0.299603121,-97.36654274,759,0.394777538,61,101,0.377,2012,-146
185,Chicago White Sox,45,30.0,4.62,162,6111,5518,748,1409,228,29,211,726,109,43,461,1203,0.255,0.318,0.422,0.74,98,2328,112,65,31,36,24,1038,0,437,0.324547556,22.23209247,676,0.550432866,85,77,0.525,2012,72
186,Cincinnati Reds,38,28.8,4.13,162,6115,5477,669,1377,296,30,172,636,87,27,481,1266,0.251,0.315,0.411,0.726,93,2249,100,47,73,37,54,1135,1,427,0.316716767,-16.06157649,588,0.56417267,97,65,0.599,2012,81
187,Cleveland Indians,48,27.8,4.12,162,6195,5525,667,1385,266,24,136,635,110,44,555,1087,0.251,0.324,0.381,0.705,99,2107,141,59,17,39,28,1162,0,527,0.312507317,-37.13373659,845,0.383884395,68,94,0.42,2012,-178
188,Colorado Rockies,49,28.0,4.68,162,6183,5577,758,1526,306,52,166,716,100,40,450,1213,0.274,0.33,0.436,0.766,93,2434,132,36,74,39,34,1111,0,416,0.333915623,68.75430982,890,0.420413503,64,98,0.395,2012,-132
189,Detroit Tigers,47,27.9,4.48,162,6119,5476,726,1467,279,39,163,698,59,23,511,1103,0.268,0.335,0.422,0.757,103,2313,156,57,36,39,46,1121,1,465,0.331164486,54.65239026,670,0.540050165,88,74,0.543,2012,56
190,Houston Astros,50,26.6,3.6,162,6014,5407,583,1276,238,28,146,545,105,46,463,1365,0.236,0.302,0.371,0.673,82,2008,114,58,54,30,19,1090,0,444,0.298248863,-104.6142664,794,0.350283668,55,107,0.34,2012,-211
191,Kansas City Royals,46,26.1,4.17,162,6149,5636,676,1492,295,37,131,643,132,38,404,1032,0.265,0.317,0.4,0.716,94,2254,130,42,26,41,35,1087,0,369,0.313789422,-30.55107622,746,0.450892558,72,90,0.444,2012,-70
192,Los Angeles Angels of Anaheim,44,28.7,4.73,162,6121,5536,767,1518,273,22,187,732,134,33,449,1113,0.274,0.332,0.433,0.764,114,2396,138,47,47,41,29,1079,0,420,0.334336532,70.19166115,699,0.546285136,89,73,0.549,2012,68
193,Los Angeles Dodgers,50,30.4,3.93,162,6091,5438,637,1369,269,23,116,607,104,44,481,1156,0.252,0.317,0.374,0.69,91,2032,139,52,82,38,49,1112,0,432,0.304244966,-76.77112752,597,0.532380887,86,76,0.531,2012,40
194,Miami Marlins,45,28.3,3.76,162,6057,5437,609,1327,261,39,137,576,149,41,484,1228,0.244,0.308,0.382,0.69,85,2077,114,35,60,40,46,1092,0,438,0.302835294,-83.15956706,724,0.414365789,69,93,0.426,2012,-115
195,Milwaukee Brewers,46,29.1,4.79,162,6225,5557,776,1442,300,39,202,741,158,39,466,1240,0.259,0.325,0.437,0.762,101,2426,111,90,76,35,35,1104,0,431,0.332481597,62.14836578,733,0.528472573,83,79,0.512,2012,43
196,Minnesota Twins,47,28.8,4.33,162,6209,5562,701,1448,270,30,131,666,135,37,505,1069,0.26,0.325,0.39,0.715,98,2171,149,53,33,56,28,1144,0,477,0.315390371,-22.8969499,832,0.415166121,66,96,0.407,2012,-131
197,New York Mets,49,27.9,4.01,162,6091,5450,650,1357,286,21,139,625,79,38,503,1250,0.249,0.316,0.386,0.701,94,2102,118,42,64,30,43,1118,0,460,0.308854898,-54.29002073,709,0.456667398,74,88,0.457,2012,-59
198,New York Yankees,45,32.9,4.96,162,6231,5524,804,1462,280,13,245,774,93,27,565,1176,0.265,0.337,0.453,0.79,112,2503,136,62,31,49,31,1135,1,534,0.34472686,123.2584523,668,0.591609313,95,67,0.586,2012,136
199,Oakland Athletics,50,27.7,4.4,162,6183,5527,713,1315,267,32,195,676,122,32,550,1387,0.238,0.31,0.404,0.714,99,2231,97,45,27,34,29,1095,1,521,0.313858332,-30.37914673,614,0.574191435,94,68,0.58,2012,99
200,Philadelphia Phillies,49,31.1,4.22,162,6172,5544,684,1414,271,28,158,659,116,23,454,1094,0.255,0.317,0.4,0.716,92,2215,114,63,72,39,41,1135,0,413,0.314142598,-28.92150916,680,0.502932526,81,81,0.5,2012,4
201,Pittsburgh Pirates,49,27.7,4.02,162,6014,5412,651,1313,241,37,170,620,73,52,444,1354,0.243,0.304,0.395,0.699,93,2138,98,51,62,45,32,1049,0,412,0.30639527,-65.45507568,674,0.482646738,79,83,0.488,2012,-23
202,San Diego Padres,53,27.4,4.02,162,6112,5422,651,1339,272,43,121,610,155,46,539,1238,0.247,0.319,0.38,0.699,97,2060,100,54,63,34,36,1146,0,503,0.309133544,-53.13262332,710,0.456730837,76,86,0.469,2012,-59
203,Seattle Mariners,38,27.1,3.82,162,6057,5494,619,1285,241,27,149,584,104,35,466,1259,0.234,0.296,0.369,0.665,88,2027,95,30,32,35,21,1052,0,445,0.293784144,-127.0315523,651,0.474819136,75,87,0.463,2012,-32
204,San Francisco Giants,45,27.8,4.43,162,6200,5558,718,1495,287,57,103,675,118,39,483,1097,0.269,0.327,0.397,0.724,106,2205,114,29,69,61,44,1171,1,439,0.317010021,-14.83029407,649,0.55034722,94,68,0.58,2012,69
205,St. Louis Cardinals,45,29.2,4.72,162,6326,5622,765,1526,290,37,159,732,91,37,533,1192,0.271,0.338,0.421,0.759,107,2367,135,53,69,49,45,1198,1,488,0.332037991,60.92186478,648,0.582238698,88,74,0.543,2012,117
206,Tampa Bay Rays,43,29.7,4.3,162,6105,5398,697,1293,250,30,175,665,134,44,571,1323,0.24,0.317,0.394,0.711,99,2128,133,58,34,42,26,1058,0,545,0.313954989,-29.51416052,577,0.5933632,90,72,0.556,2012,120
207,Texas Rangers,39,29.7,4.99,162,6216,5590,808,1526,303,32,200,780,91,44,478,1103,0.273,0.334,0.446,0.78,105,2493,121,57,36,53,44,1113,1,434,0.338953375,94.22101598,707,0.566371681,93,69,0.574,2012,101
208,Toronto Blue Jays,54,27.8,4.42,162,6094,5487,716,1346,247,22,198,677,123,41,473,1251,0.245,0.309,0.407,0.716,94,2231,109,55,33,45,29,1026,0,444,0.313944619,-29.51634687,784,0.454759641,73,89,0.451,2012,-68
209,Washington Nationals,43,27.2,4.51,162,6221,5615,731,1468,301,25,194,688,105,35,479,1325,0.261,0.322,0.428,0.75,101,2401,110,41,50,36,43,1127,1,436,0.327064295,35.15758355,594,0.602302533,98,64,0.605,2012,137
210,Arizona Diamondbacks,44,28.1,4.23,162,6334,5676,685,1468,302,31,130,647,62,41,519,1142,0.259,0.323,0.391,0.715,96,2222,160,43,50,43,51,1160,0,468,0.31381862,-31.30745554,695,0.492754004,81,81,0.5,2013,-10
211,Atlanta Braves,44,26.8,4.25,162,6133,5441,688,1354,247,21,181,656,64,31,542,1384,0.249,0.321,0.402,0.723,99,2186,119,55,58,35,36,1132,0,506,0.318370051,-7.994572138,548,0.611833806,96,66,0.593,2013,140
212,Baltimore Orioles,52,27.8,4.6,162,6144,5620,745,1460,298,14,212,719,79,29,416,1125,0.26,0.313,0.431,0.744,101,2422,105,36,27,45,36,1053,0,380,0.323548758,17.44285742,709,0.524744116,85,77,0.525,2013,36
213,Boston Red Sox,48,29.6,5.27,162,6382,5651,853,1566,363,29,178,819,123,19,581,1308,0.277,0.349,0.446,0.795,116,2521,137,72,24,50,51,1212,0,530,0.346782485,136.6549491,656,0.628362314,97,65,0.599,2013,197
214,Chicago Cubs,56,27.9,3.72,162,6079,5498,602,1307,297,18,172,576,63,32,439,1230,0.238,0.3,0.392,0.693,89,2156,120,67,43,30,28,1092,0,411,0.304558775,-75.06906161,689,0.432915037,66,96,0.407,2013,-87
215,Chicago White Sox,47,29.2,3.69,162,6077,5563,598,1385,237,19,148,574,105,42,411,1207,0.249,0.302,0.378,0.68,84,2104,124,34,19,48,23,1068,0,388,0.29966186,-98.84336151,723,0.406214467,63,99,0.389,2013,-125
216,Cincinnati Reds,39,28.5,4.31,162,6293,5499,698,1370,274,20,155,664,67,35,585,1245,0.249,0.327,0.391,0.718,98,2149,129,76,85,46,65,1191,0,520,0.315761277,-21.3326468,589,0.584089915,90,72,0.556,2013,109
217,Cleveland Indians,49,28.6,4.6,162,6165,5465,745,1391,290,23,171,711,117,36,562,1283,0.255,0.327,0.41,0.737,107,2240,106,51,31,56,19,1126,0,543,0.324330335,21.35721341,662,0.55878619,92,70,0.568,2013,83
218,Colorado Rockies,43,27.7,4.36,162,6152,5599,706,1511,283,36,159,673,112,32,427,1204,0.27,0.323,0.418,0.741,91,2343,111,26,65,35,26,1118,0,401,0.324436562,21.83498169,760,0.463214985,74,88,0.457,2013,-54
219,Detroit Tigers,39,30.0,4.91,162,6388,5735,796,1625,292,23,176,767,35,20,531,1073,0.283,0.346,0.434,0.78,111,2491,146,43,32,47,40,1250,0,491,0.341467701,109.7085396,624,0.619375323,93,69,0.574,2013,172
220,Houston Astros,50,25.8,3.77,162,6020,5457,610,1307,266,16,148,566,110,61,426,1535,0.24,0.299,0.375,0.674,86,2049,110,52,46,38,17,1007,0,409,0.297971793,-106.0702216,848,0.340999483,51,111,0.315,2013,-238
221,Kansas City Royals,43,26.9,4.0,162,6093,5549,648,1443,254,34,112,620,153,32,422,1048,0.26,0.315,0.379,0.694,89,2101,131,42,37,42,38,1110,0,384,0.305190294,-72.17658235,601,0.537576894,86,76,0.531,2013,47
222,Los Angeles Angels of Anaheim,49,27.8,4.52,162,6260,5588,733,1476,270,39,164,696,82,34,523,1221,0.264,0.329,0.414,0.743,110,2316,150,48,37,64,40,1144,0,483,0.325243409,26.25899402,737,0.497278932,78,84,0.481,2013,-4
223,Los Angeles Dodgers,49,30.6,4.01,162,6145,5491,649,1447,281,17,138,618,78,28,476,1146,0.264,0.326,0.396,0.722,103,2176,130,57,71,48,45,1175,0,431,0.317310436,-13.2175915,582,0.554266539,92,70,0.568,2013,67
224,Miami Marlins,53,27.7,3.17,162,6021,5449,513,1257,219,31,95,485,78,29,432,1232,0.231,0.293,0.335,0.627,73,1823,131,56,57,26,31,1080,0,401,0.279254889,-196.2284558,646,0.386737401,62,100,0.383,2013,-133
225,Milwaukee Brewers,40,27.9,3.95,162,6064,5474,640,1381,238,43,157,610,142,50,407,1183,0.252,0.311,0.398,0.708,93,2176,116,71,77,35,22,1071,0,385,0.311426655,-41.59100889,687,0.464626138,74,88,0.457,2013,-47
226,Minnesota Twins,44,28.2,3.79,162,6212,5564,614,1346,285,15,151,590,52,33,533,1430,0.242,0.312,0.38,0.692,90,2114,103,52,29,32,20,1206,0,513,0.30698101,-64.67834442,788,0.377774215,66,96,0.407,2013,-174
227,New York Mets,53,28.3,3.82,162,6207,5559,619,1318,263,32,130,593,114,35,512,1384,0.237,0.306,0.366,0.672,91,2035,106,51,53,32,40,1137,0,472,0.297026497,-114.0772287,684,0.450238949,74,88,0.457,2013,-65
228,New York Yankees,56,31.9,4.01,162,6045,5449,650,1321,247,24,144,614,115,31,466,1214,0.242,0.307,0.376,0.683,88,2048,121,57,36,36,33,1064,0,433,0.301442678,-89.72836418,671,0.484106969,85,77,0.525,2013,-21
229,Oakland Athletics,44,28.3,4.73,162,6209,5521,767,1403,301,25,186,725,74,28,573,1178,0.254,0.327,0.419,0.745,107,2312,108,45,21,49,29,1126,0,544,0.32702062,34.87282481,625,0.600960861,96,66,0.593,2013,142
230,Philadelphia Phillies,51,30.0,3.77,162,6014,5456,610,1355,255,32,140,578,73,29,417,1205,0.248,0.306,0.384,0.69,91,2094,131,53,57,31,41,1061,0,376,0.3031119,-81.25202705,749,0.398777839,73,89,0.451,2013,-139
231,Pittsburgh Pirates,49,27.9,3.91,162,6135,5486,634,1346,273,35,161,603,94,42,469,1330,0.245,0.313,0.396,0.709,100,2172,120,88,62,29,41,1126,0,428,0.311842149,-40.03220693,577,0.546964491,94,68,0.58,2013,57
232,San Diego Padres,47,28.1,3.81,162,6122,5517,618,1349,246,26,146,578,118,34,467,1309,0.245,0.308,0.378,0.686,97,2085,99,52,52,34,36,1126,0,431,0.302379848,-86.29645873,700,0.438024415,76,86,0.469,2013,-82
233,Seattle Mariners,47,28.7,3.85,162,6172,5558,624,1318,249,17,188,597,49,23,529,1353,0.237,0.306,0.39,0.695,98,2165,122,31,26,28,21,1131,0,508,0.306999184,-64.19283069,754,0.40649259,71,91,0.438,2013,-130
234,San Francisco Giants,44,28.7,3.88,162,6168,5552,629,1446,280,35,107,596,67,26,469,1078,0.26,0.32,0.381,0.702,100,2117,131,39,66,42,40,1187,0,429,0.308883207,-54.85470406,691,0.453133697,76,86,0.469,2013,-62
235,St. Louis Cardinals,44,28.7,4.83,162,6202,5557,783,1494,322,20,125,745,45,22,481,1110,0.269,0.332,0.401,0.733,102,2231,154,64,56,44,38,1087,0,443,0.322465619,12.23341454,596,0.633156908,97,65,0.599,2013,187
236,Tampa Bay Rays,42,29.5,4.29,163,6242,5538,700,1421,296,23,165,670,73,38,589,1171,0.257,0.329,0.408,0.737,106,2258,140,36,24,55,31,1172,0,558,0.323993858,19.94372976,646,0.540054402,92,71,0.564,2013,54
237,Texas Rangers,46,29.6,4.48,163,6196,5585,730,1465,262,23,176,691,149,46,462,1067,0.262,0.323,0.412,0.735,100,2301,124,61,45,42,26,1110,0,436,0.322978445,14.7611757,636,0.568489731,91,72,0.558,2013,94
238,Toronto Blue Jays,53,28.9,4.4,162,6152,5537,712,1398,273,24,185,669,112,41,510,1123,0.252,0.318,0.411,0.729,99,2274,133,38,29,38,19,1065,0,491,0.320360419,1.773840105,756,0.47005415,74,88,0.457,2013,-44
239,Washington Nationals,44,27.7,4.05,162,6047,5436,656,1365,259,27,161,621,88,28,464,1192,0.251,0.313,0.398,0.71,94,2161,115,40,68,39,35,1071,0,429,0.311675639,-40.26992732,626,0.523388129,86,76,0.531,2013,30
240,Arizona Diamondbacks,52,27.6,3.8,162,6089,5552,615,1379,259,47,118,573,86,33,398,1165,0.248,0.302,0.376,0.678,88,2086,115,43,56,36,31,1092,0,367,0.297934311,-107.4157719,742,0.407223815,64,98,0.395,2014,-127
241,Atlanta Braves,39,26.8,3.54,162,6064,5468,573,1316,240,22,123,545,95,33,472,1369,0.241,0.305,0.36,0.665,88,1969,121,43,53,27,31,1128,0,441,0.294795116,-122.2537682,597,0.479495807,79,83,0.488,2014,-24
242,Baltimore Orioles,44,28.3,4.35,162,6130,5596,705,1434,264,16,211,681,44,20,401,1285,0.256,0.311,0.422,0.734,104,2363,112,62,35,36,29,1088,1,372,0.320621497,3.04782064,593,0.585648906,96,66,0.593,2014,112
243,Boston Red Sox,55,29.1,3.91,162,6226,5551,634,1355,282,20,123,601,63,25,535,1337,0.244,0.316,0.369,0.684,91,2046,138,68,20,52,36,1168,0,499,0.303048622,-84.43142172,715,0.440171226,71,91,0.438,2014,-81
244,Chicago Cubs,48,26.8,3.79,162,6102,5508,614,1315,270,31,157,590,65,40,442,1477,0.239,0.3,0.385,0.684,89,2118,94,54,57,41,29,1069,0,413,0.300764628,-93.89939362,707,0.429946,73,89,0.451,2014,-93
245,Chicago White Sox,44,27.7,4.07,162,6077,5543,660,1400,279,32,155,625,85,36,417,1362,0.253,0.31,0.398,0.708,102,2208,127,60,19,38,33,1071,0,384,0.310554357,-45.92093876,758,0.431217109,73,89,0.451,2014,-98
246,Cincinnati Reds,45,29.0,3.67,162,5978,5395,595,1282,254,20,131,562,122,52,415,1252,0.238,0.296,0.365,0.661,85,1969,88,52,76,37,22,1037,0,393,0.292533606,-131.2893653,612,0.485918286,76,86,0.469,2014,-17
247,Cleveland Indians,46,28.6,4.13,162,6222,5575,669,1411,284,23,142,644,104,27,504,1189,0.253,0.317,0.389,0.706,97,2167,126,42,51,49,24,1154,0,480,0.311383013,-42.8850192,653,0.512101102,85,77,0.525,2014,16
248,Colorado Rockies,49,27.3,4.66,162,6164,5612,755,1551,307,41,186,721,85,48,397,1281,0.276,0.327,0.445,0.772,102,2498,121,48,59,48,39,1072,0,358,0.335248928,75.19551599,818,0.460013283,66,96,0.407,2014,-63
249,Detroit Tigers,48,29.8,4.67,162,6202,5630,757,1557,325,26,155,731,106,41,443,1144,0.277,0.331,0.426,0.757,113,2399,137,44,24,61,51,1111,1,392,0.329348784,46.38492704,705,0.535522777,90,72,0.556,2014,52
250,Houston Astros,48,25.4,3.88,162,6055,5447,629,1317,240,19,163,596,122,37,495,1442,0.242,0.309,0.383,0.692,96,2084,122,55,22,36,27,1086,0,468,0.305852481,-68.53058275,723,0.430807844,70,92,0.432,2014,-94
251,Kansas City Royals,48,28.2,4.02,162,6058,5545,651,1456,286,29,95,604,153,36,380,985,0.263,0.314,0.376,0.69,92,2085,131,53,33,47,22,1080,1,358,0.304151258,-76.80934466,624,0.521166978,89,73,0.549,2014,27
252,Los Angeles Angels of Anaheim,54,29.3,4.77,162,6285,5652,773,1464,304,31,155,729,81,39,492,1266,0.259,0.322,0.406,0.728,110,2295,112,60,26,54,42,1113,1,450,0.318912484,-5.467160875,630,0.600876483,98,64,0.605,2014,143
253,Los Angeles Dodgers,49,29.4,4.43,162,6231,5560,718,1476,302,38,134,686,138,50,519,1246,0.265,0.333,0.406,0.738,110,2256,119,61,47,43,30,1159,1,489,0.32498131,24.82684869,617,0.575224863,94,68,0.58,2014,101
254,Miami Marlins,45,27.4,3.98,162,6185,5538,645,1399,254,36,122,614,58,21,501,1419,0.253,0.317,0.378,0.694,94,2091,143,35,71,39,49,1145,0,452,0.305509565,-71.68708179,674,0.47802427,77,85,0.475,2014,-29
255,Milwaukee Brewers,40,28.8,4.01,162,6065,5462,650,1366,297,28,150,617,102,43,423,1197,0.25,0.311,0.397,0.708,95,2169,135,73,70,37,32,1049,0,391,0.310731176,-44.97233607,657,0.494644377,82,80,0.506,2014,-7
256,Minnesota Twins,48,27.5,4.41,162,6233,5567,715,1412,316,27,128,675,99,36,544,1329,0.254,0.324,0.389,0.713,100,2166,97,53,25,44,29,1176,0,515,0.314753196,-26.16266192,777,0.458516674,70,92,0.432,2014,-62
257,New York Mets,45,28.4,3.88,162,6145,5472,629,1306,275,19,125,602,101,34,516,1264,0.239,0.308,0.364,0.673,93,1994,112,54,59,44,42,1123,0,474,0.297468564,-110.76454,618,0.508820484,79,83,0.488,2014,11
258,New York Yankees,58,32.8,3.91,162,6082,5497,633,1349,247,26,147,591,112,26,452,1133,0.245,0.307,0.38,0.687,94,2089,111,56,29,47,16,1098,0,436,0.303591783,-79.82269583,664,0.476112336,84,78,0.519,2014,-31
259,Oakland Athletics,45,29.6,4.5,162,6245,5545,729,1354,253,33,146,686,83,20,586,1104,0.244,0.32,0.381,0.7,100,2111,118,49,19,43,34,1147,1,552,0.309922443,-50.32328841,572,0.618944242,88,74,0.543,2014,157
260,Philadelphia Phillies,49,30.7,3.82,162,6198,5603,619,1356,251,27,125,584,109,26,443,1306,0.242,0.302,0.363,0.665,85,2036,94,55,59,37,42,1147,0,401,0.293548228,-131.1373031,687,0.448073392,73,89,0.451,2014,-68
261,Pittsburgh Pirates,45,27.3,4.21,162,6224,5536,682,1436,275,30,156,659,104,47,520,1244,0.259,0.33,0.404,0.734,106,2239,127,78,54,35,46,1192,1,474,0.322786216,13.87089727,631,0.538783832,88,74,0.543,2014,51
262,San Diego Padres,51,27.9,3.3,162,5905,5294,535,1199,224,30,109,500,91,34,468,1294,0.226,0.292,0.342,0.634,84,1810,118,41,56,45,27,1033,0,441,0.281709328,-180.8545006,577,0.46228402,77,85,0.475,2014,-42
263,Seattle Mariners,44,27.5,3.91,162,5977,5450,634,1328,247,32,136,600,96,42,396,1232,0.244,0.3,0.376,0.676,95,2047,112,60,35,34,33,1008,0,363,0.297506348,-107.5196546,554,0.56703608,87,75,0.537,2014,80
264,San Francisco Giants,46,28.6,4.1,162,6087,5523,665,1407,257,42,132,636,56,27,427,1245,0.255,0.311,0.388,0.699,100,2144,113,43,45,49,37,1095,1,390,0.306466278,-65.90381216,614,0.539811602,88,74,0.543,2014,51
265,St. Louis Cardinals,46,28.5,3.82,162,6086,5426,619,1371,275,21,105,585,57,32,471,1133,0.253,0.32,0.369,0.689,93,2003,140,86,64,39,28,1145,1,443,0.306082749,-67.76030964,603,0.513091045,90,72,0.556,2014,16
266,Tampa Bay Rays,43,29.3,3.78,162,6205,5516,612,1361,263,24,117,586,63,27,527,1124,0.247,0.317,0.367,0.684,96,2023,135,66,43,53,31,1193,0,496,0.303389333,-82.45535149,625,0.489491864,77,85,0.475,2014,-13
267,Texas Rangers,64,28.4,3.93,162,6026,5460,637,1400,260,28,111,597,105,59,417,1162,0.256,0.314,0.375,0.689,92,2049,148,61,41,45,37,1066,0,380,0.303678103,-78.65848638,773,0.404435173,67,95,0.414,2014,-136
268,Toronto Blue Jays,55,29.2,4.46,162,6167,5549,723,1435,282,24,177,690,78,21,502,1151,0.259,0.323,0.414,0.736,108,2296,128,41,35,40,27,1122,0,475,0.323221949,15.89580868,686,0.526241663,83,79,0.512,2014,37
269,Washington Nationals,40,28.7,4.23,162,6216,5542,686,1403,265,27,152,635,101,23,517,1304,0.253,0.321,0.393,0.714,96,2178,115,56,60,41,29,1160,1,488,0.315005712,-24.83559328,555,0.604396748,96,66,0.593,2014,131
270,Arizona Diamondbacks,50,26.5,4.44,162,6276,5649,720,1494,289,48,154,680,132,44,490,1312,0.264,0.324,0.414,0.738,97,2341,134,33,46,57,40,1153,0,450,0.322365487,11.87474552,713,0.50488474,79,83,0.488,2015,7
271,Atlanta Braves,60,28.8,3.54,162,6034,5420,573,1361,251,18,100,548,69,33,471,1107,0.251,0.314,0.359,0.674,87,1948,148,44,67,31,39,1145,0,432,0.298729543,-102.6597348,760,0.362422441,67,95,0.414,2015,-187
272,Baltimore Orioles,48,27.9,4.4,162,6007,5485,713,1370,246,20,217,686,44,25,418,1331,0.25,0.307,0.421,0.728,97,2307,127,51,20,32,23,990,0,395,0.318500755,-7.20357404,693,0.514221873,81,81,0.5,2015,20
273,Boston Red Sox,51,28.2,4.62,162,6237,5640,748,1495,294,33,161,706,71,27,478,1148,0.265,0.325,0.415,0.74,97,2338,127,46,30,42,28,1142,0,450,0.324504694,22.47301781,753,0.496668924,78,84,0.481,2015,-5
274,Chicago Cubs,50,26.9,4.25,162,6200,5491,689,1341,272,30,171,657,95,37,567,1518,0.244,0.321,0.398,0.719,98,2186,101,74,32,35,47,1165,1,520,0.316624183,-16.74135163,608,0.562209182,97,65,0.599,2015,81
275,Chicago White Sox,40,28.2,3.84,162,6070,5533,622,1381,260,27,136,595,68,42,404,1231,0.25,0.306,0.38,0.686,92,2103,125,65,30,37,22,1065,0,382,0.302898454,-83.0314243,701,0.440499382,76,86,0.469,2015,-79
276,Cincinnati Reds,50,29.5,3.95,162,6196,5571,640,1382,257,27,167,613,134,38,496,1255,0.248,0.312,0.394,0.706,92,2194,112,42,47,40,38,1148,0,458,0.310207822,-48.53786811,754,0.418764237,64,98,0.395,2015,-114
277,Cleveland Indians,49,28.0,4.16,161,6109,5439,669,1395,303,29,141,640,86,28,533,1157,0.256,0.325,0.401,0.725,93,2179,134,39,47,50,34,1147,0,499,0.318709142,-6.307647586,640,0.522143448,81,80,0.503,2015,29
278,Colorado Rockies,51,28.0,4.55,162,6071,5572,737,1479,274,49,186,702,97,43,388,1283,0.265,0.315,0.432,0.748,89,2409,114,33,44,34,47,1016,0,341,0.324466555,21.69316522,844,0.432629898,68,94,0.42,2015,-107
279,Detroit Tigers,47,28.3,4.28,161,6159,5605,689,1515,289,49,151,660,83,51,455,1259,0.27,0.328,0.42,0.748,105,2355,152,41,23,35,36,1111,0,419,0.327095082,34.95888787,803,0.424035979,74,87,0.46,2015,-114
280,Houston Astros,46,26.3,4.5,162,6073,5459,729,1363,278,26,230,691,121,48,486,1392,0.25,0.315,0.437,0.752,107,2383,102,56,28,43,22,1036,1,464,0.328208236,39.87232946,618,0.581849534,86,76,0.531,2015,111
281,Kansas City Royals,45,29.1,4.47,162,6116,5575,724,1497,300,42,139,689,104,34,383,973,0.269,0.322,0.412,0.734,98,2298,133,77,34,47,28,1079,1,355,0.321369343,6.699919392,641,0.560581868,95,67,0.586,2015,83
282,Los Angeles Angels of Anaheim,51,28.7,4.08,162,5990,5417,661,1331,243,21,176,621,52,34,435,1150,0.246,0.307,0.396,0.702,97,2144,116,58,37,40,34,1013,0,401,0.308260649,-56.22679513,675,0.489522109,85,77,0.525,2015,-14
283,Los Angeles Dodgers,55,29.6,4.12,162,6090,5385,667,1346,263,26,187,638,59,34,563,1258,0.25,0.326,0.413,0.739,106,2222,135,60,49,30,31,1121,1,532,0.325188946,25.26809256,595,0.556867197,92,70,0.568,2015,72
284,Miami Marlins,51,27.9,3.78,162,5988,5463,613,1420,236,40,120,575,112,45,375,1150,0.26,0.31,0.384,0.694,93,2096,133,39,71,40,30,1059,0,345,0.304740955,-73.09693086,678,0.449778743,71,91,0.438,2015,-65
285,Milwaukee Brewers,49,28.1,4.04,162,6024,5480,655,1378,274,34,145,624,84,29,412,1299,0.251,0.307,0.393,0.7,91,2155,130,41,55,34,35,1026,0,377,0.306888065,-63.16805934,737,0.441295667,68,94,0.42,2015,-82
286,Minnesota Twins,44,28.2,4.3,162,6017,5467,696,1349,277,44,156,661,70,38,439,1264,0.247,0.305,0.399,0.704,92,2182,133,40,30,41,31,993,0,408,0.308440228,-55.64411686,700,0.497134694,83,79,0.512,2015,-4
287,New York Mets,49,28.6,4.22,162,6145,5527,683,1351,295,17,177,654,51,25,488,1290,0.244,0.312,0.4,0.712,96,2211,130,68,29,32,42,1098,1,446,0.312493002,-36.8983975,613,0.553855232,90,72,0.556,2015,70
288,New York Yankees,56,31.4,4.72,162,6268,5567,764,1397,272,19,212,737,63,25,554,1227,0.251,0.323,0.421,0.744,102,2343,105,63,24,54,23,1151,1,531,0.326440869,32.26617667,698,0.545051826,87,75,0.537,2015,66
289,Oakland Athletics,52,27.9,4.28,162,6171,5600,694,1405,277,46,146,661,78,29,475,1119,0.251,0.312,0.395,0.707,96,2212,124,40,14,38,21,1102,0,454,0.31115623,-43.63162557,729,0.475418946,68,94,0.42,2015,-35
290,Philadelphia Phillies,50,28.0,3.86,162,6053,5529,626,1374,272,37,130,586,88,32,387,1274,0.249,0.303,0.382,0.684,89,2110,119,54,53,29,20,1066,0,367,0.301495233,-89.59267837,809,0.374514626,63,99,0.389,2015,-183
291,Pittsburgh Pirates,46,28.2,4.3,162,6285,5631,697,1462,292,27,140,661,98,45,461,1322,0.26,0.323,0.396,0.719,97,2228,115,89,63,41,46,1166,1,415,0.316010363,-20.05989637,596,0.57763919,98,64,0.605,2015,101
292,San Diego Padres,46,27.7,4.01,162,6019,5457,650,1324,260,36,148,623,82,29,426,1327,0.243,0.3,0.385,0.685,91,2100,108,40,52,42,22,1028,0,404,0.301208144,-90.45647787,731,0.441547936,74,88,0.457,2015,-81
293,Seattle Mariners,51,28.6,4.05,162,6131,5544,656,1379,262,22,198,624,69,45,478,1336,0.249,0.311,0.411,0.722,101,2279,123,36,38,35,31,1080,0,447,0.316209172,-18.59325371,726,0.449478385,76,86,0.469,2015,-70
294,San Francisco Giants,48,28.9,4.3,162,6153,5565,696,1486,288,39,136,663,93,36,457,1159,0.267,0.326,0.406,0.732,101,2260,142,49,45,37,30,1130,0,427,0.321638697,8.066321816,627,0.552012717,84,78,0.519,2015,69
295,St. Louis Cardinals,46,28.4,3.99,162,6139,5484,647,1386,288,39,137,619,69,38,506,1267,0.253,0.321,0.394,0.716,95,2163,128,66,39,42,47,1152,1,459,0.314237316,-28.29247265,525,0.602979687,100,62,0.617,2015,122
296,Tampa Bay Rays,51,28.5,3.98,162,6071,5485,644,1383,278,32,167,612,87,45,436,1310,0.252,0.314,0.406,0.72,100,2226,121,84,19,47,22,1075,0,414,0.316431177,-17.33305738,642,0.501555206,80,82,0.494,2015,2
297,Texas Rangers,57,28.7,4.64,162,6187,5511,751,1419,279,32,172,707,101,39,503,1233,0.257,0.325,0.413,0.739,98,2278,99,76,43,54,32,1130,1,471,0.323972513,19.66235079,733,0.512127596,88,74,0.543,2015,18
298,Toronto Blue Jays,52,29.5,5.5,162,6232,5509,891,1480,308,17,232,852,88,23,570,1151,0.269,0.34,0.457,0.797,115,2518,140,54,36,62,12,1057,1,558,0.347933042,139.2406288,670,0.638793963,93,69,0.574,2015,221
299,Washington Nationals,44,28.4,4.34,162,6117,5428,703,1363,265,13,177,665,57,23,539,1344,0.251,0.321,0.403,0.724,96,2185,129,44,55,51,38,1114,0,501,0.317861886,-10.4630757,635,0.550691193,83,79,0.512,2015,68
300,Arizona Diamondbacks,50,26.7,4.64,162,6260,5665,752,1479,285,56,190,709,137,31,463,1427,0.261,0.32,0.432,0.752,93,2446,117,50,43,38,43,1113,0,420,0.327424267,37.17478957,890,0.41654562,69,93,0.426,2016,-138
301,Atlanta Braves,60,28.9,4.03,161,6192,5514,649,1404,295,27,122,615,75,34,502,1240,0.255,0.321,0.384,0.705,89,2119,145,59,64,52,60,1160,0,442,0.309287951,-53.05463524,779,0.40971186,68,93,0.422,2016,-130
302,Baltimore Orioles,47,28.5,4.59,162,6089,5524,744,1413,265,6,253,710,19,13,468,1324,0.256,0.317,0.443,0.76,101,2449,119,44,17,36,19,1065,1,449,0.33211135,58.99680687,715,0.519868778,89,73,0.549,2016,29
303,Boston Red Sox,50,28.5,5.42,162,6320,5670,878,1598,343,25,208,836,83,24,558,1160,0.282,0.348,0.461,0.81,112,2615,137,43,8,40,34,1162,1,524,0.352877171,166.2006729,694,0.61546642,93,69,0.574,2016,184
304,Chicago Cubs,45,27.4,4.99,162,6335,5503,808,1409,293,30,199,767,66,34,656,1339,0.256,0.343,0.429,0.772,104,2359,107,96,42,37,45,1217,1,611,0.339162798,97.10173075,556,0.678652807,103,58,0.64,2016,252
305,Chicago White Sox,50,28.3,4.23,162,6131,5550,686,1428,277,33,168,656,77,36,455,1285,0.257,0.317,0.41,0.727,99,2275,122,53,29,44,16,1105,0,439,0.319523497,-2.337154124,715,0.479309365,78,84,0.481,2016,-29
306,Cincinnati Reds,52,27.8,4.42,162,6094,5487,716,1403,277,33,164,678,139,51,452,1284,0.256,0.316,0.408,0.724,91,2238,129,52,58,44,37,1014,0,415,0.316813938,-15.53014071,854,0.412775811,68,94,0.42,2016,-138
307,Cleveland Indians,48,29.0,4.83,161,6155,5484,777,1435,308,29,185,733,134,31,531,1246,0.262,0.329,0.43,0.759,96,2356,137,49,31,60,16,1084,1,515,0.33232482,60.68741323,676,0.569177104,94,67,0.584,2016,101
308,Colorado Rockies,47,27.8,5.22,162,6236,5614,845,1544,318,47,204,805,66,39,494,1330,0.275,0.336,0.457,0.794,97,2568,113,40,54,34,35,1089,0,459,0.345153734,125.4869458,860,0.491203027,75,87,0.463,2016,-15
309,Detroit Tigers,44,29.9,4.66,161,6127,5526,750,1476,252,30,211,719,58,29,493,1303,0.267,0.331,0.438,0.769,106,2421,135,53,17,38,32,1105,0,461,0.336107272,78.95140507,721,0.519706821,86,75,0.534,2016,29
310,Houston Astros,43,26.4,4.47,162,6204,5545,724,1367,291,29,198,689,102,44,554,1452,0.247,0.319,0.417,0.735,103,2310,134,47,27,31,31,1086,0,523,0.322595184,12.88041653,701,0.516136147,84,78,0.519,2016,23
311,Kansas City Royals,42,28.5,4.17,162,6052,5552,675,1450,264,33,147,640,121,35,382,1224,0.261,0.312,0.4,0.712,90,2221,134,45,38,34,23,1049,0,359,0.312669449,-35.48573088,712,0.47334269,81,81,0.5,2016,-37
312,Los Angeles Angels,53,28.5,4.43,162,6041,5431,717,1410,279,20,156,686,73,34,471,991,0.26,0.322,0.405,0.726,100,2197,147,51,36,49,21,1037,0,450,0.319595385,-1.954450426,727,0.493075124,74,88,0.457,2016,-10
313,Los Angeles Dodgers,55,28.9,4.48,162,6164,5518,725,1376,272,21,189,680,45,26,525,1321,0.249,0.319,0.409,0.728,95,2257,120,58,30,32,31,1106,1,494,0.320327761,1.615994756,638,0.563570784,91,71,0.562,2016,87
314,Miami Marlins,53,28.3,4.07,161,6134,5547,655,1460,259,42,128,626,71,28,447,1213,0.263,0.322,0.394,0.716,96,2187,140,54,46,38,40,1171,0,407,0.314765134,-25.68015878,682,0.479813767,79,82,0.491,2016,-27
315,Milwaukee Brewers,50,27.5,4.14,162,6061,5330,671,1299,249,19,194,641,181,56,599,1543,0.244,0.322,0.407,0.729,92,2168,131,37,53,39,34,1071,0,565,0.320855803,4.147563892,733,0.455926402,73,89,0.451,2016,-62
316,Minnesota Twins,49,26.9,4.46,162,6245,5618,722,1409,288,35,200,690,91,32,513,1426,0.251,0.316,0.421,0.738,98,2367,96,44,27,43,24,1124,0,489,0.322907653,14.52663222,889,0.397439778,59,103,0.364,2016,-167
317,New York Mets,46,29.5,4.14,162,6115,5459,671,1342,240,19,218,649,42,18,517,1302,0.246,0.316,0.417,0.733,97,2274,123,62,35,41,43,1120,1,474,0.320564944,2.763252485,617,0.541851901,87,75,0.537,2016,54
318,New York Yankees,53,30.1,4.2,162,6059,5458,680,1378,245,20,183,647,72,22,475,1188,0.252,0.315,0.405,0.72,91,2212,121,42,21,49,19,1098,0,456,0.316474604,-17.04881266,702,0.484085075,84,78,0.519,2016,-22
319,Oakland Athletics,51,28.7,4.03,162,6022,5500,653,1352,270,21,169,634,50,23,442,1145,0.246,0.304,0.395,0.699,91,2171,142,33,13,34,19,1036,0,423,0.307400668,-60.6985429,761,0.424063926,69,93,0.426,2016,-108
320,Philadelphia Phillies,49,26.9,3.77,162,5992,5434,610,1305,231,35,161,574,96,45,424,1376,0.24,0.301,0.384,0.685,82,2089,112,58,46,30,33,1043,0,391,0.301224421,-90.00261661,796,0.369985165,71,91,0.438,2016,-186
321,Pittsburgh Pirates,55,28.9,4.5,162,6261,5542,729,1426,277,32,153,696,110,45,561,1334,0.257,0.332,0.402,0.734,96,2226,133,81,41,36,39,1173,0,522,0.32379712,19.01901569,758,0.480505061,78,83,0.484,2016,-29
322,San Diego Padres,58,28.1,4.23,162,6001,5419,686,1275,257,26,177,654,125,45,449,1500,0.235,0.299,0.39,0.689,86,2115,93,58,36,36,30,965,0,419,0.302837154,-82.35419825,770,0.442499079,68,94,0.42,2016,-84
323,Seattle Mariners,54,30.5,4.74,162,6227,5583,768,1446,251,17,223,735,56,28,506,1288,0.259,0.326,0.43,0.756,106,2400,138,72,24,41,29,1099,0,477,0.331367244,56.61797116,707,0.541285321,86,76,0.531,2016,61
324,San Francisco Giants,45,29.2,4.41,162,6271,5565,715,1437,280,54,130,675,79,36,572,1107,0.258,0.329,0.398,0.728,97,2215,120,42,42,46,43,1188,1,529,0.319847946,-0.762339696,631,0.562165021,87,75,0.537,2016,84
325,St. Louis Cardinals,41,28.5,4.81,162,6223,5548,779,1415,299,32,225,745,35,26,526,1318,0.255,0.325,0.442,0.767,104,2453,117,70,37,41,28,1113,0,498,0.335000812,74.66804223,712,0.544845729,86,76,0.531,2016,67
326,Tampa Bay Rays,48,27.7,4.15,162,6046,5481,672,1333,288,32,216,647,60,37,449,1482,0.243,0.307,0.426,0.733,100,2333,88,69,18,28,20,1060,0,429,0.32066256,3.204141835,713,0.470423031,68,94,0.42,2016,-41
327,Texas Rangers,52,28.4,4.72,162,6089,5525,765,1446,257,23,215,746,99,36,436,1220,0.262,0.322,0.433,0.755,96,2394,114,70,18,40,23,1038,1,413,0.330176918,49.57380291,757,0.505256097,95,67,0.586,2016,8
328,Toronto Blue Jays,49,30.0,4.69,162,6233,5479,759,1358,276,18,221,728,54,24,632,1362,0.248,0.33,0.426,0.755,101,2333,153,55,26,40,16,1120,1,616,0.332583199,62.73479548,666,0.564986363,89,73,0.549,2016,93
329,Washington Nationals,43,28.8,4.71,162,6201,5490,763,1403,268,29,203,735,121,39,536,1252,0.256,0.326,0.426,0.751,96,2338,102,64,48,63,49,1105,1,487,0.327558978,37.49857667,612,0.608509553,95,67,0.586,2016,151
330,Arizona Diamondbacks,45,28.3,5.01,162,6224,5525,812,1405,314,39,220,776,103,30,578,1456,0.254,0.329,0.445,0.774,94,2457,106,54,39,27,44,1118,1,534,0.337423453,86.74091726,659,0.602897703,93,69,0.574,2017,153
331,Atlanta Braves,49,28.7,4.52,162,6216,5584,732,1467,289,26,165,706,77,31,474,1184,0.263,0.326,0.412,0.738,92,2303,137,66,59,32,57,1127,0,417,0.322893917,14.3885555,821,0.442879164,72,90,0.444,2017,-89
332,Baltimore Orioles,50,28.6,4.59,162,6140,5650,743,1469,269,12,232,713,32,13,392,1412,0.26,0.312,0.435,0.747,100,2458,138,50,10,37,12,1041,0,380,0.326517901,32.01071506,841,0.438367227,75,87,0.463,2017,-98
333,Boston Red Sox,49,27.3,4.85,162,6338,5669,785,1461,302,19,168,735,106,31,571,1224,0.258,0.329,0.407,0.736,92,2305,141,53,9,36,48,1134,1,523,0.323392772,17.2027104,668,0.580004311,93,69,0.574,2017,117
334,Chicago Cubs,47,27.1,5.07,162,6283,5496,822,1402,274,29,223,785,62,31,622,1401,0.255,0.338,0.437,0.775,99,2403,134,82,48,32,54,1147,1,568,0.338921981,95.06403367,695,0.583135196,92,70,0.568,2017,127
335,Chicago White Sox,51,26.7,4.36,162,6059,5513,706,1412,256,37,186,670,71,31,401,1397,0.256,0.314,0.417,0.731,96,2300,124,76,35,33,17,1055,0,384,0.320631036,3.058251082,820,0.425709493,67,95,0.414,2017,-114
336,Cincinnati Reds,47,27.1,4.65,162,6213,5484,753,1390,249,38,219,715,120,39,565,1329,0.253,0.329,0.433,0.761,97,2372,116,72,50,42,41,1135,0,524,0.332873244,63.98517217,869,0.428847274,68,94,0.42,2017,-116
337,Cleveland Indians,41,28.0,5.05,162,6234,5511,818,1449,333,29,212,780,88,23,604,1153,0.263,0.339,0.449,0.788,104,2476,125,50,23,45,30,1158,1,574,0.343996764,119.6574628,564,0.677786106,102,60,0.63,2017,254
338,Colorado Rockies,41,28.3,5.09,162,6201,5534,824,1510,293,38,192,793,59,34,519,1408,0.273,0.338,0.444,0.781,90,2455,143,44,62,41,46,1088,1,473,0.34033979,100.8853578,757,0.54230227,87,75,0.537,2017,67
339,Detroit Tigers,49,29.6,4.54,162,6150,5556,735,1435,289,35,187,699,65,34,503,1313,0.258,0.324,0.424,0.748,98,2355,128,52,11,27,21,1104,0,482,0.328397907,41.31098643,894,0.403315214,64,98,0.395,2017,-159
340,Houston Astros,46,28.8,5.53,162,6271,5611,896,1581,346,20,238,854,98,42,509,1087,0.282,0.346,0.478,0.823,123,2681,139,70,11,61,27,1094,1,482,0.357347365,187.0953599,700,0.620982414,101,61,0.623,2017,196
341,Kansas City Royals,49,28.9,4.33,162,6027,5536,702,1436,260,24,193,660,91,31,390,1166,0.259,0.311,0.42,0.731,93,2323,160,45,17,37,19,1005,0,371,0.319966605,-0.160961763,791,0.440599561,80,82,0.494,2017,-89
342,Los Angeles Angels,55,30.0,4.38,162,6073,5415,710,1314,251,14,186,678,136,44,523,1198,0.243,0.315,0.397,0.712,92,2151,141,70,17,46,30,1033,0,493,0.313859562,-29.82288048,709,0.500704721,80,82,0.494,2017,1
343,Los Angeles Dodgers,52,27.9,4.75,162,6191,5408,770,1347,312,20,221,730,77,28,649,1380,0.249,0.334,0.437,0.771,104,2362,119,64,31,38,41,1146,1,608,0.337528604,86.8016476,580,0.638007102,104,58,0.642,2017,190
344,Miami Marlins,43,28.4,4.8,162,6248,5602,778,1497,271,31,194,743,91,30,486,1282,0.267,0.331,0.431,0.761,107,2412,119,67,50,41,48,1130,0,438,0.33232596,61.59035524,822,0.472520781,77,85,0.475,2017,-44
345,Milwaukee Brewers,50,27.4,4.52,162,6135,5467,732,1363,267,22,224,695,128,41,547,1571,0.249,0.322,0.429,0.751,94,2346,116,53,42,26,34,1088,0,513,0.3290576,44.4547021,697,0.524477968,86,76,0.531,2017,35
346,Minnesota Twins,52,27.0,5.03,162,6261,5557,815,1444,286,31,206,781,95,28,593,1342,0.26,0.334,0.434,0.768,104,2410,105,46,26,39,26,1147,1,567,0.336621034,83.25143501,788,0.516838641,85,77,0.525,2017,27
347,New York Mets,52,28.8,4.54,162,6169,5510,735,1379,286,28,224,713,58,23,529,1291,0.25,0.32,0.434,0.755,101,2393,118,57,36,37,31,1099,0,498,0.329749263,48.11456047,863,0.420410523,70,92,0.432,2017,-128
348,New York Yankees,51,28.6,5.3,162,6354,5594,858,1463,266,23,241,821,90,22,616,1386,0.262,0.339,0.447,0.785,105,2498,119,64,18,56,22,1184,1,594,0.343609702,119.8995105,660,0.628252788,91,71,0.562,2017,198
349,Oakland Athletics,54,28.7,4.56,162,6126,5464,739,1344,305,15,234,708,57,22,565,1491,0.246,0.319,0.436,0.755,104,2381,129,43,13,40,15,1075,0,550,0.330754469,52.69690011,826,0.444580213,75,87,0.463,2017,-87
350,Philadelphia Phillies,51,26.6,4.26,162,6133,5535,690,1382,287,36,174,654,59,25,494,1417,0.25,0.315,0.409,0.723,89,2263,128,47,21,36,25,1079,0,469,0.317612946,-11.7118436,782,0.437743191,66,96,0.407,2017,-92
351,Pittsburgh Pirates,47,28.2,4.12,162,6136,5458,668,1331,249,36,151,635,67,36,519,1213,0.244,0.318,0.386,0.704,86,2105,120,88,42,28,39,1129,0,480,0.310994384,-44.19956392,731,0.45505897,75,87,0.463,2017,-63
352,San Diego Padres,52,26.2,3.73,162,5954,5356,604,1251,227,31,189,576,89,33,460,1499,0.234,0.299,0.393,0.692,83,2107,99,53,52,33,20,1037,0,440,0.304782387,-72.48453451,816,0.353959359,71,91,0.438,2017,-212
353,Seattle Mariners,61,29.5,4.63,162,6166,5551,750,1436,281,17,200,714,89,35,487,1267,0.259,0.325,0.424,0.749,103,2351,131,78,14,35,31,1084,0,456,0.328436275,41.60770588,772,0.485548355,78,84,0.481,2017,-22
354,San Francisco Giants,49,29.5,3.94,162,6137,5551,639,1382,290,28,128,612,76,34,467,1204,0.249,0.309,0.38,0.689,81,2112,136,36,31,52,37,1093,0,430,0.302870325,-84.09985434,776,0.404079379,64,98,0.395,2017,-137
355,St. Louis Cardinals,48,28.0,4.7,162,6219,5470,761,1402,284,28,196,728,81,31,593,1348,0.256,0.334,0.426,0.76,99,2330,139,65,47,44,36,1118,0,557,0.333186115,65.60355802,705,0.538143523,83,79,0.512,2017,56
356,Tampa Bay Rays,53,28.3,4.28,162,6147,5478,694,1340,226,32,228,671,88,34,545,1538,0.245,0.317,0.422,0.739,99,2314,115,55,16,48,33,1114,0,512,0.323420318,16.80607648,704,0.49284729,80,82,0.494,2017,-10
357,Texas Rangers,51,28.3,4.93,162,6122,5430,799,1326,255,21,237,756,113,44,544,1493,0.244,0.32,0.43,0.75,91,2334,110,81,27,39,18,1015,0,526,0.329229756,45.19627123,816,0.48947485,78,84,0.481,2017,-17
358,Toronto Blue Jays,60,30.9,4.28,162,6154,5499,693,1320,269,5,222,661,53,24,542,1327,0.24,0.312,0.412,0.724,91,2265,153,51,25,35,12,1064,0,530,0.319167621,-4.09663843,784,0.438621616,76,86,0.469,2017,-91
359,Washington Nationals,49,29.2,5.06,162,6214,5553,819,1477,311,31,215,796,108,30,542,1327,0.266,0.332,0.449,0.782,99,2495,116,31,43,45,56,1101,1,486,0.339026983,94.58693704,672,0.597642436,97,65,0.599,2017,147
360,Arizona Diamondbacks,49,29.2,4.28,162,6157,5460,693,1283,259,50,176,658,79,25,560,1460,0.235,0.31,0.397,0.707,86,2170,110,52,38,45,36,1086,0,524,0.310598586,-46.29256372,644,0.536600055,82,80,0.506,2018,49
361,Atlanta Braves,58,27.3,4.69,162,6251,5582,759,1433,314,29,175,717,90,36,511,1290,0.257,0.324,0.417,0.742,98,2330,99,66,49,43,53,1143,1,458,0.323816881,19.08745747,657,0.571662052,90,72,0.556,2018,102
362,Baltimore Orioles,56,28.4,3.84,162,6034,5507,622,1317,242,15,188,593,81,22,422,1412,0.239,0.298,0.391,0.689,89,2153,132,57,13,35,19,1027,0,403,0.303503832,-79.6303019,892,0.32716135,47,115,0.29,2018,-270
363,Boston Red Sox,44,27.7,5.41,162,6302,5623,876,1509,355,31,208,829,125,31,569,1253,0.268,0.339,0.453,0.792,112,2550,130,55,7,48,38,1124,1,531,0.344927281,125.6733821,647,0.647036851,108,54,0.667,2018,229
364,Chicago Cubs,50,27.2,4.67,163,6369,5624,761,1453,286,34,167,722,66,38,576,1388,0.258,0.333,0.41,0.744,97,2308,107,78,40,46,67,1224,1,509,0.325413137,27.55936455,645,0.581945765,95,68,0.583,2018,116
365,Chicago White Sox,51,26.5,4.05,162,6071,5523,656,1332,259,40,182,639,98,41,425,1594,0.241,0.302,0.401,0.703,93,2217,99,66,24,32,18,1050,0,407,0.308837094,-54.20707366,848,0.374387528,62,100,0.383,2018,-192
366,Cincinnati Reds,53,27.2,4.3,162,6240,5532,696,1404,251,25,172,665,77,33,559,1376,0.254,0.328,0.401,0.729,95,2221,128,65,49,35,35,1179,0,524,0.321583821,7.906432749,819,0.419343529,67,95,0.414,2018,-123
367,Cleveland Indians,49,29.4,5.05,162,6300,5595,818,1447,297,19,216,786,135,36,554,1189,0.259,0.332,0.434,0.766,106,2430,98,80,25,44,32,1147,1,522,0.335475084,77.96966384,648,0.614423137,91,71,0.562,2018,170
368,Colorado Rockies,41,28.7,4.79,163,6178,5541,780,1418,280,42,210,748,95,33,507,1397,0.256,0.322,0.435,0.757,90,2412,114,51,42,37,38,1067,1,469,0.330191866,50.37227944,745,0.522938737,91,72,0.558,2018,35
369,Detroit Tigers,49,27.9,3.89,162,6029,5494,630,1326,284,35,135,597,70,30,428,1341,0.241,0.3,0.38,0.68,83,2085,110,52,15,40,18,1071,0,410,0.299749833,-97.6706044,796,0.385146858,64,98,0.395,2018,-166
370,Houston Astros,41,28.2,4.92,162,6146,5453,797,1390,278,18,205,763,71,26,565,1197,0.255,0.329,0.425,0.754,106,2319,156,61,14,45,19,1052,1,546,0.331628174,57.09898378,534,0.690170747,103,59,0.636,2018,263
371,Kansas City Royals,49,28.6,3.94,162,6063,5505,638,1350,283,29,155,606,117,38,427,1310,0.245,0.305,0.392,0.697,90,2156,123,67,24,40,13,1063,0,414,0.30727846,-61.70455758,833,0.369726405,58,104,0.358,2018,-195
372,Los Angeles Angels,60,29.6,4.45,162,6108,5472,721,1323,249,23,214,690,89,22,514,1300,0.242,0.313,0.413,0.726,99,2260,111,73,7,39,38,1071,0,476,0.318287129,-8.365663366,722,0.499307,80,82,0.494,2018,-1
373,Los Angeles Dodgers,52,28.1,4.93,163,6358,5572,804,1394,296,33,235,756,75,24,647,1436,0.25,0.333,0.442,0.774,109,2461,119,61,39,39,47,1163,1,600,0.337930485,91.20161735,610,0.634664551,92,71,0.564,2018,194
374,Miami Marlins,51,27.5,3.66,161,6083,5488,589,1303,222,24,128,554,45,31,455,1384,0.237,0.303,0.357,0.659,83,1957,119,73,32,31,26,1123,0,429,0.293140674,-130.6222727,809,0.346435298,63,98,0.391,2018,-220
375,Milwaukee Brewers,53,28.8,4.63,163,6210,5542,754,1398,252,24,218,711,124,32,537,1458,0.252,0.323,0.424,0.747,99,2352,128,58,29,41,32,1106,1,505,0.327284413,36.17147934,659,0.566930296,96,67,0.589,2018,95
376,Minnesota Twins,54,28.2,4.56,162,6154,5526,738,1379,317,22,166,704,47,27,534,1328,0.25,0.318,0.405,0.723,96,2238,89,37,19,38,25,1087,0,509,0.317927987,-10.20093486,775,0.47555989,78,84,0.481,2018,-37
377,New York Mets,56,28.3,4.17,162,6177,5468,676,1282,265,34,170,649,71,39,566,1404,0.234,0.312,0.389,0.701,96,2125,116,73,28,42,36,1104,0,530,0.309252413,-53.11027646,707,0.477596217,77,85,0.475,2018,-31
378,New York Yankees,49,27.2,5.25,162,6271,5515,851,1374,269,23,267,821,63,21,625,1421,0.249,0.329,0.451,0.781,112,2490,107,62,10,59,21,1100,1,604,0.340759615,104.1468385,669,0.618044449,100,62,0.617,2018,182
379,Oakland Athletics,53,28.0,5.02,162,6255,5579,813,1407,322,20,227,778,35,21,550,1381,0.252,0.325,0.439,0.764,110,2450,136,76,6,44,18,1085,1,532,0.334723158,73.67468464,674,0.592667082,97,65,0.599,2018,139
380,Philadelphia Phillies,48,26.7,4.18,162,6136,5424,677,1270,241,30,186,653,69,26,582,1520,0.234,0.314,0.393,0.707,89,2129,102,64,32,32,33,1120,0,549,0.312033284,-39.09426924,728,0.463748833,80,82,0.494,2018,-51
381,Pittsburgh Pirates,48,27.8,4.3,161,6066,5447,692,1381,290,38,157,665,70,38,474,1229,0.254,0.317,0.407,0.725,98,2218,121,59,31,52,38,1071,0,436,0.317037037,-14.37155556,693,0.499277979,82,79,0.509,2018,-1
382,San Diego Padres,49,26.8,3.81,162,6059,5486,617,1289,250,30,162,583,95,36,471,1523,0.235,0.297,0.38,0.677,88,2085,122,31,35,36,28,1028,0,443,0.298218813,-105.5777718,767,0.392876825,66,96,0.407,2018,-150
383,Seattle Mariners,53,29.8,4.18,162,6087,5513,677,1402,256,32,176,644,79,37,430,1221,0.254,0.314,0.408,0.722,102,2250,128,70,29,41,17,1084,0,413,0.317500414,-12.16398476,711,0.475519012,89,73,0.549,2018,-34
384,San Francisco Giants,48,29.8,3.72,162,6113,5541,603,1324,255,30,133,573,77,34,448,1467,0.239,0.3,0.368,0.667,85,2038,113,49,33,42,40,1101,0,408,0.29385596,-127.8548119,699,0.426665963,73,89,0.451,2018,-96
385,St. Louis Cardinals,49,28.0,4.69,162,6200,5498,759,1369,248,9,205,725,63,32,525,1380,0.249,0.321,0.409,0.73,99,2250,92,80,46,48,40,1101,0,485,0.320654557,3.245033546,691,0.546793639,88,74,0.543,2018,68
386,Tampa Bay Rays,54,27.1,4.42,162,6195,5475,716,1415,274,43,150,664,128,51,540,1388,0.258,0.333,0.406,0.74,105,2225,122,101,28,50,17,1156,0,523,0.326874289,34.06347439,646,0.551259608,90,72,0.556,2018,70
387,Texas Rangers,50,27.4,4.55,162,6163,5453,737,1308,266,24,194,696,74,35,555,1484,0.24,0.318,0.404,0.722,89,2204,104,88,33,34,16,1093,0,539,0.319386654,-3.02404318,848,0.430310242,67,95,0.414,2018,-111
388,Toronto Blue Jays,63,28.9,4.38,162,6076,5477,709,1336,320,16,217,680,47,30,499,1387,0.244,0.312,0.427,0.739,102,2339,118,58,5,37,15,1036,0,484,0.323746697,18.21194716,832,0.420687,73,89,0.451,2018,-123
389,Washington Nationals,53,27.6,4.76,162,6288,5517,771,1402,284,25,191,737,119,33,631,1289,0.254,0.335,0.419,0.753,98,2309,104,59,41,40,56,1180,0,575,0.330203521,51.32779325,682,0.561023628,82,80,0.506,2018,89
390,Arizona Diamondbacks,45,28.7,5.02,162,6315,5633,813,1419,288,40,220,778,88,14,540,1360,0.252,0.323,0.434,0.757,94,2447,120,70,31,40,36,1119,0,504,0.330704338,54.06975252,743,0.544896283,85,77,0.525,2019,70
391,Atlanta Braves,50,28.0,5.28,162,6302,5560,855,1432,277,29,249,824,89,28,619,1467,0.258,0.336,0.452,0.789,98,2514,104,60,25,35,39,1138,1,580,0.344121893,121.5550409,743,0.569745003,97,65,0.599,2019,112
392,Baltimore Orioles,58,26.5,4.5,162,6189,5596,729,1379,252,25,213,698,84,30,462,1435,0.246,0.31,0.415,0.725,90,2320,111,71,22,37,8,1063,0,454,0.318842157,-5.731788243,981,0.355764017,54,108,0.333,2019,-252
393,Boston Red Sox,47,27.3,5.56,162,6475,5770,901,1554,345,27,245,857,68,30,590,1382,0.269,0.34,0.466,0.806,106,2688,127,49,20,44,36,1170,0,554,0.350297647,156.8933346,828,0.542145808,84,78,0.519,2019,73
394,Chicago Cubs,52,27.7,5.02,162,6195,5461,814,1378,270,26,256,783,45,24,581,1460,0.252,0.331,0.452,0.783,102,2468,127,83,30,39,33,1071,0,548,0.341810471,108.0752478,717,0.563103974,84,78,0.519,2019,97
395,Chicago White Sox,47,27.6,4.4,161,6042,5529,708,1443,260,20,182,676,63,28,378,1549,0.261,0.314,0.414,0.728,93,2289,114,66,36,32,13,1071,0,365,0.31996996,-0.14517757,832,0.419999196,72,89,0.447,2019,-124
396,Cincinnati Reds,47,27.8,4.33,162,6100,5450,701,1328,235,27,227,679,80,38,492,1436,0.244,0.315,0.422,0.736,85,2298,111,89,30,33,25,1073,0,467,0.32321742,15.68556648,711,0.492918202,75,87,0.463,2019,-10
397,Cleveland Indians,54,27.7,4.75,162,6124,5425,769,1354,286,18,223,731,103,35,563,1332,0.25,0.323,0.432,0.756,95,2345,110,50,40,46,30,1072,0,533,0.330439379,51.14460522,657,0.578059843,93,69,0.574,2019,112
398,Colorado Rockies,50,28.2,5.15,162,6288,5660,835,1502,323,41,224,803,71,31,489,1503,0.265,0.326,0.456,0.782,89,2579,111,43,51,43,25,1075,0,464,0.340033816,100.746056,958,0.431721207,71,91,0.438,2019,-123
399,Detroit Tigers,53,27.6,3.61,161,6039,5549,582,1333,292,41,149,556,57,20,391,1595,0.24,0.294,0.388,0.682,78,2154,108,48,9,42,14,1069,0,377,0.299574468,-98.67982979,915,0.288043104,47,114,0.292,2019,-333
400,Houston Astros,45,29.0,5.68,162,6394,5613,920,1538,323,28,288,891,67,27,645,1166,0.274,0.352,0.495,0.848,119,2781,146,66,10,57,17,1168,1,628,0.367900691,244.9066549,640,0.67388535,107,55,0.66,2019,280
401,Kansas City Royals,51,27.6,4.27,162,6080,5496,691,1356,281,40,162,655,117,39,456,1405,0.247,0.309,0.401,0.71,85,2203,113,59,24,42,17,1056,0,439,0.312165341,-38.08897681,869,0.38736389,59,103,0.364,2019,-178
402,Los Angeles Angels,57,28.8,4.75,162,6251,5542,769,1368,268,21,220,734,65,20,586,1276,0.247,0.324,0.422,0.746,96,2338,143,67,4,42,29,1125,0,557,0.327554768,37.71944588,868,0.4397439,72,90,0.444,2019,-99
403,Los Angeles Dodgers,46,27.9,5.47,162,6282,5493,886,1414,302,20,279,861,57,10,607,1356,0.257,0.338,0.472,0.81,111,2593,100,81,55,45,47,1124,1,560,0.351210552,156.826781,613,0.676274698,106,56,0.654,2019,273
404,Miami Marlins,50,28.4,3.8,162,6045,5512,615,1326,265,18,146,593,55,30,395,1469,0.241,0.298,0.375,0.673,77,2065,139,73,31,33,16,1034,0,379,0.297600467,-108.3062224,808,0.366820905,57,105,0.352,2019,-193
405,Milwaukee Brewers,50,28.9,4.75,162,6309,5542,769,1366,279,17,250,744,101,25,629,1563,0.246,0.329,0.438,0.767,97,2429,120,72,20,38,42,1180,1,587,0.33555698,78.41962622,766,0.50195439,89,73,0.549,2019,3
406,Minnesota Twins,50,27.8,5.8,162,6392,5732,939,1547,318,23,307,906,28,21,525,1334,0.27,0.338,0.494,0.832,118,2832,101,81,10,41,21,1115,1,504,0.360492293,206.9642089,754,0.607984074,101,61,0.623,2019,185
407,New York Mets,53,27.9,4.88,162,6290,5624,791,1445,280,17,242,767,56,27,516,1384,0.257,0.328,0.442,0.77,105,2485,129,95,28,27,34,1128,0,482,0.336971741,85.40179833,737,0.535296231,86,76,0.531,2019,54
408,New York Yankees,54,28.3,5.82,162,6245,5583,943,1493,290,17,306,904,55,22,569,1437,0.267,0.339,0.49,0.829,118,2735,113,49,10,33,18,1039,1,551,0.359895431,199.2856577,739,0.619525976,103,59,0.636,2019,204
409,Oakland Athletics,49,27.8,5.22,162,6269,5561,845,1384,292,23,257,800,49,21,578,1338,0.249,0.327,0.448,0.776,108,2493,140,87,7,36,17,1081,1,561,0.339505204,97.82249992,680,0.606944769,97,65,0.599,2019,165
410,Philadelphia Phillies,56,27.7,4.78,162,6261,5571,774,1369,311,26,215,742,78,18,562,1453,0.246,0.319,0.427,0.746,92,2377,97,57,34,34,47,1129,0,515,0.32574227,28.74809908,794,0.487246973,81,81,0.5,2019,-20
411,Pittsburgh Pirates,54,27.5,4.68,162,6228,5657,758,1497,315,38,163,722,64,29,425,1213,0.265,0.321,0.42,0.741,94,2377,119,63,47,34,41,1103,0,384,0.323773216,18.79363441,911,0.409092301,69,93,0.426,2019,-153
412,San Diego Padres,54,26.2,4.21,162,6019,5391,682,1281,224,24,219,652,70,37,504,1581,0.238,0.308,0.41,0.718,90,2210,120,55,37,31,19,1008,0,485,0.315660852,-20.89039383,789,0.427643211,70,92,0.432,2019,-107
413,Seattle Mariners,67,27.8,4.68,162,6199,5500,758,1305,254,28,239,730,115,47,588,1581,0.237,0.316,0.424,0.74,99,2332,83,58,14,37,7,1080,0,581,0.325493847,27.23629663,893,0.418774458,68,94,0.42,2019,-135
414,San Francisco Giants,64,29.9,4.19,162,6170,5579,678,1332,300,26,167,655,47,28,475,1435,0.239,0.302,0.392,0.694,83,2185,111,50,24,42,26,1069,0,449,0.304957516,-74.24969935,773,0.434807366,77,85,0.475,2019,-95
415,St. Louis Cardinals,43,28.8,4.72,162,6167,5449,764,1336,246,24,210,714,116,29,561,1420,0.245,0.322,0.415,0.737,94,2260,110,76,40,39,15,1107,1,546,0.32497545,24.5389198,662,0.571164648,91,71,0.562,2019,102
416,Tampa Bay Rays,57,27.2,4.75,162,6285,5628,769,1427,291,29,217,730,94,37,542,1493,0.254,0.325,0.431,0.757,102,2427,114,73,8,34,20,1130,1,522,0.331962602,60.14796228,656,0.578802717,96,66,0.593,2019,113
417,Texas Rangers,53,28.8,5.0,162,6204,5540,810,1374,296,24,223,765,131,38,534,1578,0.248,0.319,0.431,0.75,88,2387,98,67,17,44,18,1066,0,516,0.328680071,43.067042,878,0.459780909,78,84,0.481,2019,-68
418,Toronto Blue Jays,61,25.9,4.48,162,6091,5493,726,1299,270,21,247,697,51,20,509,1514,0.236,0.305,0.428,0.733,94,2352,107,45,14,28,10,1003,0,499,0.321454246,7.083921517,828,0.434644501,67,95,0.414,2019,-102
419,Washington Nationals,50,28.8,5.39,162,6267,5512,873,1460,298,27,231,824,116,29,584,1308,0.265,0.342,0.454,0.796,104,2505,117,81,48,42,33,1114,1,551,0.347618817,138.4696993,724,0.592494782,93,69,0.574,2019,149
420,Arizona Diamondbacks,45,29.1,4.48,60,2238,1997,269,482,101,12,58,255,23,7,181,461,0.241,0.312,0.391,0.704,90,781,37,36,1,23,5,402,0,176,0.31077957,-16.50825806,295,0.453998469,25,35,0.417,2020,-26
421,Atlanta Braves,48,28.2,5.8,60,2344,2074,348,556,130,3,103,338,23,4,239,573,0.268,0.349,0.483,0.832,117,1001,39,23,1,7,13,446,1,226,0.362042918,78.83888069,288,0.59350741,35,25,0.583,2020,60
422,Baltimore Orioles,45,26.3,4.57,60,2242,2026,274,523,102,7,77,264,19,14,164,514,0.258,0.321,0.429,0.75,102,870,32,27,15,10,5,410,0,159,0.329279928,16.64447885,294,0.464832334,25,35,0.417,2020,-20
423,Boston Red Sox,47,27.0,4.87,60,2304,2083,292,552,118,7,81,278,31,9,187,545,0.265,0.33,0.445,0.775,104,927,51,21,4,9,8,429,0,179,0.339384817,35.73009424,351,0.409008706,24,36,0.4,2020,-59
424,Chicago Cubs,47,27.9,4.42,60,2214,1918,265,422,82,8,74,248,24,10,229,568,0.22,0.318,0.387,0.705,90,742,42,52,1,13,9,412,1,220,0.3138266,-10.9293872,240,0.549383923,34,26,0.567,2020,25
425,Chicago White Sox,48,27.6,5.1,60,2267,2047,306,534,94,6,96,294,20,8,179,571,0.261,0.326,0.453,0.779,112,928,44,24,1,13,1,400,1,178,0.3411229,38.25779664,246,0.607426436,35,25,0.583,2020,60
426,Cincinnati Reds,43,29.1,4.05,60,2123,1842,243,390,76,3,90,237,29,9,239,534,0.212,0.312,0.403,0.715,85,742,44,33,0,7,4,371,1,235,0.317893245,-3.574741615,243,0.5,31,29,0.517,2020,0
427,Cleveland Indians,39,27.9,4.13,60,2247,1959,248,446,96,5,59,234,25,10,239,517,0.228,0.317,0.372,0.689,88,729,40,24,7,16,4,412,1,235,0.307918532,-21.69831692,209,0.584722156,35,25,0.583,2020,39
428,Colorado Rockies,40,28.7,4.58,60,2257,2057,275,528,84,16,63,264,42,9,161,543,0.257,0.311,0.405,0.716,81,833,41,10,7,19,12,395,0,149,0.313091723,-12.45700582,353,0.377683111,26,34,0.433,2020,-78
429,Detroit Tigers,45,27.5,4.29,58,2076,1893,249,463,78,12,62,242,19,6,147,567,0.245,0.303,0.397,0.7,91,751,42,19,1,14,1,337,0,146,0.308836873,-18.521861,318,0.380082759,23,35,0.397,2020,-69
430,Houston Astros,43,29.2,4.65,60,2229,1992,279,478,103,12,69,268,22,11,192,440,0.24,0.312,0.408,0.72,95,812,39,23,6,13,5,400,1,187,0.317110609,-5.145426637,275,0.50721984,29,31,0.483,2020,4
431,Kansas City Royals,48,27.8,4.13,60,2200,1988,248,485,97,7,68,237,49,20,172,527,0.244,0.309,0.402,0.711,91,800,28,18,8,10,3,395,0,169,0.313716247,-11.03929703,272,0.453944261,26,34,0.433,2020,-24
432,Los Angeles Angels,45,28.5,4.9,60,2308,2020,294,501,97,8,85,285,21,8,239,490,0.248,0.332,0.43,0.763,107,869,49,25,6,18,8,436,0,231,0.335148213,27.96965998,321,0.456182017,26,34,0.433,2020,-27
433,Los Angeles Dodgers,38,28.0,5.82,60,2316,2042,349,523,97,6,118,327,29,8,228,471,0.256,0.338,0.483,0.821,119,986,46,30,3,12,7,401,1,221,0.357301518,69.08241215,213,0.728605611,43,17,0.717,2020,136
434,Miami Marlins,61,29.0,4.38,60,2167,1935,263,472,82,5,60,247,51,14,191,537,0.244,0.319,0.384,0.703,89,744,37,25,6,9,6,401,1,185,0.312506964,-12.98393315,304,0.428065724,31,29,0.517,2020,-41
435,Milwaukee Brewers,43,28.5,4.12,60,2188,1920,247,429,83,5,75,238,15,11,221,582,0.223,0.313,0.389,0.702,87,747,53,35,0,10,8,393,1,213,0.312176309,-13.68207163,264,0.466768678,29,31,0.483,2020,-17
436,Minnesota Twins,43,28.7,4.48,60,2168,1937,269,468,81,3,91,258,14,7,186,528,0.242,0.315,0.427,0.743,104,828,38,29,2,14,9,378,1,177,0.325734817,9.946466389,215,0.610198506,36,24,0.6,2020,54
437,New York Mets,47,27.8,4.77,60,2279,2023,286,551,106,7,86,278,20,10,197,498,0.272,0.348,0.459,0.807,121,929,53,45,1,13,8,450,0,189,0.353590308,61.24185022,308,0.463013699,26,34,0.433,2020,-22
438,New York Yankees,43,28.5,5.25,60,2210,1915,315,473,87,7,94,301,27,7,251,480,0.247,0.342,0.447,0.789,118,856,51,30,1,11,5,409,1,246,0.347057221,47.79387466,270,0.576470588,33,27,0.55,2020,45
439,Oakland Athletics,38,28.1,4.57,60,2201,1908,274,430,91,11,71,264,26,3,238,524,0.225,0.322,0.396,0.718,100,756,44,39,2,14,5,401,1,233,0.319083865,-1.613130356,232,0.582435997,36,24,0.6,2020,42
440,Philadelphia Phillies,46,28.5,5.1,60,2223,1948,306,500,90,10,82,289,35,8,229,480,0.257,0.342,0.439,0.781,109,856,40,28,8,10,16,425,0,213,0.342360164,39.76531514,311,0.491896804,28,32,0.467,2020,-5
441,Pittsburgh Pirates,49,27.1,3.65,60,2134,1932,219,425,76,6,59,210,16,11,167,521,0.22,0.284,0.357,0.641,74,690,34,11,7,15,6,355,0,161,0.284053799,-61.30984049,298,0.350681826,19,41,0.317,2020,-79
442,San Diego Padres,47,26.7,5.42,60,2231,1972,325,506,103,12,95,312,55,13,204,479,0.257,0.333,0.466,0.798,120,918,37,28,12,14,6,368,1,198,0.348087703,50.10846293,241,0.645211538,37,23,0.617,2020,84
443,Seattle Mariners,49,26.6,4.23,60,2181,1929,254,435,88,5,60,244,50,16,207,545,0.226,0.309,0.37,0.678,90,713,35,30,3,12,5,379,0,202,0.302724344,-30.1425642,303,0.412704302,27,33,0.45,2020,-49
444,San Francisco Giants,45,29.8,4.98,60,2259,2019,299,532,107,14,81,290,19,8,195,499,0.263,0.335,0.451,0.785,115,910,51,27,4,13,8,411,0,187,0.343205699,41.91877471,297,0.503355667,29,31,0.483,2020,2
445,St. Louis Cardinals,44,28.8,4.14,58,2011,1752,240,410,73,7,51,231,18,10,205,477,0.234,0.323,0.371,0.694,92,650,38,33,4,16,3,365,1,202,0.310833749,-14.739331,229,0.523441263,30,28,0.517,2020,11
446,Tampa Bay Rays,43,27.1,4.82,60,2261,1975,289,470,105,12,80,274,48,9,243,608,0.238,0.328,0.425,0.753,111,839,38,28,0,14,9,424,1,234,0.33113283,20.12815637,229,0.614296642,40,20,0.667,2020,60
447,Texas Rangers,49,27.4,3.73,60,2147,1936,224,420,80,9,62,204,49,14,167,548,0.217,0.285,0.364,0.648,78,704,33,24,2,18,3,354,0,164,0.287689076,-55.4972437,312,0.340130152,22,38,0.367,2020,-88
448,Toronto Blue Jays,49,25.9,5.03,60,2263,2023,302,516,104,4,88,288,33,6,203,508,0.255,0.325,0.441,0.766,108,892,39,12,8,14,4,404,1,199,0.335458185,27.94839858,312,0.483717674,32,28,0.533,2020,-10
449,Washington Nationals,43,28.6,4.88,60,2218,1968,293,519,112,12,66,279,33,12,192,451,0.264,0.336,0.433,0.769,107,853,42,32,5,21,16,411,0,176,0.335716887,27.8880437,301,0.486534429,26,34,0.433,2020,-8
