Tm,#P,PAge,RA/G,W,L,W-L%,ERA,G,GS,GF,CG,tSho,cSho,SV,IP,H,Runs Allowed,ER,HR,BB,IBB,SO,HBP,BK,WP,BF,ERA+,FIP,WHIP,H9,HR9,BB9,SO9,SO/W,LOB,YEAR
Arizona Diamondbacks,25,28.8,4.86,76,86,0.469,4.48,162,162,154,8,9,4,34,1459.2,1503,788,727,168,536,44,1115,61,4,53,6341,106,4.34,1.397,9.3,1,3.3,6.9,2.08,1174,2006
Atlanta Braves,26,29.4,4.97,79,83,0.488,4.6,162,162,156,6,6,2,38,1441.1,1529,805,736,183,572,69,1049,55,2,39,6350,97,4.65,1.458,9.5,1.1,3.6,6.6,1.83,1221,2006
Baltimore Orioles,24,27.9,5.55,70,92,0.432,5.35,162,162,157,5,9,1,35,1419,1579,899,843,216,613,26,1016,48,4,59,6327,85,5.09,1.545,10,1.4,3.9,6.4,1.66,1171,2006
Boston Red Sox,28,31.1,5.09,86,76,0.531,4.83,162,162,159,3,6,1,46,1441.1,1570,825,773,181,509,25,1070,68,3,52,6292,99,4.5,1.442,9.8,1.1,3.2,6.7,2.1,1143,2006
Chicago Cubs,23,28,5.15,66,96,0.407,4.74,162,162,160,2,7,1,29,1439,1396,834,758,210,687,44,1250,67,4,68,6366,98,4.88,1.448,8.7,1.3,4.3,7.8,1.82,1215,2006
Chicago White Sox,18,27.9,4.9,90,72,0.556,4.61,162,162,157,5,11,2,46,1449,1534,794,743,200,433,59,1012,58,1,51,6232,103,4.56,1.357,9.5,1.2,2.7,6.3,2.34,1091,2006
Cincinnati Reds,29,29.5,4.94,80,82,0.494,4.51,162,162,153,9,10,3,36,1445.2,1576,801,725,213,464,55,1053,60,9,40,6319,104,4.69,1.411,9.8,1.3,2.9,6.6,2.27,1181,2006
Cleveland Indians,23,28.6,4.83,78,84,0.481,4.41,162,162,149,13,13,6,24,1423.1,1583,782,698,166,429,35,948,51,2,46,6190,101,4.34,1.414,10,1,2.7,6,2.21,1138,2006
Colorado Rockies,24,28.8,5.01,76,86,0.469,4.66,162,162,157,5,8,4,34,1447.1,1549,812,749,155,553,81,952,66,2,43,6318,106,4.51,1.452,9.6,1,3.4,5.9,1.72,1164,2006
Detroit Tigers,19,28.8,4.17,95,67,0.586,3.84,162,162,159,3,16,1,46,1448,1420,675,618,160,489,35,1003,53,2,44,6145,118,4.32,1.318,8.8,1,3,6.2,2.05,1126,2006
Florida Marlins,21,25.9,4.77,78,84,0.481,4.37,162,162,156,6,6,2,41,1433.1,1465,772,696,166,622,58,1088,74,4,47,6294,99,4.59,1.456,9.2,1,3.9,6.8,1.75,1222,2006
Houston Astros,19,29.8,4.44,82,80,0.506,4.08,162,162,157,5,12,2,42,1468.2,1425,719,666,182,480,65,1160,54,2,44,6219,109,4.27,1.297,8.7,1.1,2.9,7.1,2.42,1094,2006
Kansas City Royals,31,27.7,5.99,62,100,0.383,5.65,162,162,159,3,5,2,35,1426.1,1648,971,896,213,637,45,904,60,9,85,6434,83,5.29,1.602,10.4,1.3,4,5.7,1.42,1184,2006
Los Angeles Angels of Anaheim,18,27.9,4.52,89,73,0.549,4.04,162,162,157,5,12,3,50,1452.2,1410,732,652,158,471,27,1164,50,3,85,6149,112,4.03,1.295,8.7,1,2.9,7.2,2.47,1059,2006
Los Angeles Dodgers,22,30.4,4.64,88,74,0.543,4.23,162,162,161,1,10,0,40,1460.1,1524,751,686,152,492,40,1068,41,8,54,6289,107,4.13,1.381,9.4,0.9,3,6.6,2.17,1157,2006
Milwaukee Brewers,27,28.3,5.14,75,87,0.463,4.82,162,162,155,7,8,5,43,1425.2,1454,833,763,177,514,34,1145,74,2,57,6210,95,4.39,1.38,9.2,1.1,3.2,7.2,2.23,1100,2006
Minnesota Twins,17,26.9,4.22,96,66,0.593,3.95,162,162,161,1,6,0,40,1439.1,1490,683,632,182,356,25,1164,36,3,40,6066,114,3.99,1.283,9.3,1.1,2.2,7.3,3.27,1065,2006
New York Mets,27,32.2,4.51,97,65,0.599,4.14,162,162,157,5,12,3,43,1461.1,1402,731,673,180,527,39,1161,62,5,37,6240,106,4.37,1.32,8.6,1.1,3.2,7.2,2.2,1125,2006
New York Yankees,25,32.5,4.73,97,65,0.599,4.41,162,162,157,5,8,1,43,1443.2,1463,767,708,170,496,41,1019,59,7,46,6215,103,4.42,1.357,9.1,1.1,3.1,6.4,2.05,1117,2006
Oakland Athletics,21,27,4.49,93,69,0.574,4.21,162,162,157,5,11,2,54,1451.2,1525,727,679,162,529,47,1003,55,4,43,6279,106,4.42,1.415,9.5,1,3.3,6.2,1.9,1197,2006
Philadelphia Phillies,23,30.5,5.01,85,77,0.525,4.6,162,162,158,4,6,2,42,1460.1,1561,812,747,211,512,63,1138,62,4,58,6366,102,4.65,1.42,9.6,1.3,3.2,7,2.22,1173,2006
Pittsburgh Pirates,22,27,4.92,67,95,0.414,4.52,162,162,160,2,10,1,39,1435,1545,797,720,156,620,62,1060,70,6,61,6354,98,4.53,1.509,9.7,1,3.9,6.6,1.71,1252,2006
San Diego Padres,22,30.6,4.19,88,74,0.543,3.87,162,162,158,4,11,2,50,1463.2,1385,679,629,176,468,63,1097,50,4,34,6175,105,4.27,1.266,8.5,1.1,2.9,6.7,2.34,1105,2006
Seattle Mariners,25,28,4.89,78,84,0.481,4.6,162,162,156,6,6,2,47,1446.2,1500,792,739,183,560,50,1067,53,6,47,6294,97,4.59,1.424,9.3,1.1,3.5,6.6,1.91,1162,2006
San Francisco Giants,21,28.7,4.91,76,85,0.472,4.63,161,161,154,7,9,3,37,1429.2,1422,790,735,153,584,37,992,70,7,50,6225,97,4.52,1.403,9,1,3.7,6.2,1.7,1146,2006
St. Louis Cardinals,19,28.6,4.73,83,78,0.516,4.54,161,161,155,6,9,3,38,1429.2,1475,762,721,193,504,35,970,80,3,35,6196,98,4.77,1.384,9.3,1.2,3.2,6.1,1.92,1145,2006
Tampa Bay Devil Rays,25,27,5.28,61,101,0.377,4.96,162,162,159,3,7,2,33,1420.1,1600,856,782,180,606,39,979,63,8,70,6374,92,4.83,1.553,10.1,1.1,3.8,6.2,1.62,1257,2006
Texas Rangers,26,28.3,4.84,80,82,0.494,4.6,162,162,159,3,8,1,42,1431.1,1558,784,731,162,496,18,972,66,4,34,6237,101,4.44,1.435,9.8,1,3.1,6.1,1.96,1159,2006
Toronto Blue Jays,21,28.1,4.65,87,75,0.537,4.37,162,162,156,6,6,1,42,1428.1,1447,754,694,185,504,56,1076,59,13,53,6151,105,4.51,1.366,9.1,1.2,3.2,6.8,2.13,1112,2006
Washington Nationals,29,28.9,5.38,71,91,0.438,5.03,162,162,161,1,3,1,32,1436.1,1535,872,803,193,584,93,960,92,10,47,6424,85,4.97,1.475,9.6,1.2,3.7,6,1.64,1243,2006
Arizona Diamondbacks,26,28.2,4.52,90,72,0.556,4.13,162,162,155,7,12,4,51,1441,1446,732,662,169,546,38,1088,61,9,48,6216,115,4.52,1.382,9,1.1,3.4,6.8,1.99,1161,2007
Atlanta Braves,28,29.4,4.52,84,78,0.519,4.11,162,162,161,1,6,1,36,1456.1,1442,733,665,172,537,89,1106,42,5,48,6263,107,4.45,1.359,8.9,1.1,3.3,6.8,2.06,1161,2007
Baltimore Orioles,27,29,5.36,69,93,0.426,5.17,162,162,158,4,9,1,30,1438.2,1491,868,827,161,696,37,1087,72,8,55,6418,89,4.79,1.52,9.3,1,4.4,6.8,1.56,1234,2007
Boston Red Sox,20,31.1,4.06,96,66,0.593,3.87,162,162,157,5,13,3,45,1438.2,1350,657,618,151,482,20,1149,62,0,33,6071,123,4.14,1.273,8.4,0.9,3,7.2,2.38,1098,2007
Chicago Cubs,22,28.4,4.26,85,77,0.525,4.04,162,162,160,2,10,1,39,1446.2,1340,690,650,165,573,46,1211,59,3,42,6186,115,4.36,1.322,8.3,1,3.6,7.5,2.11,1156,2007
Chicago White Sox,21,27.7,5.18,72,90,0.444,4.77,162,162,153,9,9,4,42,1440.2,1556,839,763,174,499,50,1015,59,0,45,6293,99,4.56,1.426,9.7,1.1,3.1,6.3,2.03,1132,2007
Cincinnati Reds,25,29.1,5.27,72,90,0.444,4.94,162,162,156,6,7,2,34,1449.2,1605,853,796,198,482,47,1068,73,5,54,6354,94,4.69,1.44,10,1.2,3,6.6,2.22,1152,2007
Cleveland Indians,21,29.4,4.35,96,66,0.593,4.05,162,162,153,9,9,4,49,1462.2,1519,704,658,146,410,42,1047,56,2,42,6206,112,4.06,1.319,9.3,0.9,2.5,6.4,2.55,1114,2007
Colorado Rockies,30,28.1,4.65,90,73,0.552,4.32,163,163,159,4,7,1,39,1472,1497,758,706,164,504,61,967,59,8,35,6293,112,4.52,1.359,9.2,1,3.1,5.9,1.92,1119,2007
Detroit Tigers,25,28.5,4.92,88,74,0.543,4.57,162,162,161,1,9,1,44,1447.1,1498,797,735,174,566,41,1047,68,8,75,6345,100,4.67,1.426,9.3,1.1,3.5,6.5,1.85,1206,2007
Florida Marlins,30,26.2,5.5,71,91,0.438,4.94,162,162,162,0,4,0,40,1443.2,1617,891,793,176,661,60,1142,76,9,67,6544,88,4.77,1.578,10.1,1.1,4.1,7.1,1.73,1322,2007
Houston Astros,21,30.2,5.02,73,89,0.451,4.68,162,162,160,2,6,1,38,1464.2,1566,813,761,206,510,62,1109,63,3,40,6417,95,4.73,1.417,9.6,1.3,3.1,6.8,2.17,1210,2007
Kansas City Royals,23,27.1,4.8,69,93,0.426,4.48,162,162,160,2,6,0,36,1437.1,1547,778,716,168,520,54,993,41,4,56,6253,102,4.55,1.438,9.7,1.1,3.3,6.2,1.91,1163,2007
Los Angeles Angels of Anaheim,18,28.4,4.51,94,68,0.58,4.23,162,162,157,5,9,3,43,1435,1480,731,674,151,477,22,1156,51,5,69,6161,107,4.1,1.364,9.3,0.9,3,7.3,2.42,1125,2007
Los Angeles Dodgers,22,31.1,4.49,82,80,0.506,4.2,162,162,158,4,6,0,43,1450,1443,727,677,146,518,34,1184,38,5,44,6196,106,4.07,1.352,9,0.9,3.2,7.3,2.29,1119,2007
Milwaukee Brewers,21,29.1,4.79,83,79,0.512,4.41,162,162,159,3,6,0,49,1444.1,1513,776,708,161,507,37,1174,52,2,57,6285,100,4.22,1.399,9.4,1,3.2,7.3,2.32,1176,2007
Minnesota Twins,19,27.4,4.48,79,83,0.488,4.15,162,162,157,5,8,3,38,1436.2,1505,725,663,185,420,33,1094,51,5,46,6133,103,4.37,1.34,9.4,1.2,2.6,6.9,2.6,1098,2007
New York Mets,24,31.3,4.63,88,74,0.543,4.26,162,162,160,2,10,2,39,1452.1,1415,750,687,165,570,40,1134,61,3,36,6293,101,4.46,1.367,8.8,1,3.5,7,1.99,1186,2007
New York Yankees,28,31.4,4.8,94,68,0.58,4.49,162,162,161,1,5,0,34,1450.2,1498,777,724,150,578,33,1009,60,6,59,6308,101,4.51,1.431,9.3,0.9,3.6,6.3,1.75,1179,2007
Oakland Athletics,24,26.9,4.68,76,86,0.469,4.28,162,162,158,4,9,1,36,1448,1468,758,689,138,530,60,1036,43,4,52,6247,99,4.24,1.38,9.1,0.9,3.3,6.4,1.95,1145,2007
Philadelphia Phillies,28,30.6,5.07,89,73,0.549,4.73,162,162,157,5,5,2,42,1458.1,1555,821,767,198,558,62,1050,72,3,46,6385,97,4.86,1.449,9.6,1.2,3.4,6.5,1.88,1189,2007
Pittsburgh Pirates,25,27.1,5.22,68,94,0.42,4.93,162,162,158,4,5,2,32,1447.2,1627,846,793,174,518,55,997,76,3,45,6374,89,4.66,1.482,10.1,1.1,3.2,6.2,1.92,1185,2007
San Diego Padres,21,31.5,4.09,89,74,0.546,3.7,163,163,162,1,20,0,45,1484.2,1406,666,611,119,474,48,1136,48,6,42,6254,108,3.81,1.266,8.5,0.7,2.9,6.9,2.4,1134,2007
Seattle Mariners,23,28.1,5.02,88,74,0.543,4.73,162,162,156,6,12,4,43,1434.1,1578,813,754,147,546,39,1020,62,10,59,6313,92,4.42,1.481,9.9,0.9,3.4,6.4,1.87,1197,2007
San Francisco Giants,22,27.3,4.44,71,91,0.438,4.19,162,162,157,5,10,0,37,1453.2,1442,720,677,133,593,41,1057,47,4,49,6299,107,4.3,1.4,8.9,0.8,3.7,6.5,1.78,1218,2007
St. Louis Cardinals,25,29.6,5.12,78,84,0.481,4.65,162,162,160,2,8,0,34,1435.2,1514,829,741,168,509,25,945,73,6,39,6283,95,4.66,1.409,9.5,1.1,3.2,5.9,1.86,1147,2007
Tampa Bay Devil Rays,24,27,5.83,66,96,0.407,5.53,162,162,160,2,2,1,28,1429.2,1649,944,879,199,568,31,1194,63,2,55,6403,82,4.7,1.551,10.4,1.3,3.6,7.5,2.1,1170,2007
Texas Rangers,25,27.7,5.21,75,87,0.463,4.75,162,162,162,0,6,0,42,1430,1525,844,755,155,668,38,976,70,4,66,6389,96,4.83,1.534,9.6,1,4.2,6.1,1.46,1255,2007
Toronto Blue Jays,23,27.3,4.31,83,79,0.512,4,162,162,151,11,9,2,44,1448.2,1383,699,644,157,479,34,1067,55,3,42,6108,112,4.28,1.285,8.6,1,3,6.6,2.23,1063,2007
Washington Nationals,26,27.5,4.83,73,89,0.451,4.58,162,162,162,0,6,0,46,1446.2,1502,783,736,187,580,44,931,42,4,52,6333,93,4.92,1.439,9.3,1.2,3.6,5.8,1.61,1210,2007
Arizona Diamondbacks,20,29.4,4.36,82,80,0.506,3.98,162,162,156,6,9,2,39,1434.2,1403,706,635,147,451,41,1229,68,3,59,6119,116,3.84,1.292,8.8,0.9,2.8,7.7,2.73,1109,2008
Atlanta Braves,28,28.6,4.8,72,90,0.444,4.46,162,162,160,2,7,1,26,1440.2,1439,778,714,156,586,80,1076,42,5,42,6244,94,4.35,1.406,9,1,3.7,6.7,1.84,1144,2008
Baltimore Orioles,26,27.9,5.4,68,93,0.422,5.13,161,161,157,4,4,1,35,1422,1538,869,810,184,687,44,922,80,7,72,6414,87,5.14,1.565,9.7,1.2,4.3,5.8,1.34,1279,2008
Boston Red Sox,23,29.2,4.28,95,67,0.586,4.01,162,162,157,5,16,2,47,1446.1,1369,694,645,147,548,17,1185,68,2,43,6180,116,4.09,1.325,8.5,0.9,3.4,7.4,2.16,1147,2008
Chicago Cubs,23,28.9,4.17,97,64,0.602,3.87,161,161,159,2,8,1,44,1450.2,1329,671,624,160,548,45,1264,65,7,48,6194,118,4.09,1.294,8.2,1,3.4,7.8,2.31,1171,2008
Chicago White Sox,19,28.3,4.47,89,74,0.546,4.06,163,163,159,4,10,0,34,1457.2,1471,729,658,156,460,42,1147,48,3,54,6218,112,4,1.325,9.1,1,2.8,7.1,2.49,1116,2008
Cincinnati Reds,24,28.7,4.94,74,88,0.457,4.55,162,162,160,2,6,1,34,1442.1,1542,800,729,201,557,40,1227,67,7,52,6352,97,4.54,1.455,9.6,1.3,3.5,7.7,2.2,1225,2008
Cleveland Indians,28,28.6,4.7,81,81,0.5,4.45,162,162,152,10,13,5,31,1437,1530,761,711,170,444,28,986,51,5,44,6164,95,4.33,1.374,9.6,1.1,2.8,6.2,2.22,1092,2008
Colorado Rockies,26,28.5,5.07,74,88,0.457,4.77,162,162,159,3,8,1,36,1446,1547,822,766,148,562,49,1041,53,7,61,6338,99,4.3,1.459,9.6,0.9,3.5,6.5,1.85,1178,2008
Detroit Tigers,25,29.9,5.29,74,88,0.457,4.9,162,162,161,1,2,0,34,1445,1541,857,786,172,644,63,991,68,7,65,6411,91,4.79,1.512,9.6,1.1,4,6.2,1.54,1219,2008
Florida Marlins,22,26.6,4.76,84,77,0.522,4.43,161,161,159,2,8,1,36,1435.1,1421,767,707,161,586,66,1127,58,4,59,6271,98,4.37,1.398,8.9,1,3.7,7.1,1.92,1198,2008
Houston Astros,20,30.9,4.61,86,75,0.534,4.36,161,161,157,4,13,3,48,1425.1,1453,743,691,197,492,53,1095,50,9,22,6125,96,4.53,1.365,9.2,1.2,3.1,6.9,2.23,1106,2008
Kansas City Royals,25,27.6,4.82,75,87,0.463,4.48,162,162,160,2,8,0,44,1445.2,1473,781,720,159,515,15,1085,41,5,68,6214,96,4.21,1.375,9.2,1,3.2,6.8,2.11,1096,2008
Los Angeles Angels of Anaheim,19,27.6,4.3,100,62,0.617,3.99,162,162,155,7,10,1,66,1451.1,1455,697,644,160,457,32,1106,63,2,50,6161,112,4.12,1.317,9,1,2.8,6.9,2.42,1110,2008
Los Angeles Dodgers,22,29.5,4,84,78,0.519,3.68,162,162,157,5,11,4,35,1447.1,1381,648,591,123,480,58,1205,48,4,47,6127,114,3.67,1.286,8.6,0.8,3,7.5,2.51,1137,2008
Milwaukee Brewers,20,29.9,4.25,90,72,0.556,3.85,162,162,150,12,10,6,45,1455.2,1415,689,623,175,528,32,1110,42,5,53,6209,109,4.34,1.335,8.7,1.1,3.3,6.9,2.1,1153,2008
Minnesota Twins,19,27.5,4.57,88,75,0.54,4.16,163,163,158,5,10,2,42,1459,1568,745,675,183,406,38,995,31,4,45,6221,101,4.3,1.353,9.7,1.1,2.5,6.1,2.45,1099,2008
New York Mets,24,29,4.41,89,73,0.549,4.07,162,162,157,5,12,2,43,1464.1,1415,715,662,163,590,53,1181,70,4,55,6338,104,4.32,1.369,8.7,1,3.6,7.3,2,1230,2008
New York Yankees,27,30.6,4.49,89,73,0.549,4.28,162,162,161,1,11,0,42,1441.2,1478,727,685,143,489,37,1141,51,5,55,6175,103,3.96,1.364,9.2,0.9,3.1,7.1,2.33,1123,2008
Oakland Athletics,24,26.5,4.29,75,86,0.466,4.01,161,161,157,4,7,1,33,1435,1364,690,640,135,576,45,1061,54,4,30,6112,103,4.19,1.352,8.6,0.8,3.6,6.7,1.84,1117,2008
Philadelphia Phillies,18,30.6,4.2,92,70,0.568,3.88,162,162,158,4,11,3,47,1449.2,1444,680,625,160,533,64,1081,57,3,34,6229,112,4.3,1.364,9,1,3.3,6.7,2.03,1200,2008
Pittsburgh Pirates,26,26.5,5.46,67,95,0.414,5.08,162,162,159,3,7,2,34,1455,1631,884,822,176,657,31,963,49,9,64,6528,82,4.84,1.573,10.1,1.1,4.1,6,1.47,1279,2008
San Diego Padres,32,30.2,4.72,63,99,0.389,4.41,162,162,159,3,6,0,30,1458.1,1466,764,714,165,561,61,1100,38,4,43,6286,87,4.33,1.39,9,1,3.5,6.8,1.96,1147,2008
Seattle Mariners,22,28.5,5.01,61,101,0.377,4.73,162,162,158,4,4,0,36,1435.1,1544,811,754,161,626,37,1016,53,5,60,6368,90,4.59,1.512,9.7,1,3.9,6.4,1.62,1251,2008
San Francisco Giants,20,27.1,4.69,72,90,0.444,4.38,162,162,158,4,12,2,41,1442,1416,759,701,147,652,59,1240,70,7,77,6341,101,4.24,1.434,8.8,0.9,4.1,7.7,1.9,1256,2008
St. Louis Cardinals,24,30.2,4.48,86,76,0.531,4.19,162,162,160,2,7,1,42,1454,1517,725,677,163,496,21,957,51,2,50,6264,101,4.4,1.384,9.4,1,3.1,5.9,1.93,1177,2008
Tampa Bay Rays,21,27.5,4.14,97,65,0.599,3.82,162,162,155,7,12,5,52,1457.2,1349,671,618,166,526,29,1143,46,3,52,6145,116,4.22,1.286,8.3,1,3.2,7.1,2.17,1101,2008
Texas Rangers,30,28.1,5.97,79,83,0.488,5.37,162,162,156,6,8,2,36,1442,1647,967,860,176,625,44,963,72,9,62,6506,83,4.83,1.576,10.3,1.1,3.9,6,1.54,1213,2008
Toronto Blue Jays,19,28.6,3.77,86,76,0.531,3.49,162,162,147,15,13,5,44,1446.2,1330,610,561,134,467,42,1184,67,4,51,6067,122,3.81,1.242,8.3,0.8,2.9,7.4,2.54,1117,2008
Washington Nationals,25,27.3,5.12,59,102,0.366,4.66,161,161,159,2,8,0,28,1434,1496,825,742,190,588,44,1063,51,8,59,6310,93,4.71,1.453,9.4,1.2,3.7,6.7,1.81,1183,2008
Arizona Diamondbacks,24,27.7,4.83,70,92,0.432,4.42,162,162,158,4,12,1,36,1447.2,1470,782,711,168,525,27,1158,53,2,79,6267,101,4.2,1.378,9.1,1,3.3,7.2,2.21,1142,2009
Atlanta Braves,21,28.9,3.96,86,76,0.531,3.57,162,162,159,3,10,0,38,1462.2,1399,641,581,119,530,59,1232,49,6,40,6208,116,3.66,1.319,8.6,0.7,3.3,7.6,2.32,1179,2009
Baltimore Orioles,27,28.1,5.41,64,98,0.395,5.15,162,162,160,2,3,0,31,1429,1633,876,817,218,546,45,933,51,7,31,6359,89,5.03,1.525,10.3,1.4,3.4,5.9,1.71,1196,2009
Boston Red Sox,27,29.8,4.54,95,67,0.586,4.35,162,162,154,8,11,2,41,1436.2,1494,736,695,167,530,24,1230,68,5,42,6283,107,4.14,1.409,9.4,1,3.3,7.7,2.32,1237,2009
Chicago Cubs,24,28.4,4.17,83,78,0.516,3.84,161,161,158,3,8,2,40,1445.1,1329,672,616,160,586,46,1272,59,6,60,6177,116,4.11,1.325,8.3,1,3.6,7.9,2.17,1169,2009
Chicago White Sox,24,29.5,4.52,79,83,0.488,4.14,162,162,158,4,11,1,36,1439.2,1438,732,663,169,507,41,1119,41,5,55,6155,113,4.21,1.351,9,1.1,3.2,7,2.21,1104,2009
Cincinnati Reds,22,29,4.46,78,84,0.481,4.18,162,162,156,6,12,4,41,1458.1,1420,723,677,188,577,36,1069,65,1,45,6253,101,4.63,1.369,8.8,1.2,3.6,6.6,1.85,1155,2009
Cleveland Indians,29,27.8,5.34,65,97,0.401,5.06,162,162,157,5,6,2,25,1434,1570,865,806,183,598,31,986,45,7,49,6354,84,4.73,1.512,9.9,1.1,3.8,6.2,1.65,1187,2009
Colorado Rockies,25,28.5,4.41,92,70,0.568,4.22,162,162,157,5,7,2,45,1438.1,1427,715,675,141,528,51,1154,46,5,48,6171,112,3.96,1.359,8.9,0.9,3.3,7.2,2.19,1141,2009
Detroit Tigers,23,26.6,4.57,86,77,0.528,4.29,163,163,159,4,9,1,42,1447,1449,745,690,182,594,42,1102,41,6,48,6240,104,4.53,1.412,9,1.1,3.7,6.9,1.86,1154,2009
Florida Marlins,27,26.3,4.73,87,75,0.537,4.29,162,162,157,5,5,1,45,1446.1,1425,766,690,160,601,60,1248,45,5,59,6299,100,4.15,1.401,8.9,1,3.7,7.8,2.08,1194,2009
Houston Astros,22,31.2,4.75,74,88,0.457,4.54,162,162,157,5,10,1,39,1430,1521,770,722,176,546,56,1144,50,4,43,6237,91,4.35,1.445,9.6,1.1,3.4,7.2,2.1,1177,2009
Kansas City Royals,23,28.7,5.2,65,97,0.401,4.83,162,162,152,10,9,5,34,1426,1486,842,765,166,600,28,1153,51,6,89,6265,92,4.36,1.463,9.4,1,3.8,7.3,1.92,1145,2009
Los Angeles Angels of Anaheim,25,28.6,4.7,97,65,0.599,4.45,162,162,153,9,13,6,51,1445,1513,761,715,180,523,35,1062,58,2,67,6252,99,4.45,1.409,9.4,1.1,3.3,6.6,2.03,1156,2009
Los Angeles Dodgers,25,27.8,3.77,95,67,0.586,3.41,162,162,161,1,9,1,44,1473.1,1265,611,558,127,584,68,1272,57,2,76,6182,118,3.8,1.255,7.7,0.8,3.6,7.8,2.18,1151,2009
Milwaukee Brewers,23,30,5.05,80,82,0.494,4.83,162,162,161,1,8,0,44,1435,1498,818,770,207,607,60,1104,65,1,61,6352,85,4.84,1.467,9.4,1.3,3.8,6.9,1.82,1229,2009
Minnesota Twins,24,27.9,4.69,87,76,0.534,4.5,163,163,159,4,7,1,48,1453,1542,765,726,185,466,20,1052,58,3,43,6274,98,4.39,1.382,9.6,1.1,2.9,6.5,2.26,1150,2009
New York Mets,24,29.2,4.67,70,92,0.432,4.45,162,162,159,3,12,2,39,1426,1452,757,705,158,616,60,1031,55,10,41,6284,92,4.5,1.45,9.2,1,3.9,6.5,1.67,1249,2009
New York Yankees,24,29.3,4.65,103,59,0.636,4.26,162,162,159,3,8,1,51,1450,1386,753,687,181,574,28,1260,71,5,66,6247,108,4.32,1.352,8.6,1.1,3.6,7.8,2.2,1144,2009
Oakland Athletics,26,25.7,4.7,75,87,0.463,4.26,162,162,160,2,10,2,38,1447.1,1486,761,685,156,523,30,1124,36,2,43,6243,103,4.1,1.388,9.2,1,3.3,7,2.15,1140,2009
Philadelphia Phillies,22,31.2,4.38,93,69,0.574,4.16,162,162,154,8,9,5,44,1455.2,1479,709,673,189,489,31,1153,75,2,28,6263,101,4.36,1.352,9.1,1.2,3,7.1,2.36,1187,2009
Pittsburgh Pirates,26,26.3,4.77,62,99,0.385,4.59,161,161,156,5,7,2,28,1418.1,1491,768,723,152,563,37,919,47,3,52,6144,91,4.48,1.448,9.5,1,3.6,5.8,1.63,1121,2009
San Diego Padres,33,26.8,4.75,75,87,0.463,4.37,162,162,160,2,9,1,45,1450.2,1422,769,704,167,603,58,1187,45,8,52,6273,87,4.3,1.396,8.8,1,3.7,7.4,1.97,1152,2009
Seattle Mariners,20,27.4,4.27,85,77,0.525,3.87,162,162,158,4,10,2,49,1452.2,1359,692,625,172,534,13,1043,43,5,61,6159,110,4.39,1.303,8.4,1.1,3.3,6.5,1.95,1109,2009
San Francisco Giants,21,28.7,3.77,88,74,0.543,3.55,162,162,151,11,18,3,41,1446,1268,611,571,140,584,49,1302,41,3,71,6103,120,3.85,1.281,7.9,0.9,3.6,8.1,2.23,1154,2009
St. Louis Cardinals,20,30.1,3.95,91,71,0.562,3.66,162,162,154,8,11,4,43,1440.2,1407,640,586,123,460,23,1049,53,5,43,6087,112,3.82,1.296,8.8,0.8,2.9,6.6,2.28,1125,2009
Tampa Bay Rays,21,28.4,4.65,84,78,0.519,4.33,162,162,159,3,5,3,41,1427.1,1421,754,686,183,515,22,1125,46,5,46,6146,100,4.37,1.356,9,1.2,3.2,7.1,2.18,1110,2009
Texas Rangers,23,27.7,4.57,87,75,0.537,4.38,162,162,154,8,11,3,45,1434.2,1432,740,698,171,531,14,1016,70,8,45,6172,106,4.49,1.368,9,1.1,3.3,6.4,1.91,1128,2009
Toronto Blue Jays,24,28.4,4.76,75,87,0.463,4.47,162,162,152,10,10,4,25,1451,1509,771,720,181,551,26,1181,58,4,43,6281,100,4.35,1.42,9.4,1.1,3.4,7.3,2.14,1157,2009
Washington Nationals,30,27.4,5.4,59,103,0.364,5,162,162,156,6,3,1,33,1424.1,1533,874,791,173,629,59,911,48,5,74,6349,85,4.82,1.518,9.7,1.1,4,5.8,1.45,1200,2010
Arizona Diamondbacks,28,27.9,5.16,65,97,0.401,4.81,162,162,159,3,3,1,35,1432,1503,836,765,210,548,38,1070,58,4,82,6260,89,4.76,1.432,9.4,1.3,3.4,6.7,1.95,1128,2010
Atlanta Braves,21,30.1,3.88,91,71,0.562,3.56,162,162,160,2,9,0,41,1439.1,1326,629,569,126,505,64,1241,49,3,42,6052,110,3.65,1.272,8.3,0.8,3.2,7.8,2.46,1105,2010
Baltimore Orioles,23,28.4,4.85,66,96,0.407,4.59,162,162,159,3,7,0,35,1436.1,1508,785,733,186,520,45,1007,59,5,45,6262,91,4.57,1.412,9.4,1.2,3.3,6.3,1.94,1168,2010
Boston Red Sox,25,29.6,4.59,89,73,0.549,4.2,162,162,159,3,9,1,44,1456.2,1402,744,679,152,580,30,1207,53,3,58,6267,104,4.08,1.361,8.7,0.9,3.6,7.5,2.08,1153,2010
Chicago Cubs,23,28.2,4.73,75,87,0.463,4.18,162,162,161,1,14,0,40,1436.2,1409,767,668,154,605,42,1268,65,6,46,6298,100,4.11,1.402,8.8,1,3.8,7.9,2.1,1221,2010
Chicago White Sox,20,29,4.35,88,74,0.543,4.09,162,162,156,6,11,2,43,1446.1,1471,704,658,136,490,41,1149,34,9,59,6180,105,3.8,1.356,9.2,0.8,3,7.1,2.34,1137,2010
Cincinnati Reds,23,28.2,4.23,91,71,0.562,4.01,162,162,158,4,9,2,43,1453,1404,685,648,158,524,32,1130,50,6,48,6182,102,4.12,1.327,8.7,1,3.2,7,2.16,1138,2010
Cleveland Indians,22,26.6,4.64,69,93,0.426,4.3,162,162,152,10,4,2,34,1433,1477,752,684,147,572,36,967,66,3,54,6224,92,4.4,1.43,9.3,0.9,3.6,6.1,1.69,1173,2010
Colorado Rockies,23,28.1,4.43,83,79,0.512,4.14,162,162,156,6,12,2,35,1442,1405,717,663,139,525,54,1234,56,12,77,6143,112,3.83,1.338,8.8,0.9,3.3,7.7,2.35,1100,2010
Detroit Tigers,20,26.5,4.59,81,81,0.5,4.3,162,162,156,6,5,1,32,1444.1,1445,743,690,142,537,29,1056,65,9,75,6198,98,4.15,1.372,9,0.9,3.3,6.6,1.97,1122,2010
Florida Marlins,31,27.1,4.43,80,82,0.494,4.08,162,162,157,5,17,2,39,1438.1,1433,717,652,134,549,42,1168,51,4,49,6217,102,3.92,1.378,9,0.8,3.4,7.3,2.13,1185,2010
Houston Astros,25,29.6,4.5,76,86,0.469,4.09,162,162,158,4,11,2,45,1439.1,1446,729,654,140,548,39,1210,40,9,57,6221,97,3.89,1.385,9,0.9,3.4,7.6,2.21,1174,2010
Kansas City Royals,25,27.5,5.22,67,95,0.414,4.97,162,162,155,7,3,1,44,1436.2,1553,845,794,176,551,28,1035,47,7,55,6333,85,4.48,1.465,9.7,1.1,3.5,6.5,1.88,1178,2010
Los Angeles Angels of Anaheim,21,28.3,4.33,80,82,0.494,4.04,162,162,152,10,9,3,39,1449.1,1422,702,651,148,565,33,1130,46,6,80,6252,99,4.11,1.371,8.8,0.9,3.5,7,2,1202,2010
Los Angeles Dodgers,24,28.1,4.27,80,82,0.494,4.01,162,162,158,4,16,4,41,1441.2,1323,692,643,134,539,75,1274,58,8,58,6141,97,3.76,1.292,8.3,0.8,3.4,8,2.36,1124,2010
Milwaukee Brewers,25,29.2,4.96,77,85,0.475,4.58,162,162,159,3,7,3,35,1439,1487,804,733,173,582,42,1258,48,3,71,6324,88,4.21,1.438,9.3,1.1,3.6,7.9,2.16,1203,2010
Minnesota Twins,21,28.6,4.14,94,68,0.58,3.95,162,162,153,9,13,3,40,1452.2,1493,671,638,155,383,19,1048,47,4,41,6106,103,3.91,1.291,9.2,1,2.4,6.5,2.74,1077,2010
New York Mets,20,29.5,4.02,79,83,0.488,3.7,162,162,154,8,19,4,36,1453,1438,652,597,135,545,55,1106,52,5,48,6245,105,4,1.365,8.9,0.8,3.4,6.9,2.03,1234,2010
New York Yankees,21,30.3,4.28,95,67,0.586,4.06,162,162,159,3,8,0,39,1442.1,1349,693,651,179,540,37,1154,62,6,69,6102,107,4.34,1.31,8.4,1.1,3.4,7.2,2.14,1082,2010
Oakland Athletics,23,26,3.86,81,81,0.5,3.56,162,162,155,7,17,3,38,1431.2,1315,626,566,153,512,29,1070,38,8,42,6011,115,4.13,1.276,8.3,1,3.2,6.7,2.09,1090,2010
Philadelphia Phillies,21,31.1,3.95,97,65,0.599,3.67,162,162,148,14,21,6,40,1456.1,1402,640,594,168,416,42,1183,57,5,26,6095,111,3.93,1.248,8.7,1,2.6,7.3,2.84,1086,2010
Pittsburgh Pirates,28,28.6,5.35,57,105,0.352,5,162,162,161,1,6,1,31,1411.2,1567,866,784,167,538,40,1026,66,10,56,6300,81,4.45,1.491,10,1.1,3.4,6.5,1.91,1199,2010
San Diego Padres,19,27.2,3.59,90,72,0.556,3.39,162,162,160,2,20,2,49,1456.1,1305,581,549,139,517,51,1295,28,5,29,6058,108,3.66,1.251,8.1,0.9,3.2,8,2.5,1108,2010
Seattle Mariners,22,27.1,4.31,61,101,0.377,3.93,162,162,151,11,10,2,38,1438,1402,698,628,157,452,33,973,40,11,73,6091,100,4.17,1.289,8.8,1,2.8,6.1,2.15,1079,2010
San Francisco Giants,19,27.9,3.6,92,70,0.568,3.36,162,162,156,6,17,3,57,1461,1279,583,546,134,578,58,1331,51,4,74,6159,117,3.74,1.271,7.9,0.8,3.6,8.2,2.3,1193,2010
St. Louis Cardinals,22,30.2,3.96,86,76,0.531,3.57,162,162,155,7,16,3,32,1453.2,1412,641,577,133,477,32,1094,48,4,42,6137,109,3.85,1.299,8.7,0.8,3,6.8,2.29,1135,2010
Tampa Bay Rays,17,28,4.01,96,66,0.593,3.78,162,162,156,6,12,3,51,1453.2,1347,649,611,175,478,34,1189,46,9,60,6103,103,4.09,1.255,8.3,1.1,3,7.4,2.49,1093,2010
Texas Rangers,22,27.6,4.24,90,72,0.556,3.93,162,162,155,7,8,0,46,1455.1,1355,687,636,162,551,24,1181,63,4,56,6213,114,4.17,1.31,8.4,1,3.4,7.3,2.14,1160,2010
Toronto Blue Jays,24,28,4.49,85,77,0.525,4.22,162,162,157,5,11,2,45,1440.2,1407,728,676,150,539,35,1184,60,3,69,6165,100,4.04,1.351,8.8,0.9,3.4,7.4,2.2,1115,2010
Washington Nationals,26,28,4.58,69,93,0.426,4.13,162,162,160,2,5,1,37,1435,1469,742,658,151,512,57,1068,46,7,33,6214,98,4.12,1.38,9.2,0.9,3.2,6.7,2.09,1167,2010
Arizona Diamondbacks,25,27.4,4.09,94,68,0.58,3.8,162,162,157,5,12,1,58,1443.1,1414,662,609,159,442,16,1058,53,7,39,6102,104,4.02,1.286,8.8,1,2.8,6.6,2.39,1110,2011
Atlanta Braves,21,28.4,3.73,89,73,0.549,3.48,162,162,159,3,16,2,52,1479.2,1332,605,572,125,521,73,1332,53,5,61,6220,110,3.49,1.252,8.1,0.8,3.2,8.1,2.56,1176,2011
Baltimore Orioles,27,28.2,5.31,69,93,0.426,4.89,162,162,159,3,7,1,32,1446.2,1568,860,786,210,535,42,1044,45,4,32,6332,86,4.67,1.454,9.8,1.3,3.3,6.5,1.95,1132,2011
Boston Red Sox,27,30.3,4.55,90,72,0.556,4.2,162,162,160,2,13,1,36,1457.1,1366,737,680,156,540,11,1213,90,7,58,6242,103,4.05,1.308,8.4,1,3.3,7.5,2.25,1133,2011
Chicago Cubs,22,29.4,4.67,71,91,0.438,4.33,162,162,158,4,5,1,40,1434.1,1439,756,690,162,580,45,1224,53,5,51,6262,90,4.11,1.408,9,1,3.6,7.7,2.11,1203,2011
Chicago White Sox,22,28.5,4.36,79,83,0.488,4.1,162,162,156,6,14,4,42,1460,1463,706,665,147,439,50,1220,44,4,55,6188,106,3.66,1.303,9,0.9,2.7,7.5,2.78,1102,2011
Cincinnati Reds,21,27.7,4.44,79,83,0.488,4.16,162,162,158,4,5,2,39,1467.2,1414,720,678,185,539,47,1112,59,13,51,6259,95,4.37,1.331,8.7,1.1,3.3,6.8,2.06,1136,2011
Cleveland Indians,22,26.7,4.69,80,82,0.494,4.23,162,162,160,2,4,0,38,1453.1,1482,760,683,153,463,34,1024,60,3,42,6235,93,4.06,1.338,9.2,0.9,2.9,6.3,2.21,1115,2011
Colorado Rockies,29,27.7,4.78,73,89,0.451,4.43,162,162,157,5,7,2,41,1447.2,1471,774,713,176,522,47,1118,48,7,65,6215,103,4.24,1.377,9.1,1.1,3.2,7,2.14,1098,2011
Detroit Tigers,26,27.8,4.39,95,67,0.586,4.04,162,162,158,4,14,2,52,1440,1406,711,647,149,492,34,1115,52,5,69,6108,103,3.95,1.318,8.8,0.9,3.1,7,2.27,1077,2011
Florida Marlins,22,28,4.33,72,90,0.444,3.95,162,162,155,7,11,4,40,1459.2,1403,702,640,149,500,72,1218,37,10,43,6200,99,3.79,1.304,8.7,0.9,3.1,7.5,2.44,1119,2011
Houston Astros,23,27.2,4.91,56,106,0.346,4.51,162,162,160,2,6,0,25,1435,1477,796,719,188,560,59,1191,53,9,39,6268,84,4.35,1.42,9.3,1.2,3.5,7.5,2.13,1167,2011
Kansas City Royals,23,26.4,4.7,71,91,0.438,4.44,162,162,160,2,6,0,37,1451.1,1487,762,716,163,557,42,1080,58,7,69,6280,92,4.27,1.408,9.2,1,3.5,6.7,1.94,1164,2011
Los Angeles Angels of Anaheim,21,28.4,3.91,86,76,0.531,3.57,162,162,150,12,11,6,39,1465,1388,633,581,142,476,34,1058,36,4,55,6124,106,3.89,1.272,8.5,0.9,2.9,6.5,2.22,1096,2011
Los Angeles Dodgers,21,28.6,3.8,82,79,0.509,3.54,161,161,154,7,17,2,40,1432,1287,612,563,132,507,48,1265,43,7,50,5997,104,3.61,1.253,8.1,0.8,3.2,8,2.5,1089,2011
Milwaukee Brewers,22,29.3,3.94,96,66,0.593,3.63,162,162,161,1,13,1,47,1441.2,1348,638,582,147,440,16,1257,33,5,70,6048,109,3.59,1.24,8.4,0.9,2.7,7.8,2.86,1085,2011
Minnesota Twins,24,28.5,4.96,63,99,0.389,4.58,162,162,155,7,8,3,32,1421.2,1564,804,724,161,480,37,940,54,5,47,6210,89,4.3,1.438,9.9,1,3,6,1.96,1141,2011
New York Mets,23,30,4.58,77,85,0.475,4.19,162,162,156,6,9,2,43,1448,1482,742,674,147,514,48,1126,70,7,46,6316,88,4,1.378,9.2,0.9,3.2,7,2.19,1230,2011
New York Yankees,28,31,4.06,97,65,0.599,3.73,162,162,157,5,8,3,47,1458.1,1423,657,605,152,507,43,1222,58,3,67,6216,116,3.87,1.323,8.8,0.9,3.1,7.5,2.41,1184,2011
Oakland Athletics,26,27.4,4.19,74,88,0.457,3.71,162,162,156,6,12,1,39,1447.2,1380,679,597,136,519,24,1160,41,3,53,6159,109,3.8,1.312,8.6,0.8,3.2,7.2,2.24,1137,2011
Philadelphia Phillies,23,29.2,3.27,102,60,0.63,3.02,162,162,144,18,21,7,47,1477,1320,529,495,120,404,41,1299,47,6,23,6069,127,3.24,1.167,8,0.7,2.5,7.9,3.22,1109,2011
Pittsburgh Pirates,25,28.1,4.4,72,90,0.444,4.04,162,162,157,5,11,3,43,1449.1,1513,712,650,152,535,65,1031,62,6,60,6317,92,4.2,1.413,9.4,0.9,3.3,6.4,1.93,1257,2011
San Diego Padres,22,28.1,3.77,71,91,0.438,3.42,162,162,162,0,10,0,44,1449.1,1324,611,551,125,521,56,1139,37,6,45,6065,104,3.73,1.273,8.2,0.8,3.2,7.1,2.19,1106,2011
Seattle Mariners,21,26.8,4.17,67,95,0.414,3.9,162,162,150,12,10,3,39,1433,1369,675,621,145,436,27,1088,51,6,68,6014,97,3.84,1.26,8.6,0.9,2.7,6.8,2.5,1040,2011
San Francisco Giants,17,28.5,3.57,86,76,0.531,3.2,162,162,159,3,12,2,52,1468,1260,578,522,96,559,46,1316,50,4,42,6130,109,3.33,1.239,7.7,0.6,3.4,8.1,2.35,1148,2011
St. Louis Cardinals,24,30.2,4.27,90,72,0.556,3.74,162,162,155,7,9,5,47,1462,1461,692,608,136,448,44,1098,46,3,48,6211,99,3.75,1.306,9,0.8,2.8,6.8,2.45,1133,2011
Tampa Bay Rays,21,27.8,3.79,91,71,0.562,3.58,162,162,147,15,13,5,32,1449,1263,614,577,161,504,38,1143,46,3,45,6010,105,4.03,1.219,7.8,1,3.1,7.1,2.27,1049,2011
Texas Rangers,25,28.8,4.18,96,66,0.593,3.79,162,162,152,10,19,7,38,1441.1,1327,677,607,170,461,21,1179,46,6,43,6021,117,3.98,1.241,8.3,1.1,2.9,7.4,2.56,1020,2011
Toronto Blue Jays,30,27.6,4.7,81,81,0.5,4.32,162,162,155,7,10,3,33,1458.2,1433,761,700,179,540,28,1169,77,3,73,6286,99,4.29,1.353,8.8,1.1,3.3,7.2,2.16,1149,2011
Washington Nationals,24,27.6,3.99,80,81,0.497,3.58,161,161,158,3,10,2,49,1449.1,1403,643,577,129,477,43,1049,52,6,49,6141,107,3.83,1.297,8.7,0.8,3,6.5,2.2,1150,2011
Arizona Diamondbacks,23,27.4,4.25,81,81,0.5,3.93,162,162,158,4,9,2,39,1433.2,1432,688,626,155,417,18,1200,51,10,52,6063,104,3.8,1.29,9,1,2.6,7.5,2.88,1074,2012
Atlanta Braves,21,27.6,3.7,94,68,0.58,3.42,162,162,157,5,16,4,47,1445.1,1310,600,549,145,464,40,1232,41,3,54,5991,117,3.74,1.227,8.2,0.9,2.9,7.7,2.66,1055,2012
Baltimore Orioles,26,27.6,4.35,93,69,0.574,3.9,162,162,161,1,10,1,55,1483,1433,705,642,184,481,36,1177,53,6,34,6278,109,4.2,1.291,8.7,1.1,2.9,7.1,2.45,1124,2012
Boston Red Sox,26,28.7,4.98,69,93,0.426,4.7,162,162,156,6,4,2,35,1443,1449,806,754,190,529,33,1176,66,11,42,6209,90,4.41,1.371,9,1.2,3.3,7.3,2.22,1074,2012
Chicago Cubs,30,27.9,4.69,61,101,0.377,4.51,162,162,161,1,9,0,28,1413.2,1399,759,708,175,573,36,1128,65,5,44,6140,91,4.46,1.395,8.9,1.1,3.6,7.2,1.97,1140,2012
Chicago White Sox,25,27.5,4.17,85,77,0.525,4.02,162,162,156,6,11,2,37,1445.2,1365,676,646,186,503,29,1246,68,9,66,6098,106,4.23,1.292,8.5,1.2,3.1,7.8,2.48,1085,2012
Cincinnati Reds,17,27.1,3.63,97,65,0.599,3.34,162,162,153,9,12,2,56,1453,1356,588,540,152,427,33,1248,51,7,34,6056,123,3.72,1.227,8.4,0.9,2.6,7.7,2.92,1109,2012
Cleveland Indians,24,27.6,5.22,68,94,0.42,4.78,162,162,160,2,6,1,43,1442,1503,845,766,174,543,27,1086,55,6,67,6283,82,4.4,1.419,9.4,1.1,3.4,6.8,2,1112,2012
Colorado Rockies,27,28.2,5.49,64,98,0.395,5.22,162,162,162,0,7,0,36,1422,1637,890,824,198,566,61,1144,47,6,94,6384,89,4.59,1.549,10.4,1.3,3.6,7.2,2.02,1228,2012
Detroit Tigers,23,28.2,4.14,88,74,0.543,3.75,162,162,153,9,8,3,40,1430.2,1409,670,596,151,438,35,1318,42,6,46,6045,113,3.63,1.291,8.9,0.9,2.8,8.3,3.01,1083,2012
Houston Astros,26,27.2,4.9,55,107,0.34,4.56,162,162,159,3,11,2,31,1423.1,1493,794,721,173,540,40,1170,48,6,75,6238,89,4.27,1.428,9.4,1.1,3.4,7.4,2.17,1174,2012
Kansas City Royals,25,27.3,4.6,72,90,0.444,4.3,162,162,160,2,12,1,44,1451.1,1504,746,693,163,542,44,1177,60,8,49,6251,98,4.18,1.41,9.3,1,3.4,7.3,2.17,1151,2012
Los Angeles Angels of Anaheim,23,30.1,4.31,89,73,0.549,4.02,162,162,156,6,16,5,38,1433.1,1339,699,640,186,483,20,1157,40,2,38,6034,95,4.26,1.271,8.4,1.2,3,7.3,2.4,1035,2012
Los Angeles Dodgers,25,29,3.69,86,76,0.531,3.34,162,162,160,2,10,2,40,1449.2,1277,597,538,122,539,62,1276,45,2,46,6068,114,3.64,1.253,7.9,0.8,3.3,7.9,2.37,1122,2012
Miami Marlins,21,28.8,4.47,69,93,0.426,4.09,162,162,157,5,7,3,38,1440.2,1448,724,655,133,495,61,1113,55,4,36,6186,100,3.89,1.349,9,0.8,3.1,7,2.25,1140,2012
Milwaukee Brewers,23,29,4.52,83,79,0.512,4.22,162,162,162,0,9,0,44,1453.2,1458,733,682,169,525,20,1402,31,5,57,6245,98,3.82,1.364,9,1,3.3,8.7,2.67,1151,2012
Minnesota Twins,25,27.8,5.14,66,96,0.407,4.77,162,162,159,3,6,1,35,1438.2,1536,832,762,198,465,43,943,57,2,60,6214,86,4.66,1.391,9.6,1.2,2.9,5.9,2.03,1066,2012
New York Mets,28,30.3,4.38,74,88,0.457,4.09,162,162,155,7,13,5,36,1434,1368,709,651,161,488,29,1240,40,3,40,6086,93,3.93,1.294,8.6,1,3.1,7.8,2.54,1075,2012
New York Yankees,24,30.3,4.12,95,67,0.586,3.84,162,162,156,6,9,2,51,1445.1,1401,668,617,190,431,32,1318,49,9,53,6085,110,3.98,1.268,8.7,1.2,2.7,8.2,3.06,1081,2012
Oakland Athletics,25,27.9,3.79,94,68,0.58,3.48,162,162,161,1,13,0,47,1470,1360,614,569,147,462,34,1136,46,5,40,6131,112,3.89,1.239,8.3,0.9,2.8,7,2.46,1107,2012
Philadelphia Phillies,24,29.1,4.2,81,81,0.5,3.83,162,162,157,5,11,4,42,1451.1,1387,680,618,178,409,33,1385,44,3,30,6072,105,3.72,1.237,8.6,1.1,2.5,8.6,3.39,1038,2012
Pittsburgh Pirates,25,30.2,4.16,79,83,0.488,3.86,162,162,160,2,10,1,45,1433.1,1357,674,615,153,490,30,1192,45,3,45,6097,97,3.93,1.289,8.5,1,3.1,7.5,2.43,1123,2012
San Diego Padres,30,28,4.38,76,86,0.469,4.01,162,162,158,4,11,3,43,1434.2,1356,710,640,162,539,48,1205,48,8,49,6151,90,4.11,1.321,8.5,1,3.4,7.6,2.24,1137,2012
Seattle Mariners,18,27.9,4.02,75,87,0.463,3.76,162,162,154,8,11,6,43,1456.2,1359,651,608,166,449,39,1166,49,5,61,6062,102,4,1.241,8.4,1,2.8,7.2,2.6,1039,2012
San Francisco Giants,23,30,4.01,94,68,0.58,3.68,162,162,157,5,14,4,53,1451,1361,649,593,142,489,42,1237,51,4,54,6138,96,3.78,1.275,8.4,0.9,3,7.7,2.53,1136,2012
St. Louis Cardinals,24,28.6,4,88,74,0.543,3.71,162,162,158,4,10,2,42,1462.2,1420,648,603,134,436,28,1218,50,4,46,6158,103,3.62,1.269,8.7,0.8,2.7,7.5,2.79,1122,2012
Tampa Bay Rays,18,28.1,3.56,90,72,0.556,3.19,162,162,155,7,15,4,50,1459.2,1233,577,518,139,469,35,1383,54,4,59,6000,121,3.51,1.166,7.6,0.9,2.9,8.5,2.95,1044,2012
Texas Rangers,21,28.8,4.36,93,69,0.574,3.99,162,162,155,7,10,2,43,1442,1378,707,639,175,446,15,1286,41,8,53,6067,109,3.9,1.265,8.6,1.1,2.8,8,2.88,1034,2012
Toronto Blue Jays,34,27.8,4.84,73,89,0.451,4.64,162,162,157,5,11,4,29,1443.2,1439,784,745,204,574,20,1142,55,7,56,6216,91,4.66,1.394,9,1.3,3.6,7.1,1.99,1101,2012
Washington Nationals,19,27,3.67,98,64,0.605,3.33,162,162,159,3,9,1,51,1468.1,1296,594,543,129,497,32,1325,47,4,62,6133,120,3.54,1.221,7.9,0.8,3,8.1,2.67,1134,2012
Arizona Diamondbacks,23,27.6,4.29,81,81,0.5,3.92,162,162,156,6,7,2,38,1495,1460,695,651,176,485,42,1218,60,3,84,6338,99,4.04,1.301,8.8,1.1,2.9,7.3,2.51,1158,2013
Atlanta Braves,21,27.2,3.38,96,66,0.593,3.18,162,162,161,1,12,0,53,1450.1,1326,548,512,127,409,35,1232,51,3,50,5989,118,3.44,1.196,8.2,0.8,2.5,7.6,3.01,1090,2013
Baltimore Orioles,26,27.9,4.38,85,77,0.525,4.2,162,162,160,2,6,1,57,1453,1438,709,678,202,473,32,1169,50,3,38,6144,98,4.33,1.315,8.9,1.3,2.9,7.2,2.47,1076,2013
Boston Red Sox,26,30.2,4.05,97,65,0.599,3.79,162,162,157,5,8,2,33,1454,1366,656,613,156,524,10,1294,47,5,47,6143,109,3.84,1.3,8.5,1,3.2,8,2.47,1125,2013
Chicago Cubs,31,28.7,4.25,66,96,0.407,4,162,162,159,3,6,1,39,1448,1332,689,643,160,540,43,1184,62,4,59,6149,97,4.1,1.293,8.3,1,3.4,7.4,2.19,1116,2013
Chicago White Sox,24,27.1,4.46,63,99,0.389,3.98,162,162,157,5,5,1,40,1455,1424,723,643,182,509,24,1249,60,4,62,6214,106,4.13,1.329,8.8,1.1,3.1,7.7,2.45,1126,2013
Cincinnati Reds,20,27.7,3.64,90,72,0.556,3.38,162,162,157,5,17,2,43,1473.2,1294,589,554,170,435,28,1296,66,5,44,6077,112,3.81,1.173,7.9,1,2.7,7.9,2.98,1067,2013
Cleveland Indians,28,27.5,4.09,92,70,0.568,3.82,162,162,159,3,16,3,38,1441.1,1359,662,611,147,554,26,1379,58,3,71,6154,100,3.73,1.327,8.5,0.9,3.5,8.6,2.49,1168,2013
Colorado Rockies,23,28.3,4.69,74,88,0.457,4.44,162,162,161,1,5,0,35,1436,1545,760,708,136,517,52,1064,40,15,62,6248,101,3.96,1.436,9.7,0.9,3.2,6.7,2.06,1180,2013
Detroit Tigers,20,28.4,3.85,93,69,0.574,3.61,162,162,159,3,12,1,39,1462.2,1369,624,587,128,462,29,1428,42,7,63,6119,116,3.27,1.252,8.4,0.8,2.8,8.8,3.09,1107,2013
Houston Astros,26,27.2,5.23,51,111,0.315,4.79,162,162,160,2,5,1,32,1440,1530,848,766,191,616,32,1084,56,6,61,6370,85,4.67,1.49,9.6,1.2,3.9,6.8,1.76,1202,2013
Kansas City Royals,21,28.9,3.71,86,76,0.531,3.45,162,162,157,5,12,2,52,1448.1,1366,601,555,155,469,21,1208,41,4,60,6049,120,3.83,1.267,8.5,1,2.9,7.5,2.58,1103,2013
Los Angeles Angels of Anaheim,26,29.1,4.55,78,84,0.481,4.23,162,162,158,4,12,2,41,1457.2,1475,737,685,167,533,36,1200,45,4,74,6298,89,4.08,1.378,9.1,1,3.3,7.4,2.25,1188,2013
Los Angeles Dodgers,27,28.1,3.59,92,70,0.568,3.25,162,162,155,7,22,4,46,1450.1,1321,582,524,127,460,44,1292,43,3,66,6032,110,3.44,1.228,8.2,0.8,2.9,8,2.81,1099,2013
Miami Marlins,26,26,3.99,62,100,0.383,3.71,162,162,160,2,13,1,36,1460,1376,646,602,121,526,58,1177,47,2,53,6166,104,3.69,1.303,8.5,0.7,3.2,7.3,2.24,1140,2013
Milwaukee Brewers,21,28.8,4.24,74,88,0.457,3.84,162,162,158,4,15,2,40,1442.2,1401,687,615,175,466,29,1125,43,2,51,6100,101,4.12,1.294,8.7,1.1,2.9,7,2.41,1085,2013
Minnesota Twins,23,28.3,4.86,66,96,0.407,4.55,162,162,161,1,7,1,40,1450.1,1591,788,733,168,458,31,985,44,4,50,6257,90,4.23,1.413,9.9,1,2.8,6.1,2.15,1118,2013
New York Mets,29,29.1,4.22,74,88,0.457,3.77,162,162,158,4,10,2,40,1476.2,1442,684,618,152,458,38,1209,54,3,47,6249,95,3.79,1.287,8.8,0.9,2.8,7.4,2.64,1135,2013
New York Yankees,24,31.8,4.14,85,77,0.525,3.94,162,162,155,7,10,3,49,1447.1,1452,671,633,171,437,34,1233,51,1,57,6128,102,3.89,1.305,9,1.1,2.7,7.7,2.82,1115,2013
Oakland Athletics,19,28.3,3.86,96,66,0.593,3.56,162,162,156,6,13,4,46,1452,1339,625,574,163,428,23,1183,35,1,56,6069,109,3.83,1.217,8.3,1,2.7,7.3,2.76,1088,2013
Philadelphia Phillies,27,28.7,4.62,73,89,0.451,4.32,162,162,156,6,3,2,32,1436.1,1465,749,689,152,506,33,1199,62,6,48,6213,87,3.94,1.372,9.2,1,3.2,7.5,2.37,1155,2013
Pittsburgh Pirates,29,28.7,3.56,94,68,0.58,3.26,162,162,159,3,16,0,55,1470.2,1299,577,533,101,515,26,1261,70,6,81,6147,109,3.42,1.233,7.9,0.6,3.2,7.7,2.45,1158,2013
San Diego Padres,23,28.8,4.32,76,86,0.469,3.98,162,162,159,3,6,1,40,1455,1407,700,643,156,525,31,1171,40,2,51,6179,86,4,1.328,8.7,1,3.2,7.2,2.23,1114,2013
Seattle Mariners,22,28,4.65,71,91,0.438,4.31,162,162,158,4,14,2,43,1465,1467,754,702,174,478,48,1297,42,1,74,6257,86,3.89,1.328,9,1.1,2.9,8,2.71,1108,2013
San Francisco Giants,21,29.6,4.27,76,86,0.469,4,162,162,160,2,13,2,41,1447.1,1380,691,643,145,521,64,1256,50,4,60,6163,87,3.8,1.313,8.6,0.9,3.2,7.8,2.41,1130,2013
St. Louis Cardinals,25,26.9,3.68,97,65,0.599,3.42,162,162,155,7,15,4,44,1459.2,1366,596,555,112,451,26,1254,64,1,33,6104,110,3.39,1.245,8.4,0.7,2.8,7.7,2.78,1129,2013
Tampa Bay Rays,21,29,3.96,92,71,0.564,3.74,163,163,154,9,17,3,42,1464,1315,646,608,153,482,38,1310,52,6,69,6083,103,3.71,1.227,8.1,0.9,3,8.1,2.72,1045,2013
Texas Rangers,25,27.9,3.9,91,72,0.558,3.62,163,163,159,4,10,2,46,1463.1,1370,636,589,157,498,35,1309,48,5,68,6146,114,3.77,1.277,8.4,1,3.1,8.1,2.63,1120,2013
Toronto Blue Jays,31,30.9,4.67,74,88,0.457,4.25,162,162,158,4,11,2,39,1452,1451,756,685,195,500,33,1208,65,7,54,6250,97,4.3,1.344,9,1.2,3.1,7.5,2.42,1138,2013
Washington Nationals,21,27.7,3.86,86,76,0.531,3.59,162,162,156,6,13,4,47,1445.2,1367,626,576,142,405,17,1236,48,8,43,6038,106,3.56,1.226,8.5,0.9,2.5,7.7,3.05,1075,2013
Arizona Diamondbacks,25,28,4.58,64,98,0.395,4.26,162,162,160,2,4,1,35,1444.1,1467,742,683,154,469,43,1278,51,5,50,6162,88,3.83,1.34,9.1,1,2.9,8,2.72,1087,2014
Atlanta Braves,20,27.3,3.69,79,83,0.488,3.38,162,162,157,5,13,2,54,1455,1369,597,547,121,472,36,1301,37,1,75,6087,106,3.47,1.265,8.5,0.7,2.9,8,2.76,1125,2014
Baltimore Orioles,20,27.7,3.66,96,66,0.593,3.43,162,162,159,3,13,2,53,1461.1,1342,593,557,151,472,25,1174,59,2,42,6104,115,3.96,1.241,8.3,0.9,2.9,7.2,2.49,1127,2014
Boston Red Sox,25,29.9,4.41,71,91,0.438,4.01,162,162,159,3,7,2,36,1465.2,1458,715,653,154,482,19,1213,47,5,51,6231,100,3.93,1.324,9,0.9,3,7.4,2.52,1119,2014
Chicago Cubs,27,28,4.36,73,89,0.451,3.91,162,162,161,1,11,1,37,1463.1,1398,707,636,115,504,37,1311,55,3,64,6208,97,3.51,1.3,8.6,0.7,3.1,8.1,2.6,1111,2014
Chicago White Sox,26,27.4,4.68,73,89,0.451,4.29,162,162,159,3,6,0,36,1441,1468,758,687,140,557,42,1152,69,3,75,6255,88,4.09,1.405,9.2,0.9,3.5,7.2,2.07,1174,2014
Cincinnati Reds,25,28,3.78,76,86,0.469,3.59,162,162,157,5,13,3,44,1446,1282,612,576,163,507,33,1290,69,5,45,6067,103,4.01,1.237,8,1,3.2,8,2.54,1117,2014
Cleveland Indians,23,27.2,4.03,85,77,0.525,3.56,162,162,156,6,15,4,40,1468.1,1398,653,581,135,464,51,1450,58,2,56,6193,110,3.42,1.268,8.6,0.8,2.8,8.9,3.13,1135,2014
Colorado Rockies,26,28.5,5.05,66,96,0.407,4.84,162,162,161,1,4,1,24,1431,1528,818,770,173,531,32,1074,54,8,72,6248,88,4.43,1.439,9.6,1.1,3.3,6.8,2.02,1137,2014
Detroit Tigers,30,28.5,4.35,90,72,0.556,4.01,162,162,157,5,8,4,41,1454,1475,705,648,127,462,34,1244,42,9,43,6191,97,3.6,1.332,9.1,0.8,2.9,7.7,2.69,1124,2014
Houston Astros,28,27.9,4.46,70,92,0.432,4.11,162,162,155,7,3,2,31,1438.2,1437,723,657,139,484,32,1137,52,7,57,6154,94,3.93,1.335,9,0.9,3,7.1,2.35,1115,2014
Kansas City Royals,23,28.9,3.85,89,73,0.549,3.51,162,162,159,3,14,2,53,1450.2,1386,624,565,128,440,14,1168,56,6,58,6101,113,3.69,1.259,8.6,0.8,2.7,7.2,2.65,1125,2014
Los Angeles Angels of Anaheim,31,28.4,3.89,98,64,0.605,3.58,162,162,159,3,13,2,46,1482.2,1307,630,590,126,504,41,1342,63,4,74,6179,101,3.57,1.221,7.9,0.8,3.1,8.1,2.66,1101,2014
Los Angeles Dodgers,25,29.9,3.81,94,68,0.58,3.4,162,162,155,7,16,3,47,1464.2,1338,617,554,142,429,35,1373,41,4,64,6075,103,3.48,1.206,8.2,0.9,2.6,8.4,3.2,1064,2014
Miami Marlins,25,26.4,4.16,77,85,0.475,3.78,162,162,159,3,16,3,42,1457.2,1481,674,613,114,458,35,1190,49,4,56,6217,98,3.56,1.33,9.1,0.7,2.8,7.3,2.6,1170,2014
Milwaukee Brewers,21,29,4.06,82,80,0.506,3.67,162,162,159,3,9,3,45,1457.2,1386,657,594,167,431,20,1246,42,2,44,6106,103,3.89,1.247,8.6,1,2.7,7.7,2.89,1076,2014
Minnesota Twins,23,29.2,4.8,70,92,0.432,4.57,162,162,160,2,7,0,38,1435,1588,777,728,147,408,24,1031,45,6,50,6212,86,3.97,1.391,10,0.9,2.6,6.5,2.53,1130,2014
New York Mets,22,28.9,3.81,79,83,0.488,3.49,162,162,161,1,11,1,42,1463.2,1370,618,568,141,509,38,1303,50,1,56,6170,99,3.75,1.284,8.4,0.9,3.1,8,2.56,1161,2014
New York Yankees,33,29.3,4.1,84,78,0.519,3.75,162,162,157,5,10,2,48,1453,1392,664,605,164,398,23,1370,65,6,49,6114,103,3.67,1.232,8.6,1,2.5,8.5,3.44,1091,2014
Oakland Athletics,23,28.2,3.53,88,74,0.543,3.22,162,162,155,7,13,3,31,1463.1,1269,572,524,147,406,28,1244,48,1,59,5972,116,3.67,1.145,7.8,0.9,2.5,7.7,3.06,1010,2014
Philadelphia Phillies,26,30.1,4.24,73,89,0.451,3.79,162,162,160,2,12,0,40,1468.1,1396,687,619,134,521,43,1255,69,1,49,6261,99,3.81,1.306,8.6,0.8,3.2,7.7,2.41,1169,2014
Pittsburgh Pirates,23,28.1,3.9,88,74,0.543,3.47,162,162,160,2,7,1,48,1456.1,1341,631,562,128,499,43,1228,88,3,71,6130,103,3.8,1.263,8.3,0.8,3.1,7.6,2.46,1130,2014
San Diego Padres,24,28.8,3.56,77,85,0.475,3.27,162,162,158,4,10,3,41,1438.2,1300,577,523,117,462,32,1284,46,4,57,6006,104,3.46,1.225,8.1,0.7,2.9,8,2.78,1113,2014
Seattle Mariners,20,29,3.42,87,75,0.537,3.17,162,162,160,2,9,1,51,1452,1240,554,512,137,463,36,1317,52,8,80,5974,115,3.61,1.173,7.7,0.8,2.9,8.2,2.84,1064,2014
San Francisco Giants,21,31.7,3.79,88,74,0.543,3.5,162,162,154,8,12,3,46,1449,1305,614,564,133,389,35,1211,57,6,49,5947,99,3.58,1.169,8.1,0.8,2.4,7.5,3.11,986,2014
St. Louis Cardinals,24,27.2,3.72,90,72,0.556,3.5,162,162,154,8,23,5,55,1448.2,1321,603,564,123,470,35,1221,61,5,44,6069,104,3.65,1.236,8.2,0.8,2.9,7.6,2.6,1120,2014
Tampa Bay Rays,23,28.4,3.86,77,85,0.475,3.56,162,162,159,3,22,1,37,1463.2,1292,625,579,145,482,27,1437,58,3,65,6131,105,3.56,1.212,7.9,0.9,3,8.8,2.98,1115,2014
Texas Rangers,41,27.9,4.77,67,95,0.414,4.49,162,162,156,6,17,4,33,1426.1,1510,773,711,160,505,43,1110,61,7,61,6195,89,4.22,1.413,9.5,1,3.2,7,2.2,1143,2014
Toronto Blue Jays,27,29.6,4.23,83,79,0.512,4,162,162,159,3,16,2,45,1443,1400,686,642,151,490,23,1199,57,5,43,6150,95,3.97,1.31,8.7,0.9,3.1,7.5,2.45,1135,2014
Washington Nationals,18,28.3,3.43,96,66,0.593,3.03,162,162,157,5,19,4,45,1470.2,1351,555,495,110,352,26,1288,51,2,37,6020,124,3.17,1.158,8.3,0.7,2.2,7.9,3.66,1053,2014
Arizona Diamondbacks,27,27.1,4.4,79,83,0.488,4.04,162,162,161,1,12,1,44,1466.2,1450,713,659,182,500,45,1215,48,3,51,6257,102,4.21,1.33,8.9,1.1,3.1,7.5,2.43,1144,2015
Atlanta Braves,37,26.6,4.69,67,95,0.414,4.41,162,162,159,3,10,2,44,1425.1,1462,760,698,170,550,45,1148,53,9,53,6156,88,4.34,1.412,9.2,1.1,3.5,7.2,2.09,1120,2015
Baltimore Orioles,22,28.3,4.28,81,81,0.5,4.05,162,162,162,0,10,0,43,1434.2,1406,693,646,174,483,27,1233,54,0,46,6085,102,4.11,1.317,8.8,1.1,3,7.7,2.55,1088,2015
Boston Red Sox,26,28.6,4.65,78,84,0.481,4.31,162,162,159,3,10,1,40,1448.1,1486,753,694,178,478,17,1218,62,10,79,6225,100,4.17,1.356,9.2,1.1,3,7.6,2.55,1127,2015
Chicago Cubs,29,29.3,3.75,97,65,0.599,3.36,162,162,156,6,21,4,48,1461.1,1276,608,546,134,407,38,1431,46,3,66,5997,114,3.3,1.152,7.9,0.8,2.5,8.8,3.52,1005,2015
Chicago White Sox,24,27.8,4.33,76,86,0.469,3.98,162,162,155,7,9,4,37,1452.2,1443,701,643,162,474,34,1359,62,2,61,6181,98,3.82,1.32,8.9,1,2.9,8.4,2.87,1122,2015
Cincinnati Reds,28,27.3,4.65,64,98,0.395,4.33,162,162,160,2,8,1,35,1453.1,1436,754,700,177,544,42,1252,58,11,54,6271,92,4.24,1.362,8.9,1.1,3.4,7.8,2.3,1157,2015
Cleveland Indians,27,27.3,3.98,81,80,0.503,3.67,161,161,150,11,10,1,38,1432.2,1274,640,584,161,425,27,1407,48,5,48,5904,117,3.62,1.186,8,1,2.7,8.8,3.31,966,2015
Colorado Rockies,30,28.7,5.21,68,94,0.42,5.04,162,162,158,4,4,1,36,1426.1,1579,844,799,183,579,42,1112,48,6,66,6308,92,4.56,1.513,10,1.2,3.7,7,1.92,1185,2015
Detroit Tigers,27,28.7,4.99,74,87,0.46,4.64,161,161,154,7,12,4,35,1447,1491,803,746,193,489,32,1100,46,8,60,6188,86,4.46,1.368,9.3,1.2,3,6.8,2.25,1044,2015
Houston Astros,24,29.4,3.81,86,76,0.531,3.57,162,162,157,5,13,3,39,1441,1308,618,572,148,423,17,1280,43,2,61,5965,110,3.66,1.201,8.2,0.9,2.6,8,3.03,1024,2015
Kansas City Royals,24,30,3.96,95,67,0.586,3.73,162,162,160,2,8,1,56,1452,1372,641,601,155,489,10,1160,52,2,62,6112,112,4.04,1.282,8.5,1,3,7.2,2.37,1115,2015
Los Angeles Angels of Anaheim,25,28.3,4.17,85,77,0.525,3.94,162,162,160,2,12,2,46,1440.2,1355,675,630,166,466,45,1221,71,4,61,6096,96,4.06,1.264,8.5,1,2.9,7.6,2.62,1099,2015
Los Angeles Dodgers,31,28.1,3.67,92,70,0.568,3.44,162,162,156,6,21,3,47,1445.2,1317,595,553,145,395,32,1396,38,10,52,5932,107,3.41,1.184,8.2,0.9,2.5,8.7,3.53,1000,2015
Miami Marlins,29,27.3,4.19,71,91,0.438,4.02,162,162,162,0,12,0,35,1427,1374,678,638,141,508,25,1152,52,3,53,6050,95,3.98,1.319,8.7,0.9,3.2,7.3,2.27,1091,2015
Milwaukee Brewers,26,28.4,4.55,68,94,0.42,4.28,162,162,161,1,7,0,40,1435,1432,737,682,176,517,36,1260,55,5,71,6148,93,4.17,1.358,9,1.1,3.2,7.9,2.44,1106,2015
Minnesota Twins,24,29.1,4.32,83,79,0.512,4.07,162,162,160,2,12,0,45,1443,1506,700,653,163,413,34,1046,41,2,54,6139,100,4.1,1.33,9.4,1,2.6,6.5,2.53,1110,2015
New York Mets,26,28.2,3.78,90,72,0.556,3.43,162,162,161,1,14,1,50,1462.2,1341,613,557,152,383,43,1337,44,2,46,6046,111,3.53,1.179,8.3,0.9,2.4,8.2,3.49,1045,2015
New York Yankees,33,27.4,4.31,87,75,0.537,4.03,162,162,159,3,4,0,48,1457.2,1416,698,652,182,474,16,1370,56,4,78,6191,101,3.97,1.297,8.7,1.1,2.9,8.5,2.89,1120,2015
Oakland Athletics,30,27.8,4.5,68,94,0.42,4.14,162,162,157,5,15,3,28,1444.2,1402,729,664,172,474,19,1179,47,4,62,6128,94,4.13,1.299,8.7,1.1,3,7.3,2.49,1065,2015
Philadelphia Phillies,30,28.5,4.99,63,99,0.389,4.69,162,162,161,1,7,1,35,1436.1,1592,809,749,191,488,37,1153,61,7,60,6332,82,4.4,1.448,10,1.2,3.1,7.2,2.36,1214,2015
Pittsburgh Pirates,21,29.6,3.68,98,64,0.605,3.21,162,162,162,0,13,0,54,1489.2,1392,596,532,110,453,38,1338,75,4,67,6215,121,3.36,1.239,8.4,0.7,2.7,8.1,2.95,1150,2015
San Diego Padres,26,29.1,4.51,74,88,0.457,4.09,162,162,161,1,6,0,41,1440.1,1371,731,655,171,516,35,1393,54,3,54,6093,91,3.93,1.31,8.6,1.1,3.2,8.7,2.7,1041,2015
Seattle Mariners,28,28.6,4.48,76,86,0.469,4.16,162,162,156,6,12,5,45,1463,1430,726,677,181,491,41,1283,70,5,72,6223,92,4.14,1.313,8.8,1.1,3,7.9,2.61,1108,2015
San Francisco Giants,21,31.5,3.87,84,78,0.519,3.72,162,162,155,7,18,4,41,1444.1,1344,627,597,155,431,28,1165,50,4,40,6009,103,3.91,1.229,8.4,1,2.7,7.3,2.7,1049,2015
St. Louis Cardinals,23,28.2,3.24,100,62,0.617,2.94,162,162,161,1,15,0,62,1464.2,1359,525,478,123,477,37,1329,45,5,48,6134,134,3.47,1.254,8.4,0.8,2.9,8.2,2.79,1215,2015
Tampa Bay Rays,27,26.7,3.96,80,82,0.494,3.74,162,162,161,1,12,1,60,1453.1,1314,642,604,175,477,23,1355,46,5,81,6069,105,3.91,1.232,8.1,1.1,3,8.4,2.84,1067,2015
Texas Rangers,31,28.1,4.52,88,74,0.543,4.24,162,162,157,5,9,3,45,1442.2,1459,733,680,171,508,29,1095,63,5,51,6215,100,4.34,1.363,9.1,1.1,3.2,6.8,2.16,1154,2015
Toronto Blue Jays,28,29.2,4.14,93,69,0.574,3.8,162,162,155,7,10,2,34,1441,1353,670,609,173,397,20,1117,59,4,62,5984,108,4.09,1.214,8.5,1.1,2.5,7,2.81,991,2015
Washington Nationals,26,28.6,3.92,83,79,0.512,3.62,162,162,158,4,13,3,41,1434.2,1366,635,577,145,364,37,1342,55,4,39,5975,110,3.45,1.206,8.6,0.9,2.3,8.4,3.69,1036,2015
Arizona Diamondbacks,29,26.4,5.49,69,93,0.426,5.09,162,162,160,2,7,2,31,1451.1,1563,890,821,202,603,57,1318,57,7,69,6437,88,4.5,1.492,9.7,1.3,3.7,8.2,2.19,1193,2016
Atlanta Braves,35,26.4,4.84,68,93,0.422,4.51,161,161,160,1,9,1,39,1447.2,1414,779,725,177,547,55,1227,70,4,83,6250,92,4.32,1.355,8.8,1.1,3.4,7.6,2.24,1128,2016
Baltimore Orioles,27,27.9,4.41,89,73,0.549,4.22,162,162,161,1,9,0,54,1432,1408,715,671,183,545,23,1248,51,3,59,6122,102,4.31,1.364,8.8,1.2,3.4,7.8,2.29,1111,2016
Boston Red Sox,26,29,4.28,93,69,0.574,4,162,162,153,9,5,1,43,1439.2,1342,694,640,176,490,16,1362,65,0,52,6073,112,4,1.273,8.4,1.1,3.1,8.5,2.78,1060,2016
Chicago Cubs,26,29.9,3.43,103,58,0.64,3.15,162,162,157,5,15,2,38,1459.2,1125,556,511,163,495,24,1441,63,0,80,5933,133,3.77,1.11,6.9,1,3.1,8.9,2.91,998,2016
Chicago White Sox,28,28.6,4.41,78,84,0.481,4.1,162,162,155,7,10,1,43,1446.2,1422,715,659,185,521,30,1270,68,2,72,6196,99,4.27,1.343,8.8,1.2,3.2,7.9,2.44,1141,2016
Cincinnati Reds,32,27.1,5.27,68,94,0.42,4.91,162,162,160,2,8,1,28,1442,1457,854,786,258,636,31,1241,78,12,61,6348,87,5.24,1.451,9.1,1.6,4,7.7,1.95,1168,2016
Cleveland Indians,27,28.1,4.2,94,67,0.584,3.84,161,161,156,5,11,3,37,1445,1330,676,617,186,461,34,1398,34,7,49,6033,118,3.91,1.239,8.3,1.2,2.9,8.7,3.03,1022,2016
Colorado Rockies,25,27.7,5.31,75,87,0.463,4.91,162,162,160,2,9,2,37,1429.1,1532,860,779,181,547,38,1223,70,5,72,6289,99,4.38,1.455,9.6,1.1,3.4,7.7,2.24,1141,2016
Detroit Tigers,23,29,4.48,86,75,0.534,4.24,161,161,158,3,8,1,47,1428,1417,721,672,182,462,25,1232,51,4,44,6048,101,4.16,1.316,8.9,1.1,2.9,7.8,2.67,1043,2016
Houston Astros,23,28.9,4.33,84,78,0.519,4.06,162,162,160,2,8,1,44,1468,1441,701,663,181,453,19,1396,39,2,98,6180,97,3.85,1.29,8.8,1.1,2.8,8.6,3.08,1075,2016
Kansas City Royals,21,29.9,4.4,81,81,0.5,4.21,162,162,159,3,7,0,41,1440,1433,712,674,206,517,8,1287,60,7,55,6182,102,4.42,1.354,9,1.3,3.2,8,2.49,1150,2016
Los Angeles Angels,30,28.4,4.49,74,88,0.457,4.28,162,162,158,4,12,3,29,1421.1,1480,727,676,208,498,27,1136,56,10,47,6120,94,4.62,1.392,9.4,1.3,3.2,7.2,2.28,1129,2016
Los Angeles Dodgers,31,28.9,3.94,91,71,0.562,3.7,162,162,159,3,15,3,47,1453,1266,638,598,165,464,51,1510,53,5,58,6014,109,3.61,1.191,7.8,1,2.9,9.4,3.25,1017,2016
Miami Marlins,31,28,4.24,79,82,0.491,4.05,161,161,161,0,12,0,55,1435,1358,682,646,152,595,62,1379,61,3,66,6164,98,3.97,1.361,8.5,1,3.7,8.6,2.32,1177,2016
Milwaukee Brewers,27,28.1,4.52,73,89,0.451,4.08,162,162,162,0,7,0,46,1434.1,1450,733,650,178,532,33,1175,66,2,48,6188,105,4.37,1.382,9.1,1.1,3.3,7.4,2.21,1152,2016
Minnesota Twins,29,28.3,5.49,59,103,0.364,5.08,162,162,158,4,3,1,26,1443,1617,889,814,221,479,26,1191,41,7,83,6314,83,4.57,1.453,10.1,1.4,3,7.4,2.49,1096,2016
New York Mets,22,28.4,3.81,87,75,0.537,3.57,162,162,161,1,13,1,55,1447,1397,617,574,152,439,39,1396,35,7,50,6067,113,3.56,1.269,8.7,0.9,2.7,8.7,3.18,1109,2016
New York Yankees,29,27.9,4.33,84,78,0.519,4.16,162,162,162,0,10,0,48,1428.1,1358,702,660,214,444,15,1393,57,2,52,6023,104,4.2,1.262,8.6,1.3,2.8,8.8,3.14,1036,2016
Oakland Athletics,27,27.9,4.7,69,93,0.426,4.51,162,162,160,2,7,1,42,1433.1,1459,761,718,185,464,28,1188,50,3,70,6144,91,4.24,1.342,9.2,1.2,2.9,7.5,2.56,1083,2016
Philadelphia Phillies,27,26.3,4.91,71,91,0.438,4.63,162,162,158,4,12,3,43,1437,1468,796,739,213,466,30,1299,51,9,57,6164,91,4.34,1.346,9.2,1.3,2.9,8.1,2.79,1057,2016
Pittsburgh Pirates,32,28.6,4.68,78,83,0.484,4.21,162,162,157,5,5,1,51,1450.2,1490,758,679,180,533,28,1232,68,7,71,6292,99,4.3,1.395,9.2,1.1,3.3,7.6,2.31,1182,2016
San Diego Padres,32,28.1,4.75,68,94,0.42,4.43,162,162,161,1,9,0,35,1440,1425,770,708,183,569,44,1222,53,3,67,6228,90,4.4,1.385,8.9,1.1,3.6,7.6,2.15,1138,2016
Seattle Mariners,32,28.8,4.36,86,76,0.531,4,162,162,160,2,8,2,49,1457,1410,707,647,213,460,30,1318,55,7,52,6147,102,4.3,1.283,8.7,1.3,2.8,8.1,2.87,1069,2016
San Francisco Giants,25,30,3.9,87,75,0.537,3.65,162,162,152,10,11,3,43,1460.1,1334,631,593,158,439,30,1309,46,6,40,6049,109,3.76,1.214,8.2,1,2.7,8.1,2.98,1037,2016
St. Louis Cardinals,21,28,4.4,86,76,0.531,4.08,162,162,160,2,10,2,38,1448.1,1432,712,656,159,475,35,1290,52,1,50,6164,100,3.88,1.317,8.9,1,3,8,2.72,1107,2016
Tampa Bay Rays,25,26.9,4.4,68,94,0.42,4.2,162,162,161,1,8,1,42,1426.1,1395,713,665,210,491,25,1357,32,7,61,6076,96,4.26,1.322,8.8,1.3,3.1,8.6,2.76,1084,2016
Texas Rangers,31,28.8,4.67,95,67,0.586,4.37,162,162,161,1,6,0,56,1443,1441,757,700,201,534,16,1154,53,5,45,6186,104,4.58,1.369,9,1.3,3.3,7.2,2.16,1100,2016
Toronto Blue Jays,29,29.8,4.11,89,73,0.549,3.78,162,162,162,0,10,0,43,1459.1,1340,666,613,183,461,10,1314,59,7,50,6113,113,4.04,1.234,8.3,1.1,2.8,8.1,2.85,1069,2016
Washington Nationals,24,29.1,3.78,95,67,0.586,3.51,162,162,161,1,12,0,46,1459.2,1272,612,570,155,468,43,1476,57,4,47,6036,122,3.58,1.192,7.8,1,2.9,9.1,3.15,1044,2016
Arizona Diamondbacks,23,28.7,4.07,93,69,0.574,3.66,162,162,160,2,11,1,43,1441,1309,659,586,171,516,45,1482,38,5,82,6072,128,3.8,1.266,8.2,1.1,3.2,9.3,2.87,1090,2017
Atlanta Braves,26,29.4,5.07,72,90,0.444,4.72,162,162,162,0,6,0,36,1441.1,1463,821,756,192,584,39,1258,70,5,58,6306,93,4.51,1.42,9.1,1.2,3.6,7.9,2.15,1161,2017
Baltimore Orioles,26,28.2,5.19,75,87,0.463,4.97,162,162,161,1,10,1,35,1441,1505,841,795,242,579,21,1233,60,6,53,6293,88,4.96,1.446,9.4,1.5,3.6,7.7,2.13,1129,2017
Boston Red Sox,27,28.4,4.12,93,69,0.574,3.7,162,162,157,5,11,1,39,1482.1,1384,668,610,195,465,18,1580,49,3,43,6217,123,3.78,1.247,8.4,1.2,2.8,9.6,3.4,1102,2017
Chicago Cubs,28,30.8,4.29,92,70,0.568,3.95,162,162,160,2,8,1,38,1447.1,1294,695,636,194,554,29,1439,66,4,73,6108,112,4.2,1.277,8,1.2,3.4,8.9,2.6,1071,2017
Chicago White Sox,31,28.7,5.06,67,95,0.414,4.78,162,162,162,0,3,0,25,1421.2,1384,820,755,242,632,36,1193,68,5,67,6200,90,5.17,1.418,8.8,1.5,4,7.6,1.89,1115,2017
Cincinnati Reds,31,27.6,5.36,68,94,0.42,5.17,162,162,160,2,8,1,33,1430,1442,869,821,248,631,37,1300,77,7,62,6286,87,5.08,1.45,9.1,1.6,4,8.2,2.06,1127,2017
Cleveland Indians,20,28.9,3.48,102,60,0.63,3.3,162,162,155,7,19,3,37,1440.2,1267,564,529,163,406,15,1614,45,1,48,5866,138,3.33,1.161,7.9,1,2.5,10.1,3.98,980,2017
Colorado Rockies,21,27,4.67,87,75,0.537,4.51,162,162,161,1,9,1,47,1437.2,1453,757,721,190,532,20,1270,50,10,69,6177,112,4.32,1.381,9.1,1.2,3.3,8,2.39,1107,2017
Detroit Tigers,29,28.3,5.52,64,98,0.395,5.36,162,162,160,2,4,1,32,1420.1,1587,894,846,218,538,42,1202,61,4,53,6298,84,4.73,1.496,10.1,1.4,3.4,7.6,2.23,1143,2017
Houston Astros,27,28.5,4.32,101,61,0.623,4.12,162,162,161,1,9,0,45,1446,1314,700,662,192,522,17,1593,70,4,86,6111,99,3.91,1.27,8.2,1.2,3.2,9.9,3.05,1073,2017
Kansas City Royals,29,30.3,4.88,80,82,0.494,4.61,162,162,161,1,6,1,39,1437.2,1480,791,737,196,519,24,1216,52,6,48,6218,97,4.43,1.39,9.3,1.2,3.2,7.6,2.34,1114,2017
Los Angeles Angels,31,29.1,4.38,80,82,0.494,4.2,162,162,161,1,10,1,43,1440.2,1373,709,672,224,470,25,1312,44,6,57,6030,102,4.43,1.279,8.6,1.4,2.9,8.2,2.79,999,2017
Los Angeles Dodgers,26,29.7,3.58,104,58,0.642,3.38,162,162,160,2,16,0,51,1444.2,1226,580,543,184,442,33,1549,40,10,40,5925,123,3.67,1.155,7.6,1.1,2.8,9.6,3.5,1011,2017
Miami Marlins,24,28.7,5.07,77,85,0.475,4.82,162,162,161,1,7,1,34,1442.2,1450,822,772,193,627,59,1202,75,3,57,6318,83,4.69,1.44,9,1.2,3.9,7.5,1.92,1168,2017
Milwaukee Brewers,30,28.3,4.3,86,76,0.531,4,162,162,161,1,12,0,54,1445.2,1381,697,642,185,553,45,1346,64,2,50,6164,110,4.24,1.338,8.6,1.2,3.4,8.4,2.43,1130,2017
Minnesota Twins,36,29.6,4.86,85,77,0.525,4.59,162,162,156,6,11,3,42,1436,1487,788,732,224,483,37,1166,69,8,52,6205,97,4.72,1.372,9.3,1.4,3,7.3,2.41,1109,2017
New York Mets,29,27.5,5.33,70,92,0.432,5.01,162,162,160,2,5,0,34,1434.2,1538,863,799,220,593,51,1374,55,5,55,6378,83,4.59,1.485,9.6,1.4,3.7,8.6,2.32,1211,2017
New York Yankees,25,27.8,4.07,91,71,0.562,3.72,162,162,160,2,7,1,36,1448.2,1248,660,599,192,504,18,1560,53,4,83,6078,121,3.88,1.209,7.8,1.2,3.1,9.7,3.1,1072,2017
Oakland Athletics,28,27.9,5.1,75,87,0.463,4.67,162,162,161,1,6,1,35,1431,1444,826,743,210,502,17,1202,61,3,84,6167,90,4.57,1.36,9.1,1.3,3.2,7.6,2.39,1048,2017
Philadelphia Phillies,31,26.8,4.83,66,96,0.407,4.55,162,162,161,1,7,0,33,1441,1471,782,729,221,527,39,1309,63,11,50,6235,95,4.56,1.387,9.2,1.4,3.3,8.2,2.48,1130,2017
Pittsburgh Pirates,24,27.1,4.51,75,87,0.463,4.22,162,162,160,2,12,1,36,1440.2,1464,731,676,182,511,32,1262,58,2,58,6208,101,4.23,1.371,9.1,1.1,3.2,7.9,2.47,1155,2017
San Diego Padres,32,27.7,5.04,71,91,0.438,4.67,162,162,160,2,12,1,45,1430.2,1417,816,742,226,554,28,1325,75,11,73,6169,90,4.67,1.378,8.9,1.4,3.5,8.3,2.39,1061,2017
Seattle Mariners,40,27.9,4.77,78,84,0.481,4.46,162,162,161,1,9,0,39,1440.1,1399,772,713,237,490,28,1244,53,7,73,6132,94,4.7,1.312,8.7,1.5,3.1,7.8,2.54,1039,2017
San Francisco Giants,22,28.9,4.79,64,98,0.395,4.5,162,162,159,3,5,2,32,1452,1515,776,726,182,496,42,1234,50,3,55,6287,95,4.22,1.385,9.4,1.1,3.1,7.6,2.49,1155,2017
St. Louis Cardinals,25,28.3,4.35,83,79,0.512,4.01,162,162,159,3,12,3,43,1450.1,1393,705,646,183,493,50,1351,67,0,38,6153,106,4.09,1.3,8.6,1.1,3.1,8.4,2.74,1097,2017
Tampa Bay Rays,31,27.6,4.35,80,82,0.494,3.97,162,162,162,0,9,0,53,1445,1324,704,638,193,503,37,1352,48,4,83,6099,106,4.17,1.264,8.2,1.2,3.1,8.4,2.69,1060,2017
Texas Rangers,31,28.8,5.04,78,84,0.481,4.66,162,162,160,2,6,1,29,1434.1,1443,816,742,214,559,22,1107,74,7,63,6211,103,4.88,1.396,9.1,1.3,3.5,6.9,1.98,1092,2017
Toronto Blue Jays,34,28.8,4.84,76,86,0.469,4.42,162,162,160,2,6,0,45,1465,1460,784,720,203,549,25,1372,48,4,53,6316,102,4.31,1.371,9,1.2,3.4,8.4,2.5,1137,2017
Washington Nationals,24,30.1,4.15,97,65,0.599,3.88,162,162,159,3,5,1,46,1446.2,1300,672,623,189,495,39,1457,60,5,44,6068,116,3.99,1.241,8.1,1.2,3.1,9.1,2.94,1056,2017
Arizona Diamondbacks,30,29.6,3.98,82,80,0.506,3.72,162,162,160,2,9,1,39,1463,1313,644,605,174,522,43,1448,57,5,69,6139,113,3.91,1.254,8.1,1.1,3.2,8.9,2.77,1106,2018
Atlanta Braves,35,27.7,4.06,90,72,0.556,3.75,162,162,160,2,11,1,40,1456.2,1236,657,607,153,635,43,1423,52,8,61,6155,110,3.98,1.284,7.6,0.9,3.9,8.8,2.24,1128,2018
Baltimore Orioles,30,27.1,5.51,47,115,0.29,5.18,162,162,160,2,7,0,28,1431,1552,892,824,234,589,29,1203,67,8,81,6340,83,4.98,1.496,9.8,1.5,3.7,7.6,2.04,1155,2018
Boston Red Sox,23,28.9,3.99,108,54,0.667,3.75,162,162,160,2,14,0,46,1458.2,1305,647,608,176,512,8,1558,84,3,51,6166,118,3.82,1.246,8.1,1.1,3.2,9.6,3.04,1143,2018
Chicago Cubs,35,30.2,3.96,95,68,0.583,3.65,163,163,162,1,18,0,46,1476.1,1319,645,598,157,622,33,1333,66,3,46,6264,115,4.13,1.315,8,1,3.8,8.1,2.14,1190,2018
Chicago White Sox,31,27.6,5.23,62,100,0.383,4.83,162,162,162,0,8,0,34,1437,1404,848,771,196,653,25,1259,89,9,94,6339,88,4.73,1.431,8.8,1.2,4.1,7.9,1.93,1180,2018
Cincinnati Reds,32,27.1,5.06,67,95,0.414,4.63,162,162,161,1,6,0,38,1441,1491,819,741,228,532,60,1258,50,8,48,6279,90,4.66,1.404,9.3,1.4,3.3,7.9,2.36,1137,2018
Cleveland Indians,27,29.4,4,91,71,0.562,3.77,162,162,157,5,17,2,41,1457.1,1349,648,611,200,407,29,1544,59,2,54,6071,115,3.78,1.205,8.3,1.2,2.5,9.5,3.79,1051,2018
Colorado Rockies,21,27.9,4.57,91,72,0.558,4.33,163,163,163,0,10,0,51,1452.1,1377,745,699,184,525,24,1409,52,8,70,6154,109,4.06,1.31,8.5,1.1,3.3,8.7,2.68,1052,2018
Detroit Tigers,27,28.6,4.91,64,98,0.395,4.58,162,162,162,0,2,0,37,1425.1,1423,796,726,216,491,20,1215,60,4,54,6130,98,4.58,1.343,9,1.4,3.1,7.7,2.47,1058,2018
Houston Astros,22,30,3.3,103,59,0.636,3.11,162,162,159,3,12,2,46,1455,1164,534,503,152,435,4,1687,66,4,67,5913,134,3.23,1.099,7.2,0.9,2.7,10.4,3.88,1014,2018
Kansas City Royals,27,27.6,5.14,58,104,0.358,4.94,162,162,160,2,8,0,33,1432,1542,833,786,205,549,28,1157,51,4,68,6284,88,4.66,1.46,9.7,1.3,3.5,7.3,2.11,1155,2018
Los Angeles Angels,35,27.5,4.46,80,82,0.494,4.15,162,162,161,1,9,1,35,1437.1,1353,722,662,205,546,17,1386,65,3,87,6108,102,4.36,1.321,8.5,1.3,3.4,8.7,2.54,1074,2018
Los Angeles Dodgers,31,29.2,3.74,92,71,0.564,3.38,163,163,163,0,11,0,48,1476,1279,610,554,179,422,39,1565,61,10,39,6096,115,3.6,1.152,7.8,1.1,2.6,9.5,3.71,1058,2018
Miami Marlins,29,27.6,5.02,63,98,0.391,4.76,161,161,160,1,12,0,30,1442,1388,809,762,192,605,73,1249,71,6,47,6236,81,4.56,1.382,8.7,1.2,3.8,7.8,2.06,1101,2018
Milwaukee Brewers,30,28.8,4.04,96,67,0.589,3.73,163,163,163,0,14,0,49,1461,1259,659,606,173,553,34,1428,61,5,50,6114,110,4.01,1.24,7.8,1.1,3.4,8.8,2.58,1072,2018
Minnesota Twins,36,28.5,4.78,78,84,0.481,4.5,162,162,160,2,7,1,37,1443.1,1425,775,721,198,573,34,1377,80,0,59,6287,96,4.39,1.384,8.9,1.2,3.6,8.6,2.4,1182,2018
New York Mets,30,28,4.36,77,85,0.475,4.07,162,162,159,3,15,1,41,1460.2,1364,707,661,185,484,32,1446,71,2,26,6178,92,3.97,1.265,8.4,1.1,3,8.9,2.99,1089,2018
New York Yankees,27,28.8,4.13,100,62,0.617,3.78,162,162,160,2,11,2,49,1456.1,1311,669,611,177,494,9,1634,58,4,73,6141,112,3.63,1.239,8.1,1.1,3.1,10.1,3.31,1103,2018
Oakland Athletics,34,29.2,4.16,97,65,0.599,3.81,162,162,160,2,14,2,44,1465.2,1303,674,621,184,474,19,1237,53,2,86,6099,109,4.18,1.212,8,1.1,2.9,7.6,2.61,1028,2018
Philadelphia Phillies,31,26.8,4.49,80,82,0.494,4.14,162,162,162,0,12,0,44,1445.2,1366,728,665,171,500,35,1465,60,7,81,6138,100,3.83,1.291,8.5,1.1,3.1,9.1,2.93,1073,2018
Pittsburgh Pirates,24,26.5,4.3,82,79,0.509,4,161,161,158,3,16,2,40,1434,1380,693,637,174,497,43,1336,69,6,95,6144,98,4.06,1.309,8.7,1.1,3.1,8.4,2.69,1149,2018
San Diego Padres,30,27.7,4.73,66,96,0.407,4.4,162,162,162,0,5,0,36,1457,1430,767,713,185,519,28,1399,68,4,52,6254,88,4.1,1.338,8.8,1.1,3.2,8.6,2.7,1116,2018
Seattle Mariners,32,29,4.39,89,73,0.549,4.13,162,162,159,3,12,1,60,1448.2,1396,711,664,195,400,21,1328,72,3,57,6073,99,4.05,1.24,8.7,1.2,2.5,8.3,3.32,1016,2018
San Francisco Giants,27,28.6,4.31,73,89,0.451,3.95,162,162,161,1,15,1,36,1461.1,1387,699,641,156,524,37,1269,45,4,44,6191,97,3.98,1.308,8.5,1,3.2,7.8,2.42,1108,2018
St. Louis Cardinals,30,26.7,4.27,88,74,0.543,3.85,162,162,161,1,8,1,43,1455.1,1354,691,622,144,593,49,1337,67,4,63,6271,101,3.97,1.338,8.4,0.9,3.7,8.3,2.25,1214,2018
Tampa Bay Rays,31,27.1,3.99,90,72,0.556,3.74,162,162,162,0,14,0,52,1448.1,1236,646,602,164,501,34,1421,53,6,55,5992,110,3.82,1.199,7.7,1,3.1,8.8,2.84,1001,2018
Texas Rangers,32,30.4,5.23,67,95,0.414,4.92,162,162,161,1,5,0,42,1431,1516,848,783,222,491,23,1121,72,8,57,6231,97,4.79,1.403,9.5,1.4,3.1,7.1,2.28,1090,2018
Toronto Blue Jays,36,29.3,5.14,73,89,0.451,4.85,162,162,162,0,3,0,39,1433.2,1476,832,772,208,551,19,1298,67,5,71,6265,88,4.53,1.414,9.3,1.3,3.5,8.1,2.36,1132,2018
Washington Nationals,31,30.2,4.21,82,80,0.506,4.04,162,162,160,2,7,1,40,1446,1320,682,649,198,487,37,1417,76,6,42,6087,106,4.15,1.25,8.2,1.2,3,8.8,2.91,1067,2018
Arizona Diamondbacks,27,28.6,4.59,85,77,0.525,4.25,162,162,162,0,11,0,45,1465,1400,743,691,220,516,38,1427,62,4,49,6230,105,4.4,1.308,8.6,1.4,3.2,8.8,2.77,1092,2019
Atlanta Braves,32,27.5,4.59,97,65,0.599,4.19,162,162,161,1,8,0,44,1450.2,1421,743,675,203,548,33,1393,69,3,70,6243,110,4.39,1.357,8.8,1.3,3.4,8.6,2.54,1148,2019
Baltimore Orioles,39,27.3,6.06,54,108,0.333,5.59,162,162,162,0,5,0,27,1443,1544,981,897,305,561,11,1248,80,6,75,6396,84,5.56,1.459,9.6,1.9,3.5,7.8,2.22,1086,2019
Boston Red Sox,28,29,5.11,84,78,0.519,4.7,162,162,161,1,8,1,33,1471,1423,828,768,215,605,22,1633,76,6,81,6400,104,4.28,1.379,8.7,1.3,3.7,10,2.7,1159,2019
Chicago Cubs,33,31.1,4.43,84,78,0.519,4.1,162,162,161,1,10,1,38,1442,1376,717,657,195,534,16,1444,80,1,60,6190,108,4.25,1.325,8.6,1.2,3.3,9,2.7,1147,2019
Chicago White Sox,27,27.6,5.17,72,89,0.447,4.9,161,161,155,6,7,2,33,1412.2,1438,832,769,238,582,30,1312,51,5,71,6159,94,4.89,1.43,9.2,1.5,3.7,8.4,2.25,1089,2019
Cincinnati Reds,26,28.2,4.39,75,87,0.463,4.18,162,162,162,0,10,0,46,1438,1270,711,668,214,536,31,1552,58,8,35,6057,112,4.23,1.256,7.9,1.3,3.4,9.7,2.9,1032,2019
Cleveland Indians,30,28.3,4.06,93,69,0.574,3.76,162,162,156,6,16,5,42,1437.2,1308,657,601,207,450,19,1508,62,2,42,6008,125,4.06,1.223,8.2,1.3,2.8,9.4,3.35,1038,2019
Colorado Rockies,31,27.3,5.91,71,91,0.438,5.56,162,162,161,1,5,1,28,1448.2,1576,958,895,270,589,33,1264,57,7,63,6423,93,5.23,1.494,9.8,1.7,3.7,7.9,2.15,1119,2019
Detroit Tigers,32,27.8,5.68,47,114,0.292,5.24,161,161,161,0,3,0,31,1433,1555,915,835,250,536,24,1368,69,7,66,6341,91,4.84,1.459,9.8,1.6,3.4,8.6,2.55,1127,2019
Houston Astros,26,29.9,3.95,107,55,0.66,3.66,162,162,160,2,14,1,47,1462.1,1205,640,595,230,448,0,1671,41,8,41,5995,127,3.98,1.13,7.4,1.4,2.8,10.3,3.73,968,2019
Kansas City Royals,30,27.9,5.36,59,103,0.364,5.2,162,162,161,1,7,1,37,1425,1525,869,824,221,582,25,1230,81,5,59,6307,92,4.9,1.479,9.6,1.4,3.7,7.8,2.11,1163,2019
Los Angeles Angels,32,27,5.36,72,90,0.444,5.12,162,162,162,0,2,0,32,1442.2,1417,868,820,267,576,11,1404,82,9,98,6289,91,5.04,1.381,8.8,1.7,3.6,8.8,2.44,1093,2019
Los Angeles Dodgers,26,28.9,3.78,106,56,0.654,3.37,162,162,159,3,18,1,44,1445.2,1201,613,541,185,392,24,1519,66,7,40,5913,123,3.73,1.102,7.5,1.2,2.4,9.5,3.88,963,2019
Miami Marlins,26,26.5,4.99,57,105,0.352,4.74,162,162,160,2,8,2,27,1444.1,1340,808,760,236,615,52,1378,90,6,71,6247,91,4.89,1.354,8.3,1.5,3.8,8.6,2.24,1106,2019
Milwaukee Brewers,30,28.7,4.73,89,73,0.549,4.4,162,162,162,0,7,0,50,1459.1,1364,766,713,225,570,28,1497,60,3,41,6251,102,4.46,1.325,8.4,1.4,3.5,9.2,2.63,1107,2019
Minnesota Twins,31,28.2,4.65,101,61,0.623,4.18,162,162,161,1,10,0,50,1463.1,1456,754,680,198,452,10,1463,61,5,71,6246,109,4.02,1.304,9,1.2,2.8,9,3.24,1102,2019
New York Mets,30,28.6,4.55,86,76,0.531,4.24,162,162,159,3,12,3,38,1461,1405,737,688,204,500,40,1520,60,2,47,6232,97,4.1,1.304,8.7,1.3,3.1,9.4,3.04,1112,2019
New York Yankees,33,30.2,4.56,103,59,0.636,4.31,162,162,161,1,9,1,50,1443,1374,739,691,248,507,12,1534,44,5,55,6133,104,4.47,1.304,8.6,1.5,3.2,9.6,3.03,1065,2019
Oakland Athletics,28,30.8,4.2,97,65,0.599,3.97,162,162,161,1,12,1,45,1465,1342,680,646,201,477,19,1299,66,4,74,6153,109,4.34,1.242,8.2,1.2,2.9,8,2.72,1078,2019
Philadelphia Phillies,34,28.4,4.9,81,81,0.5,4.53,162,162,159,3,7,1,36,1453.2,1452,794,731,258,546,38,1392,71,7,45,6274,99,4.88,1.374,9,1.6,3.4,8.6,2.55,1119,2019
Pittsburgh Pirates,34,27.2,5.62,69,93,0.426,5.18,162,162,161,1,6,0,31,1440,1511,911,829,241,584,22,1443,85,4,50,6391,84,4.78,1.455,9.4,1.5,3.7,9,2.47,1160,2019
San Diego Padres,34,26.3,4.87,70,92,0.432,4.6,162,162,162,0,6,0,47,1432,1394,789,732,215,463,19,1475,68,6,60,6160,91,4.22,1.297,8.8,1.4,2.9,9.3,3.19,1075,2019
Seattle Mariners,42,28.6,5.51,68,94,0.42,4.99,162,162,159,3,4,2,34,1439.1,1484,893,798,260,505,25,1239,51,4,75,6268,88,5,1.382,9.3,1.6,3.2,7.7,2.45,1057,2019
San Francisco Giants,35,28.9,4.77,77,85,0.475,4.38,162,162,161,1,8,0,41,1469,1395,773,715,227,519,26,1368,65,4,53,6256,96,4.55,1.303,8.5,1.4,3.2,8.4,2.64,1076,2019
St. Louis Cardinals,23,27.8,4.09,91,71,0.562,3.8,162,162,161,1,14,1,52,1444,1284,662,609,191,545,41,1399,69,4,46,6068,110,4.27,1.267,8,1.2,3.4,8.7,2.57,1074,2019
Tampa Bay Rays,33,27.8,4.05,96,66,0.593,3.65,162,162,162,0,12,0,46,1474.1,1274,656,598,181,453,27,1621,60,7,59,6086,120,3.65,1.171,7.8,1.1,2.8,9.9,3.58,1007,2019
Texas Rangers,36,28.3,5.42,78,84,0.481,5.06,162,162,158,4,9,1,33,1438,1515,878,808,241,583,11,1379,70,3,68,6354,102,4.84,1.459,9.5,1.5,3.6,8.6,2.37,1162,2019
Toronto Blue Jays,39,28,5.11,67,95,0.414,4.79,162,162,161,1,7,0,33,1440.1,1450,828,767,228,604,25,1332,69,6,70,6313,95,4.82,1.426,9.1,1.4,3.8,8.3,2.21,1164,2019
Washington Nationals,31,30.8,4.47,93,69,0.574,4.27,162,162,161,1,13,1,40,1439.1,1340,724,683,202,517,41,1511,61,5,53,6134,106,4.14,1.29,8.4,1.3,3.2,9.4,2.92,1092,2019
Arizona Diamondbacks,26,27.7,4.92,25,35,0.417,4.84,60,60,60,0,1,0,13,518.1,506,295,279,93,235,20,524,23,1,23,2279,94,4.99,1.43,8.8,1.6,4.1,9.1,2.23,432,2020
Atlanta Braves,29,28.5,4.8,35,25,0.583,4.41,60,60,60,0,4,0,13,524.1,494,288,257,69,220,13,506,33,2,23,2276,106,4.42,1.362,8.5,1.2,3.8,8.7,2.3,424,2020
Baltimore Orioles,27,28.3,4.9,25,35,0.417,4.51,60,60,60,0,1,0,11,518.2,489,294,260,79,192,2,487,34,4,35,2246,105,4.6,1.313,8.5,1.4,3.3,8.5,2.54,407,2020
Boston Red Sox,30,29.1,5.85,24,36,0.4,5.58,60,60,60,0,2,0,14,524,587,351,325,98,252,4,537,31,3,28,2389,87,5.19,1.601,10.1,1.7,4.3,9.2,2.13,473,2020
Chicago Cubs,26,30.3,4,34,26,0.567,3.99,60,60,58,2,8,2,16,518.1,451,240,230,74,182,7,523,17,4,22,2153,114,4.18,1.221,7.8,1.3,3.2,9.1,2.87,364,2020
Chicago White Sox,28,27.6,4.1,35,25,0.583,3.81,60,60,59,1,6,1,13,527,448,246,223,71,217,6,523,23,0,24,2235,118,4.32,1.262,7.7,1.2,3.7,8.9,2.41,411,2020
Cincinnati Reds,23,28.6,4.05,31,29,0.517,3.84,60,60,57,3,5,2,9,504,401,243,215,67,213,6,615,29,5,23,2125,127,3.92,1.218,7.2,1.2,3.8,11,2.89,372,2020
Cleveland Indians,18,27.6,3.48,35,25,0.583,3.29,60,60,59,1,7,0,20,536,440,209,196,68,157,8,621,27,1,20,2176,136,3.55,1.114,7.4,1.1,2.6,10.4,3.96,367,2020
Colorado Rockies,24,27.3,5.88,26,34,0.433,5.59,60,60,59,1,1,0,16,526.1,579,353,327,83,205,5,393,40,1,29,2335,93,5.14,1.49,9.9,1.4,3.5,6.7,1.92,409,2020
Detroit Tigers,23,26.6,5.48,23,35,0.397,5.63,58,58,57,1,1,0,11,492.1,511,318,308,91,192,2,444,34,0,18,2174,81,5.17,1.428,9.3,1.7,3.5,8.1,2.31,383,2020
Houston Astros,26,27,4.58,29,31,0.483,4.31,60,60,60,0,0,0,16,524,472,275,251,70,217,7,526,29,4,25,2239,104,4.33,1.315,8.1,1.2,3.7,9,2.42,410,2020
Kansas City Royals,27,27.1,4.53,26,34,0.433,4.3,60,60,59,1,4,1,19,517,500,272,247,76,211,7,517,29,3,28,2233,110,4.49,1.375,8.7,1.3,3.7,9,2.45,413,2020
Los Angeles Angels,25,27.4,5.35,26,34,0.433,5.09,60,60,59,1,2,0,12,525.1,492,321,297,82,199,8,523,21,1,25,2256,90,4.49,1.315,8.4,1.4,3.4,9,2.63,370,2020
Los Angeles Dodgers,21,27.6,3.55,43,17,0.717,3.02,60,60,60,0,5,0,15,538.2,424,213,181,66,145,4,517,21,0,24,2172,146,3.79,1.056,7.1,1.1,2.4,8.6,3.57,353,2020
Miami Marlins,37,27.5,5.07,31,29,0.517,4.86,60,60,59,1,6,0,18,504,506,304,272,82,226,14,451,26,4,11,2214,96,5.02,1.452,9,1.5,4,8.1,2,403,2020
Milwaukee Brewers,25,28,4.4,29,31,0.483,4.16,60,60,59,1,8,0,14,517.1,446,264,239,67,189,1,614,35,2,21,2186,110,3.8,1.227,7.8,1.2,3.3,10.7,3.25,379,2020
Minnesota Twins,24,30,3.58,36,24,0.6,3.58,60,60,60,0,4,0,17,513.1,448,215,204,62,170,0,535,21,1,20,2130,122,3.79,1.204,7.9,1.1,3,9.4,3.15,381,2020
New York Mets,25,29.2,5.13,26,34,0.433,4.98,60,60,60,0,1,0,11,513.1,511,308,284,81,219,7,574,29,0,24,2262,86,4.46,1.422,9,1.4,3.8,10.1,2.62,419,2020
New York Yankees,25,29.2,4.5,33,27,0.55,4.35,60,60,58,2,2,1,14,500.2,455,270,242,83,168,5,528,25,2,22,2133,99,4.39,1.244,8.2,1.5,3,9.5,3.14,371,2020
Oakland Athletics,19,29.9,3.87,36,24,0.6,3.77,60,60,59,1,5,1,17,515.1,471,232,216,69,165,6,506,15,1,16,2164,112,4.02,1.234,8.2,1.2,2.9,8.8,3.07,396,2020
Philadelphia Phillies,29,29.1,5.18,28,32,0.467,5.14,60,60,57,3,5,2,11,497,550,311,284,80,185,12,532,28,3,14,2197,88,4.43,1.479,10,1.4,3.4,9.6,2.88,401,2020
Pittsburgh Pirates,29,27.7,4.97,19,41,0.317,4.68,60,60,59,1,3,0,6,513,451,298,267,80,249,3,536,37,2,28,2227,98,4.8,1.365,7.9,1.4,4.4,9.4,2.15,400,2020
San Diego Padres,24,27.8,4.02,37,23,0.617,3.86,60,60,59,1,5,1,13,520.1,456,241,223,70,170,2,565,22,3,19,2160,109,3.88,1.203,7.9,1.2,2.9,9.8,3.32,363,2020
Seattle Mariners,29,26.6,5.05,27,33,0.45,5.03,60,60,59,1,0,0,15,516.2,482,303,289,79,230,7,469,37,1,23,2249,86,4.91,1.378,8.4,1.4,4,8.2,2.04,402,2020
San Francisco Giants,23,29,4.95,29,31,0.483,4.64,60,60,59,1,0,0,13,517.2,474,297,267,69,210,2,488,34,5,20,2240,93,4.45,1.321,8.2,1.2,3.7,8.5,2.32,397,2020
St. Louis Cardinals,26,27.6,3.95,30,28,0.517,3.9,58,58,56,2,2,0,13,473,376,229,205,69,204,8,464,26,1,21,1989,108,4.58,1.226,7.2,1.3,3.9,8.8,2.27,348,2020
Tampa Bay Rays,25,28.1,3.82,40,20,0.667,3.56,60,60,60,0,4,0,23,527.2,475,229,209,70,168,4,552,29,1,30,2212,116,3.94,1.219,8.1,1.2,2.9,9.4,3.29,408,2020
Texas Rangers,25,28.7,5.2,22,38,0.367,5.02,60,60,58,2,3,1,10,516.2,479,312,288,81,236,3,489,30,2,21,2273,91,4.88,1.384,8.3,1.4,4.1,8.5,2.07,415,2020
Toronto Blue Jays,29,29.5,5.2,32,28,0.533,4.6,60,60,60,0,1,0,17,524.2,517,312,268,81,250,7,519,14,2,15,2309,96,4.73,1.462,8.9,1.4,4.3,8.9,2.08,435,2020
Washington Nationals,24,30.8,5.02,26,34,0.433,5.09,60,60,58,2,3,0,12,503.2,548,301,285,94,216,22,508,22,4,23,2273,89,5.02,1.517,9.8,1.7,3.9,9.1,2.35,468,2020