Tm,#Bat,BatAge,R/G,G,PA,AB,Runs Scored,H,2B,3B,HR,RBI,SB,CS,BB,SO,BA,OBP,SLG,OPS,OPS+,TB,GDP,HBP,SH,SF,IBB,LOB,PLAYOFFS,UBB,wOBA,Runs Allowed,Py_Win%,W,L,W-L%,YEAR
Arizona Diamondbacks,45,29.6,4.77,162,6330,5645,773,1506,331,38,160,743,76,30,504,965,0.267,0.331,0.424,0.755,89,2393,136,67,61,53,47,1166,0,457,0.329641594,788,0.490391662,76,86,0.469,2006
Atlanta Braves,45,27.4,5.24,162,6284,5583,849,1510,312,26,222,818,52,35,526,1169,0.27,0.337,0.455,0.791,101,2540,131,52,78,44,48,1105,0,478,0.343888257,805,0.526583364,79,83,0.488,2006
Baltimore Orioles,46,30.4,4.74,162,6240,5610,768,1556,288,20,164,727,121,32,474,878,0.277,0.339,0.424,0.763,97,2376,145,73,40,41,35,1177,0,439,0.334705501,899,0.421898035,70,92,0.432,2006
Boston Red Sox,53,30.4,5.06,162,6435,5619,820,1510,327,16,192,777,51,23,672,1056,0.269,0.351,0.435,0.786,98,2445,136,66,22,56,56,1301,0,616,0.343671543,825,0.496960514,86,76,0.531,2006
Chicago Cubs,46,28.6,4.42,162,6147,5587,716,1496,271,46,166,677,121,49,395,928,0.268,0.319,0.422,0.741,86,2357,135,43,84,37,24,1082,0,371,0.32391686,834,0.424309641,66,96,0.407,2006
Chicago White Sox,37,29.7,5.36,162,6318,5657,868,1586,291,20,236,839,93,48,502,1056,0.28,0.342,0.464,0.806,103,2625,118,58,44,57,33,1125,0,469,0.350528761,794,0.544436576,90,72,0.556,2006
Cincinnati Reds,54,29.6,4.62,162,6296,5515,749,1419,291,12,217,718,124,33,614,1192,0.257,0.336,0.432,0.768,93,2385,122,59,66,38,52,1196,0,562,0.336099773,801,0.466489329,80,82,0.494,2006
Cleveland Indians,45,27.7,5.37,162,6303,5619,870,1576,351,27,196,839,55,23,556,1204,0.28,0.349,0.457,0.806,108,2569,127,54,30,43,42,1162,0,514,0.350951846,782,0.553118039,78,84,0.481,2006
Colorado Rockies,50,27.8,5.02,162,6348,5562,813,1504,325,54,157,761,85,50,561,1108,0.27,0.341,0.433,0.774,90,2408,119,60,119,45,64,1174,0,497,0.337050616,812,0.500615384,76,86,0.469,2006
Detroit Tigers,40,29.3,5.07,162,6198,5642,822,1548,294,40,203,785,60,40,430,1133,0.274,0.329,0.449,0.777,99,2531,120,45,45,36,27,1068,1,403,0.338677767,675,0.597258574,95,67,0.586,2006
Florida Marlins,40,25.6,4.68,162,6191,5502,758,1454,309,42,182,713,110,58,497,1249,0.264,0.331,0.435,0.766,99,2393,109,74,76,42,55,1126,0,442,0.333435644,772,0.490850439,78,84,0.481,2006
Houston Astros,39,30.5,4.54,162,6326,5521,735,1407,275,27,174,708,79,36,585,1076,0.255,0.332,0.409,0.741,89,2258,122,73,100,46,54,1191,0,531,0.325057527,719,0.511002794,82,80,0.506,2006
Kansas City Royals,55,29.7,4.67,162,6229,5589,757,1515,335,37,124,718,65,34,474,1040,0.271,0.332,0.411,0.743,91,2296,130,64,52,48,32,1144,0,442,0.326185903,971,0.378028089,62,100,0.383,2006
Los Angeles Angels of Anaheim,40,28.8,4.73,162,6221,5609,766,1539,309,29,159,737,148,57,486,914,0.274,0.334,0.425,0.759,95,2383,126,42,31,53,49,1121,0,437,0.330965641,732,0.522685243,89,73,0.549,2006
Los Angeles Dodgers,50,29.9,5.06,162,6394,5628,820,1552,307,58,153,787,128,49,601,959,0.276,0.348,0.432,0.781,99,2434,140,51,66,48,61,1223,1,540,0.340630286,751,0.543836506,88,74,0.543,2006
Milwaukee Brewers,49,28.8,4.51,162,6130,5433,730,1400,301,20,180,695,71,37,502,1233,0.258,0.327,0.42,0.747,89,2281,133,82,58,53,48,1108,0,454,0.326316838,833,0.434386027,75,87,0.463,2006
Minnesota Twins,39,28.4,4.94,162,6228,5602,801,1608,275,34,143,754,101,42,490,872,0.287,0.347,0.425,0.771,101,2380,163,50,31,55,46,1143,1,444,0.337478459,683,0.579015242,96,66,0.593,2006
New York Mets,49,30.1,5.15,162,6291,5558,834,1469,323,41,200,800,146,35,547,1071,0.264,0.334,0.445,0.78,100,2474,114,62,77,47,63,1115,1,484,0.338266948,731,0.565530845,97,65,0.599,2006
New York Yankees,49,30.9,5.74,162,6455,5651,930,1608,327,21,210,902,139,35,649,1053,0.285,0.363,0.461,0.824,111,2607,139,72,34,49,43,1253,1,606,0.359797742,767,0.595173787,97,65,0.599,2006
Oakland Athletics,40,29.7,4.76,162,6281,5500,771,1429,266,22,175,735,61,20,650,976,0.26,0.34,0.412,0.752,97,2264,170,50,25,56,28,1187,1,622,0.331708414,727,0.529347178,93,69,0.574,2006
Philadelphia Phillies,45,29.3,5.34,162,6509,5687,865,1518,294,41,216,823,92,25,626,1203,0.267,0.347,0.447,0.794,98,2542,115,95,57,44,67,1275,0,559,0.34583242,812,0.53157252,85,77,0.525,2006
Pittsburgh Pirates,42,27.8,4.27,162,6218,5558,691,1462,286,17,141,656,68,23,459,1200,0.263,0.327,0.397,0.723,86,2205,153,89,62,49,49,1175,0,410,0.317697347,797,0.429123116,67,95,0.414,2006
San Diego Padres,46,30.7,4.51,162,6287,5576,731,1465,298,38,161,698,123,31,564,1104,0.263,0.332,0.416,0.749,99,2322,127,40,59,47,37,1188,1,527,0.328282714,679,0.536829341,88,74,0.543,2006
Seattle Mariners,49,28.6,4.67,162,6213,5670,756,1540,266,42,172,703,106,37,404,974,0.272,0.325,0.424,0.749,95,2406,117,63,38,38,49,1110,0,355,0.326603004,792,0.476756757,78,84,0.481,2006
San Francisco Giants,44,33.5,4.63,161,6136,5472,746,1418,297,52,163,711,58,25,494,891,0.259,0.324,0.422,0.746,90,2308,136,53,80,37,76,1092,0,418,0.323854515,790,0.471377654,76,85,0.472,2006
St. Louis Cardinals,41,29.6,4.85,161,6225,5522,781,1484,292,27,184,745,59,32,531,922,0.269,0.337,0.431,0.769,97,2382,129,61,71,40,70,1158,1,461,0.334661407,762,0.512311808,83,78,0.516,2006
Tampa Bay Devil Rays,49,27.3,4.25,162,6041,5474,689,1395,267,33,190,650,134,52,441,1106,0.255,0.314,0.42,0.733,89,2298,101,47,35,43,23,1038,0,418,0.320839184,856,0.393157686,61,101,0.377,2006
Texas Rangers,51,28.4,5.15,162,6273,5659,835,1571,357,23,183,799,53,24,505,1061,0.278,0.338,0.446,0.784,101,2523,148,40,18,50,35,1139,0,470,0.341722142,784,0.531469699,80,82,0.494,2006
Toronto Blue Jays,42,28.6,4.99,162,6241,5596,809,1591,348,27,199,778,65,33,514,906,0.284,0.348,0.463,0.811,108,2590,166,63,16,52,31,1162,0,483,0.35314175,754,0.535145221,87,75,0.537,2006
Washington Nationals,57,28.5,4.6,162,6283,5495,746,1437,322,22,164,695,123,62,594,1156,0.262,0.338,0.418,0.756,98,2295,118,69,76,49,66,1194,0,528,0.330530858,872,0.422595489,71,91,0.438,2006
Arizona Diamondbacks,47,26.6,4.4,162,6101,5398,712,1350,286,40,171,687,109,24,532,1111,0.25,0.321,0.413,0.734,83,2229,121,57,55,58,38,1090,1,494,0.320990511,732,0.486152241,90,72,0.556,2007
Atlanta Braves,50,27.6,5,162,6374,5689,810,1562,328,27,176,781,64,30,534,1149,0.275,0.339,0.435,0.774,101,2472,137,49,55,47,43,1205,0,491,0.33804334,733,0.549778823,84,78,0.519,2007
Baltimore Orioles,49,30.4,4.67,162,6264,5631,756,1529,306,30,142,718,144,42,500,939,0.272,0.333,0.412,0.746,95,2321,139,47,38,47,31,1152,0,469,0.327455602,868,0.431360947,69,93,0.426,2007
Boston Red Sox,40,30.1,5.35,162,6426,5589,867,1561,352,35,166,829,96,24,689,1042,0.279,0.362,0.444,0.806,107,2481,146,64,30,54,54,1291,1,635,0.352205929,657,0.635227636,96,66,0.593,2007
Chicago Cubs,47,29.3,4.64,162,6268,5643,752,1530,340,28,151,711,86,33,500,1054,0.271,0.333,0.422,0.754,90,2379,127,40,48,37,48,1190,1,452,0.329671095,690,0.542916502,85,77,0.525,2007
Chicago White Sox,43,29.7,4.28,162,6103,5441,693,1341,249,20,190,667,78,45,532,1149,0.246,0.318,0.404,0.722,86,2200,138,52,41,35,33,1074,0,499,0.317630662,839,0.405557479,72,90,0.444,2007
Cincinnati Reds,51,29.7,4.83,162,6332,5607,783,1496,293,23,204,747,97,31,536,1113,0.267,0.335,0.436,0.772,95,2447,140,66,73,46,51,1170,0,485,0.336650548,853,0.457290904,72,90,0.444,2007
Cleveland Indians,41,28,5.01,162,6367,5604,811,1504,305,27,178,784,72,41,590,1202,0.268,0.343,0.428,0.771,102,2397,114,80,32,59,56,1215,1,534,0.33704158,704,0.570276511,96,66,0.593,2007
Colorado Rockies,53,27.9,5.28,163,6498,5691,860,1591,313,36,171,823,100,31,622,1152,0.28,0.354,0.437,0.791,98,2489,140,58,83,44,51,1251,1,571,0.34630264,758,0.56279125,90,73,0.552,2007
Detroit Tigers,44,30.9,5.48,162,6364,5757,887,1652,352,50,177,857,103,30,474,1054,0.287,0.345,0.458,0.802,108,2635,128,56,31,45,45,1148,0,429,0.348503261,797,0.553291964,88,74,0.543,2007
Florida Marlins,50,26.7,4.88,162,6344,5627,790,1504,340,38,201,749,105,34,521,1332,0.267,0.336,0.448,0.784,104,2523,107,82,72,42,46,1192,0,475,0.341390941,891,0.440132837,71,91,0.438,2007
Houston Astros,41,31.4,4.46,162,6324,5605,723,1457,293,30,167,700,65,33,547,1043,0.26,0.33,0.412,0.742,91,2311,142,55,77,40,40,1181,0,507,0.32567585,813,0.441606727,73,89,0.451,2007
Kansas City Royals,45,28,4.36,162,6140,5534,706,1447,300,46,102,660,78,44,428,1069,0.261,0.322,0.388,0.71,87,2145,151,89,41,47,34,1089,0,394,0.312462071,778,0.451596419,69,93,0.426,2007
Los Angeles Angels of Anaheim,42,28.6,5.07,162,6198,5554,822,1578,324,23,123,776,139,55,507,883,0.284,0.345,0.417,0.762,99,2317,146,40,32,65,55,1100,1,452,0.332816233,731,0.558395762,94,68,0.58,2007
Los Angeles Dodgers,45,29.7,4.54,162,6282,5614,735,1544,276,35,129,706,137,50,511,864,0.275,0.337,0.406,0.743,91,2277,116,41,58,55,41,1200,0,470,0.325970874,727,0.505471792,82,80,0.506,2007
Milwaukee Brewers,40,27.8,4.94,162,6238,5554,801,1455,310,37,231,774,96,32,501,1137,0.262,0.329,0.456,0.785,101,2532,112,76,60,47,60,1117,0,441,0.339699248,776,0.515848902,83,79,0.512,2007
Minnesota Twins,42,28.5,4.43,162,6161,5522,718,1460,273,36,118,671,112,30,512,839,0.264,0.33,0.391,0.721,94,2159,149,48,34,45,41,1121,0,471,0.317408807,725,0.495149109,79,83,0.488,2007
New York Mets,49,30.8,4.96,162,6344,5605,804,1543,294,27,177,761,200,46,549,981,0.275,0.342,0.432,0.775,101,2422,114,54,77,58,64,1196,0,485,0.33737504,750,0.534707126,88,74,0.543,2007
New York Yankees,49,30.7,5.98,162,6528,5717,968,1656,326,32,201,929,123,40,637,991,0.29,0.366,0.463,0.829,116,2649,138,78,41,54,32,1249,1,605,0.362240471,777,0.608159776,94,68,0.58,2007
Oakland Athletics,54,29,4.57,162,6365,5577,741,1430,295,16,171,711,52,20,664,1119,0.256,0.338,0.407,0.745,101,2270,142,49,18,56,29,1258,1,635,0.32876682,758,0.488660565,76,86,0.469,2007
Philadelphia Phillies,46,28.8,5.51,162,6537,5688,892,1558,326,41,213,850,138,19,641,1205,0.274,0.354,0.458,0.812,105,2605,125,90,65,52,74,1295,0,567,0.352382367,821,0.541376671,89,73,0.549,2007
Pittsburgh Pirates,46,27.2,4.47,162,6214,5569,724,1463,322,31,148,694,68,30,463,1135,0.263,0.325,0.411,0.736,92,2291,130,71,60,51,31,1119,0,432,0.322609832,846,0.422759402,68,94,0.42,2007
San Diego Padres,49,29.9,4.55,163,6326,5612,741,1408,322,31,171,704,55,24,557,1229,0.251,0.322,0.411,0.732,97,2305,113,49,64,44,45,1152,0,512,0.320665916,666,0.553153872,89,74,0.546,2007
Seattle Mariners,44,29.9,4.9,162,6209,5684,794,1629,284,22,153,754,81,30,389,861,0.287,0.337,0.425,0.762,103,2416,154,62,33,40,32,1128,0,357,0.333695263,813,0.488178379,88,74,0.543,2007
San Francisco Giants,44,32.6,4.22,162,6213,5538,683,1407,267,37,131,641,119,33,532,907,0.254,0.322,0.387,0.708,82,2141,142,39,67,36,74,1141,0,458,0.310214133,720,0.473646269,71,91,0.438,2007
St. Louis Cardinals,45,30.3,4.48,162,6211,5529,725,1513,279,13,141,690,56,33,506,909,0.274,0.337,0.405,0.743,92,2241,154,54,68,54,47,1167,0,459,0.326161417,829,0.433374338,78,84,0.481,2007
Tampa Bay Devil Rays,45,25.9,4.83,162,6280,5593,782,1500,291,36,187,750,131,48,545,1324,0.268,0.336,0.433,0.769,103,2424,119,53,34,52,31,1166,0,514,0.336598519,944,0.406960989,66,96,0.407,2007
Texas Rangers,50,29.4,5.04,162,6214,5555,816,1460,298,36,179,768,88,25,503,1224,0.263,0.328,0.426,0.754,97,2367,129,56,57,42,27,1092,0,476,0.33027737,844,0.483137328,75,87,0.463,2007
Toronto Blue Jays,46,30.4,4.65,162,6197,5536,753,1434,344,24,165,719,57,22,533,1044,0.259,0.327,0.419,0.746,95,2321,127,47,33,48,32,1112,0,501,0.326757991,699,0.537138716,83,79,0.512,2007
Washington Nationals,47,27.9,4.15,162,6201,5520,673,1415,309,31,123,646,69,23,524,1128,0.256,0.325,0.39,0.715,89,2155,143,53,63,41,38,1163,0,486,0.315037705,783,0.424879317,73,89,0.451,2007
Arizona Diamondbacks,41,26.7,4.44,162,6156,5409,720,1355,318,47,159,683,58,23,587,1287,0.251,0.327,0.415,0.742,88,2244,105,49,68,43,49,1142,0,538,0.32455539,706,0.509816726,82,80,0.506,2008
Atlanta Braves,49,27.1,4.65,162,6368,5604,753,1514,316,33,130,721,58,27,618,1023,0.27,0.345,0.408,0.753,99,2286,143,42,69,34,56,1274,0,562,0.331135854,778,0.483675156,72,90,0.444,2008
Baltimore Orioles,46,30.1,4.86,161,6211,5559,782,1486,322,30,172,750,81,37,533,990,0.267,0.333,0.429,0.762,100,2384,111,42,27,48,37,1134,0,496,0.333181448,869,0.447450583,68,93,0.422,2008
Boston Red Sox,47,29.8,5.22,162,6402,5596,845,1565,353,33,173,807,120,35,646,1068,0.28,0.358,0.447,0.805,107,2503,147,70,28,62,49,1262,1,597,0.351421344,694,0.597180137,95,67,0.586,2008
Chicago Cubs,42,30,5.31,161,6384,5588,855,1552,329,21,184,811,87,34,636,1186,0.278,0.354,0.443,0.797,103,2475,134,50,65,45,48,1237,1,588,0.348587147,671,0.618848761,97,64,0.602,2008
Chicago White Sox,39,30.6,4.98,163,6231,5553,811,1458,296,13,235,785,67,34,540,1016,0.263,0.332,0.448,0.78,102,2485,157,63,28,47,33,1067,1,507,0.340215559,729,0.553096214,89,74,0.546,2008
Cincinnati Reds,48,28.6,4.35,162,6188,5465,704,1351,269,24,187,677,85,47,560,1125,0.247,0.321,0.408,0.729,89,2229,101,50,72,41,50,1138,0,510,0.319205407,800,0.436429216,74,88,0.457,2008
Cleveland Indians,49,27.6,4.97,162,6299,5543,805,1455,339,22,171,772,77,29,560,1213,0.262,0.339,0.424,0.763,103,2351,123,103,43,49,44,1184,0,516,0.334397038,761,0.528074899,81,81,0.5,2008
Colorado Rockies,49,27.5,4.61,162,6312,5557,747,1462,310,28,160,714,141,37,570,1209,0.263,0.336,0.415,0.751,89,2308,119,57,90,38,36,1207,0,534,0.330184287,822,0.452307827,74,88,0.457,2008
Detroit Tigers,46,30.3,5.07,162,6331,5641,821,1529,293,41,200,780,63,31,572,1076,0.271,0.34,0.444,0.784,105,2504,144,44,30,44,23,1159,0,549,0.343193692,857,0.478555758,74,88,0.457,2008
Florida Marlins,45,28,4.78,161,6206,5499,770,1397,302,28,208,741,76,28,543,1371,0.254,0.326,0.433,0.759,97,2379,98,69,49,46,50,1140,0,493,0.330777796,767,0.501951847,84,77,0.522,2008
Houston Astros,41,31.1,4.42,161,6051,5451,712,1432,284,22,167,684,114,52,449,1051,0.263,0.323,0.415,0.737,95,2261,116,52,57,41,42,1073,0,407,0.322433205,743,0.478703825,86,75,0.534,2008
Kansas City Royals,43,28,4.27,162,6118,5608,691,1507,303,28,120,650,79,38,392,1005,0.269,0.32,0.397,0.717,91,2226,144,50,32,36,31,1073,0,361,0.314962841,781,0.439086406,75,87,0.463,2008
Los Angeles Angels of Anaheim,41,29,4.72,162,6155,5540,765,1486,274,25,159,721,129,48,481,987,0.268,0.33,0.413,0.743,95,2287,140,52,32,50,52,1087,1,429,0.324617032,697,0.546411225,100,62,0.617,2008
Los Angeles Dodgers,46,28.5,4.32,162,6194,5506,700,1455,271,29,137,659,126,43,543,1032,0.264,0.333,0.399,0.732,93,2195,153,43,64,38,62,1161,1,481,0.320982202,648,0.538518349,84,78,0.519,2008
Milwaukee Brewers,44,28.6,4.63,162,6252,5535,750,1398,324,35,198,722,108,38,550,1203,0.253,0.325,0.431,0.757,99,2386,97,69,54,43,44,1153,1,506,0.330130018,689,0.542314512,90,72,0.556,2008
Minnesota Twins,40,26.2,5.09,163,6331,5641,829,1572,298,49,111,791,102,42,529,979,0.279,0.34,0.408,0.748,102,2301,142,36,52,72,48,1140,0,481,0.327481541,745,0.553215656,88,75,0.54,2008
New York Mets,50,30.1,4.93,162,6388,5606,799,1491,274,38,172,751,138,36,619,1024,0.266,0.34,0.42,0.761,101,2357,129,39,73,49,71,1220,0,548,0.332132329,715,0.555311901,89,73,0.549,2008
New York Yankees,51,31.3,4.87,162,6257,5572,789,1512,289,20,180,758,118,39,535,1015,0.271,0.342,0.427,0.769,101,2381,149,80,31,39,36,1160,0,499,0.337610662,727,0.540828808,89,73,0.549,2008
Oakland Athletics,51,27.2,4.01,161,6138,5451,646,1318,270,23,125,610,88,21,574,1226,0.242,0.318,0.369,0.686,87,2009,126,48,30,35,23,1166,0,551,0.305408381,690,0.467101552,75,86,0.466,2008
Philadelphia Phillies,40,30.1,4.93,162,6273,5509,799,1407,291,36,214,762,136,25,586,1117,0.255,0.332,0.438,0.77,99,2412,108,67,71,40,68,1154,1,518,0.334804369,680,0.579942242,92,70,0.568,2008
Pittsburgh Pirates,47,28.4,4.54,162,6278,5628,735,1454,314,21,153,705,57,19,474,1039,0.258,0.32,0.403,0.723,92,2269,111,59,66,51,40,1135,0,434,0.316879456,884,0.408740838,67,95,0.414,2008
San Diego Padres,59,28.9,3.93,162,6244,5568,637,1390,264,27,154,615,36,17,518,1259,0.25,0.317,0.39,0.707,96,2170,129,53,59,46,35,1181,0,483,0.311365854,764,0.410089291,63,99,0.389,2008
Seattle Mariners,44,29.7,4.14,162,6176,5643,671,1498,285,20,124,631,90,32,417,890,0.265,0.318,0.389,0.707,90,2195,137,38,36,42,44,1151,0,373,0.310185367,811,0.40636863,61,101,0.377,2008
San Francisco Giants,49,29.6,3.95,162,6145,5543,640,1452,311,37,94,606,108,46,452,1044,0.262,0.321,0.382,0.703,83,2119,139,48,57,44,45,1148,0,407,0.308937438,759,0.415550264,72,90,0.444,2008
St. Louis Cardinals,43,28.8,4.81,162,6370,5636,779,1585,283,26,174,744,73,32,577,985,0.281,0.35,0.433,0.783,107,2442,150,42,71,44,63,1241,0,514,0.341983643,725,0.53585803,86,76,0.531,2008
Tampa Bay Rays,46,27,4.78,162,6312,5541,774,1443,284,37,180,735,142,50,626,1224,0.26,0.34,0.422,0.762,101,2341,111,68,23,52,33,1215,1,593,0.335006396,671,0.570919941,97,65,0.599,2008
Texas Rangers,55,27.7,5.56,162,6478,5728,901,1619,376,35,194,867,81,25,595,1207,0.283,0.354,0.462,0.816,114,2647,117,63,37,54,43,1238,0,552,0.354903861,967,0.464712146,79,83,0.488,2008
Toronto Blue Jays,43,31,4.41,162,6191,5503,714,1453,303,32,126,681,80,27,521,938,0.264,0.331,0.399,0.731,96,2198,150,59,48,56,34,1155,0,487,0.321480753,610,0.578068162,86,76,0.531,2008
Washington Nationals,50,27.8,3.98,161,6192,5491,641,1376,269,26,117,608,81,43,534,1095,0.251,0.323,0.373,0.696,84,2048,153,67,64,36,21,1178,0,513,0.3094187,825,0.376434944,59,102,0.366,2008
Arizona Diamondbacks,45,26.5,4.44,162,6269,5565,720,1408,307,45,173,686,102,40,571,1298,0.253,0.324,0.418,0.742,91,2324,93,37,54,41,47,1173,0,524,0.324332739,782,0.458791919,70,92,0.432,2009
Atlanta Braves,45,28.8,4.54,162,6335,5539,735,1459,300,20,149,700,58,26,602,1064,0.263,0.339,0.405,0.744,97,2246,142,52,95,47,54,1223,0,548,0.327022308,641,0.567996627,86,76,0.531,2009
Baltimore Orioles,48,28.7,4.57,162,6233,5618,741,1508,307,19,160,708,76,37,517,1013,0.268,0.332,0.415,0.747,95,2333,131,39,13,46,25,1160,0,492,0.328298628,876,0.417089962,64,98,0.395,2009
Boston Red Sox,52,30,5.38,162,6344,5543,872,1495,335,25,212,822,126,39,659,1120,0.27,0.352,0.454,0.806,106,2516,137,70,19,51,39,1210,1,620,0.351817314,736,0.583976407,95,67,0.586,2009
Chicago Cubs,45,29.9,4.39,161,6244,5486,707,1398,293,29,161,678,56,34,592,1185,0.255,0.332,0.407,0.738,89,2232,134,59,65,42,44,1209,0,548,0.324717196,672,0.525364371,83,78,0.516,2009
Chicago White Sox,45,29.8,4.47,162,6132,5463,724,1410,246,20,184,695,113,49,534,1022,0.258,0.329,0.411,0.74,90,2248,139,62,34,39,25,1086,0,509,0.326275317,732,0.49450566,79,83,0.488,2009
Cincinnati Reds,46,27.9,4.15,162,6187,5462,673,1349,280,25,158,637,96,40,531,1129,0.247,0.318,0.394,0.712,87,2153,103,53,100,41,37,1131,0,494,0.313299174,723,0.464229269,78,84,0.481,2009
Cleveland Indians,52,27.4,4.77,162,6320,5568,773,1468,314,28,161,730,84,31,582,1211,0.264,0.339,0.417,0.756,102,2321,140,81,39,50,20,1198,0,562,0.33336368,865,0.44401057,65,97,0.401,2009
Colorado Rockies,45,27.8,4.96,162,6241,5398,804,1408,300,50,190,760,106,55,660,1277,0.261,0.343,0.441,0.784,96,2378,111,47,76,60,40,1147,1,620,0.342066939,715,0.558390727,92,70,0.568,2009
Detroit Tigers,45,29.8,4.56,163,6234,5540,743,1443,245,35,183,718,72,33,540,1114,0.26,0.331,0.416,0.747,95,2307,131,61,53,39,30,1159,0,510,0.328482927,745,0.498655916,86,77,0.528,2009
Florida Marlins,44,27,4.77,162,6312,5572,772,1493,296,25,159,727,75,35,568,1226,0.268,0.34,0.416,0.756,97,2316,110,63,70,39,46,1214,0,522,0.332057779,766,0.503901111,87,75,0.537,2009
Houston Astros,42,31.6,3.97,162,6040,5436,643,1415,270,32,142,616,113,44,448,990,0.26,0.319,0.4,0.719,91,2175,153,43,66,45,37,1080,0,411,0.3153631,770,0.410840573,74,88,0.457,2009
Kansas City Royals,43,27.6,4.23,162,6103,5532,686,1432,276,51,144,657,88,29,457,1091,0.259,0.318,0.405,0.724,92,2242,135,42,38,32,20,1090,0,437,0.318153235,842,0.398958934,65,97,0.401,2009
Los Angeles Angels of Anaheim,46,29.5,5.45,162,6305,5622,883,1604,293,33,173,841,148,63,547,1054,0.285,0.35,0.441,0.792,108,2482,128,41,43,52,32,1134,1,515,0.346258427,761,0.573802813,97,65,0.599,2009
Los Angeles Dodgers,47,29.7,4.81,162,6385,5592,780,1511,278,39,145,739,116,48,607,1068,0.27,0.346,0.412,0.758,104,2302,141,63,78,44,76,1224,1,531,0.331637239,611,0.619728008,95,67,0.586,2009
Milwaukee Brewers,45,29.3,4.85,162,6296,5510,785,1447,281,37,182,757,68,37,610,1231,0.263,0.341,0.426,0.767,103,2348,128,71,58,47,44,1203,0,566,0.33637391,818,0.47942232,80,82,0.494,2009
Minnesota Twins,42,27.6,5.01,163,6346,5608,817,1539,271,40,172,770,85,32,585,1021,0.274,0.345,0.429,0.774,104,2406,147,45,51,57,46,1185,1,539,0.338345335,765,0.53283431,87,76,0.534,2009
New York Mets,53,29.5,4.14,162,6159,5453,671,1472,295,49,95,631,122,44,526,928,0.27,0.335,0.394,0.729,95,2150,144,36,88,55,49,1183,0,477,0.320204285,757,0.43999355,70,92,0.432,2009
New York Yankees,45,30.6,5.65,162,6449,5660,915,1604,325,21,244,881,111,28,663,1014,0.283,0.362,0.478,0.839,114,2703,144,54,31,39,35,1238,1,628,0.365746748,753,0.596214733,103,59,0.636,2009
Oakland Athletics,51,29.1,4.69,162,6247,5584,759,1464,307,21,135,723,133,48,527,1046,0.262,0.328,0.397,0.726,92,2218,130,50,31,54,16,1130,0,511,0.320517825,761,0.498684213,75,87,0.463,2009
Philadelphia Phillies,41,31.3,5.06,162,6338,5578,820,1439,312,35,224,788,119,28,589,1155,0.258,0.334,0.447,0.781,104,2493,90,71,55,45,47,1192,1,542,0.340115459,709,0.572215873,93,69,0.574,2009
Pittsburgh Pirates,49,27,3.95,161,6058,5417,636,1364,289,34,125,612,90,32,499,1142,0.252,0.318,0.387,0.705,87,2096,124,46,60,36,44,1124,0,455,0.310198186,768,0.406806662,62,99,0.385,2009
San Diego Padres,56,28,3.94,162,6179,5425,638,1315,265,31,141,605,82,29,586,1182,0.242,0.321,0.381,0.701,93,2065,131,57,74,36,52,1168,0,534,0.309615003,769,0.407694272,75,87,0.463,2009
Seattle Mariners,46,29.9,3.95,162,6113,5543,640,1430,280,19,160,613,89,33,421,1093,0.258,0.314,0.402,0.716,92,2228,124,49,56,44,39,1121,0,382,0.313298438,692,0.461020368,85,77,0.525,2009
San Francisco Giants,44,29,4.06,162,6057,5493,657,1411,275,43,122,612,78,28,392,1158,0.257,0.309,0.389,0.699,82,2138,115,50,67,55,41,1080,0,351,0.305511851,611,0.536229922,88,74,0.543,2009
St. Louis Cardinals,42,28.5,4.51,162,6168,5465,730,1436,294,29,160,694,75,31,528,1041,0.263,0.332,0.415,0.747,98,2268,127,61,68,43,73,1152,1,455,0.325763612,640,0.565411141,91,71,0.562,2009
Tampa Bay Rays,41,27.8,4.96,162,6223,5462,803,1434,297,36,199,765,194,61,642,1229,0.263,0.343,0.439,0.782,106,2400,104,49,25,45,36,1151,0,606,0.342358001,754,0.531439639,84,78,0.519,2009
Texas Rangers,44,27.8,4.84,162,6127,5526,784,1436,296,27,224,748,149,36,472,1253,0.26,0.32,0.445,0.764,95,2458,97,37,40,51,23,1059,0,449,0.332792347,740,0.528847345,87,75,0.537,2009
Toronto Blue Jays,44,29.9,4.93,162,6362,5696,798,1516,339,13,209,766,73,23,548,1028,0.266,0.333,0.44,0.773,102,2508,130,45,24,49,23,1195,0,525,0.338098179,771,0.517203319,75,87,0.463,2009
Washington Nationals,55,28.4,4.38,162,6273,5493,710,1416,271,38,156,685,73,40,617,1208,0.258,0.337,0.406,0.743,96,2231,133,56,64,42,39,1223,0,578,0.327258875,874,0.39756273,59,103,0.364,2010
Arizona Diamondbacks,48,26.8,4.4,162,6183,5473,713,1366,301,34,180,691,86,41,589,1529,0.25,0.325,0.416,0.74,94,2275,113,39,41,41,45,1139,0,544,0.324123339,836,0.421091475,65,97,0.401,2010
Atlanta Braves,43,28.6,4.56,162,6252,5463,738,1411,312,25,139,699,63,29,634,1140,0.258,0.339,0.401,0.74,101,2190,136,51,69,35,50,1222,1,584,0.326181314,629,0.579232892,91,71,0.562,2010
Baltimore Orioles,45,28.6,3.78,162,6109,5554,613,1440,264,21,133,577,76,34,424,1056,0.259,0.316,0.386,0.702,92,2145,154,54,31,45,32,1139,0,392,0.30893962,785,0.378801686,66,96,0.407,2010
Boston Red Sox,53,30.9,5.05,162,6356,5646,818,1511,358,22,211,782,68,17,587,1140,0.268,0.339,0.451,0.79,109,2546,130,47,29,46,43,1200,0,544,0.34400764,744,0.547269069,89,73,0.549,2010
Chicago Cubs,44,29.3,4.23,162,6140,5512,685,1414,298,27,149,658,55,31,479,1236,0.257,0.32,0.401,0.721,90,2213,124,50,60,38,32,1129,0,447,0.31687283,767,0.44370571,75,87,0.463,2010
Chicago White Sox,40,30.6,4.64,162,6118,5484,752,1467,263,21,177,710,160,74,467,922,0.268,0.332,0.42,0.752,102,2303,148,79,50,38,23,1046,0,444,0.330572374,704,0.532931242,88,74,0.543,2010
Cincinnati Reds,44,29,4.88,162,6285,5579,790,1515,293,30,188,761,93,43,522,1218,0.272,0.338,0.436,0.774,106,2432,113,68,66,50,34,1174,1,488,0.338682296,685,0.570827522,91,71,0.562,2010
Cleveland Indians,45,27.2,3.99,162,6165,5487,646,1362,290,20,128,601,91,33,545,1184,0.248,0.322,0.378,0.7,96,2076,118,64,36,33,34,1186,0,511,0.310177194,752,0.424610814,69,93,0.426,2010
Colorado Rockies,43,28.8,4.75,162,6265,5530,770,1452,270,54,173,741,99,42,585,1274,0.263,0.336,0.425,0.76,92,2349,103,47,56,47,53,1175,0,532,0.332123132,717,0.535597011,83,79,0.512,2010
Detroit Tigers,41,29,4.64,162,6312,5643,751,1515,308,32,152,717,69,30,546,1147,0.268,0.335,0.415,0.75,102,2343,118,41,41,41,50,1229,0,496,0.32863366,743,0.505354599,81,81,0.5,2010
Florida Marlins,57,26.9,4.44,162,6194,5531,719,1403,294,37,152,686,92,26,514,1375,0.254,0.321,0.403,0.724,92,2227,107,55,51,43,42,1154,0,472,0.317423373,717,0.501392755,80,82,0.494,2010
Houston Astros,48,29.6,3.77,162,6005,5452,611,1348,252,25,108,577,100,36,415,1025,0.247,0.303,0.362,0.665,81,1974,130,33,75,29,27,1060,0,388,0.294118943,729,0.412617904,76,86,0.469,2010
Kansas City Royals,46,28.9,4.17,162,6209,5604,676,1534,279,31,121,640,115,50,471,905,0.274,0.331,0.399,0.73,100,2238,152,35,45,53,25,1173,0,446,0.321482568,845,0.390243902,67,95,0.414,2010
Los Angeles Angels of Anaheim,46,29.6,4.2,162,6089,5488,681,1363,276,19,155,656,104,52,466,1070,0.248,0.311,0.39,0.702,94,2142,125,52,42,37,28,1049,0,438,0.309065669,702,0.484819118,80,82,0.494,2010
Los Angeles Dodgers,49,30.3,4.12,162,6140,5426,667,1368,270,29,120,621,92,50,533,1184,0.252,0.322,0.379,0.7,92,2056,123,46,85,50,57,1142,0,476,0.308111037,692,0.481610344,80,82,0.494,2010
Milwaukee Brewers,43,27.9,4.63,162,6304,5606,750,1471,293,33,182,710,81,26,546,1216,0.262,0.335,0.424,0.759,103,2376,115,81,35,35,35,1220,0,511,0.33302583,804,0.465292874,77,85,0.475,2010
Minnesota Twins,42,28.4,4.82,162,6257,5568,781,1521,318,41,142,749,68,28,559,967,0.273,0.341,0.422,0.762,109,2347,159,39,38,53,45,1156,1,514,0.333498542,671,0.575325268,94,68,0.58,2010
New York Mets,47,28.4,4.05,162,6144,5465,656,1361,266,40,128,625,130,44,502,1095,0.249,0.314,0.383,0.697,90,2091,101,46,74,57,53,1124,0,449,0.305697191,652,0.503058075,79,83,0.488,2010
New York Yankees,43,30.3,5.3,162,6379,5567,859,1485,275,32,201,823,103,30,662,1136,0.267,0.35,0.436,0.786,108,2427,124,73,33,44,36,1228,1,626,0.345042789,693,0.605748976,95,67,0.586,2010
Oakland Athletics,49,27.8,4.09,162,6117,5448,663,1396,276,30,109,619,156,38,527,1061,0.256,0.324,0.378,0.702,92,2059,129,47,43,51,16,1159,0,511,0.31162952,626,0.528680791,81,81,0.5,2010
Philadelphia Phillies,42,31.8,4.77,162,6291,5581,772,1451,290,34,166,736,108,21,560,1064,0.26,0.332,0.413,0.745,98,2307,120,63,44,43,69,1194,1,491,0.325577857,640,0.592674506,97,65,0.599,2010
Pittsburgh Pirates,52,26.5,3.62,162,5974,5386,587,1303,276,27,126,570,87,36,463,1207,0.242,0.304,0.373,0.678,84,2011,119,33,58,33,28,1078,0,435,0.299070834,866,0.314811448,57,105,0.352,2010
San Diego Padres,40,29.1,4.1,162,6148,5434,665,1338,236,24,132,630,124,50,538,1183,0.246,0.317,0.371,0.689,93,2018,106,50,79,46,67,1125,0,471,0.303071155,581,0.56711072,90,72,0.556,2010
Seattle Mariners,47,29.5,3.17,162,5989,5409,513,1274,227,16,101,485,142,39,459,1184,0.236,0.298,0.339,0.637,79,1836,110,39,42,40,33,1116,0,426,0.283400406,698,0.350717576,61,101,0.377,2010
San Francisco Giants,42,29.5,4.3,162,6143,5488,697,1411,284,30,162,660,55,32,487,1099,0.257,0.321,0.408,0.729,98,2241,158,50,76,41,53,1092,1,434,0.318824214,583,0.588361604,92,70,0.568,2010
St. Louis Cardinals,42,28.8,4.54,162,6241,5542,736,1456,285,18,150,689,79,41,541,1027,0.263,0.332,0.402,0.733,100,2227,124,50,66,40,78,1164,0,463,0.320631665,641,0.568663741,86,76,0.531,2010
Tampa Bay Rays,37,27.5,4.95,162,6270,5439,802,1343,295,37,160,769,172,47,672,1292,0.247,0.333,0.403,0.736,105,2192,92,57,39,57,30,1152,1,642,0.324778047,649,0.604285023,96,66,0.593,2010
Texas Rangers,48,28.3,4.86,162,6302,5635,787,1556,268,25,162,740,123,48,511,986,0.276,0.338,0.419,0.757,98,2360,129,45,53,54,37,1174,1,474,0.331895941,687,0.567531782,90,72,0.556,2010
Toronto Blue Jays,44,29.3,4.66,162,6072,5495,755,1364,319,21,257,732,58,20,471,1164,0.248,0.312,0.454,0.766,105,2496,114,55,16,34,25,1017,0,446,0.333137645,728,0.518200306,85,77,0.525,2010
Washington Nationals,46,29.1,4.04,162,6100,5418,655,1355,250,31,149,634,110,41,503,1220,0.25,0.318,0.39,0.708,91,2114,125,60,71,47,36,1113,0,467,0.311965955,742,0.437964289,69,93,0.426,2010
Arizona Diamondbacks,51,28.3,4.51,162,6096,5421,731,1357,293,37,172,702,133,55,531,1249,0.25,0.322,0.413,0.736,99,2240,82,61,50,33,55,1064,1,476,0.321575697,662,0.549412146,94,68,0.58,2011
Atlanta Braves,45,28.9,3.96,162,6169,5528,641,1345,244,16,173,606,77,44,504,1260,0.243,0.308,0.387,0.695,90,2140,113,28,75,30,45,1109,0,459,0.305649297,605,0.528868357,89,73,0.549,2011
Baltimore Orioles,50,28.3,4.37,162,6156,5585,708,1434,273,13,191,684,81,25,452,1120,0.257,0.316,0.413,0.729,97,2306,154,52,24,43,24,1069,0,428,0.319803536,860,0.40396369,69,93,0.426,2011
Boston Red Sox,49,30,5.4,162,6414,5710,875,1600,352,35,203,842,102,42,578,1108,0.28,0.349,0.461,0.81,116,2631,136,50,22,50,52,1190,0,526,0.351622475,737,0.584985108,90,72,0.556,2011
Chicago Cubs,42,29.2,4.04,162,6130,5549,654,1423,285,36,148,610,69,23,425,1202,0.256,0.314,0.401,0.715,95,2224,123,59,60,35,35,1141,0,390,0.313560418,756,0.428036171,71,91,0.438,2011
Chicago White Sox,42,30,4.04,162,6159,5502,654,1387,252,16,154,625,81,53,475,989,0.252,0.319,0.388,0.706,89,2133,125,84,52,46,31,1126,0,444,0.311891047,706,0.461820522,79,83,0.488,2011
Cincinnati Reds,42,28.6,4.54,162,6329,5612,735,1438,264,19,183,697,97,50,535,1250,0.256,0.326,0.408,0.734,98,2289,98,63,78,40,52,1189,0,483,0.321727977,720,0.510308183,79,83,0.488,2011
Cleveland Indians,46,27.8,4.35,162,6142,5509,704,1380,290,26,154,671,89,42,494,1269,0.25,0.317,0.396,0.714,100,2184,111,65,31,43,30,1075,0,464,0.314204901,760,0.46180452,80,82,0.494,2011
Colorado Rockies,55,28.6,4.54,162,6275,5544,735,1429,274,40,163,697,118,42,555,1201,0.258,0.329,0.41,0.739,88,2272,112,57,75,44,54,1172,0,501,0.323639766,774,0.474172321,73,89,0.451,2011
Detroit Tigers,45,28.7,4.86,162,6231,5563,787,1540,297,34,169,750,49,20,521,1143,0.277,0.34,0.434,0.773,109,2412,142,39,50,58,47,1165,1,474,0.337122595,711,0.550604059,95,67,0.586,2011
Florida Marlins,44,27.4,3.86,162,6232,5508,625,1358,274,30,149,596,95,41,542,1244,0.247,0.318,0.388,0.706,93,2139,111,51,89,42,38,1198,0,504,0.311123669,702,0.442169093,72,90,0.444,2011
Houston Astros,47,28.2,3.8,162,6150,5598,615,1442,309,28,95,579,118,33,401,1164,0.258,0.311,0.374,0.684,89,2092,111,46,66,37,34,1154,0,367,0.301345899,796,0.373798848,56,106,0.346,2011
Kansas City Royals,42,25.8,4.51,162,6267,5672,730,1560,325,41,129,705,153,58,442,1006,0.275,0.329,0.415,0.744,104,2354,121,39,55,57,37,1156,0,405,0.324874453,762,0.47856214,71,91,0.438,2011
Los Angeles Angels of Anaheim,43,28.9,4.12,162,6088,5513,667,1394,289,34,155,629,135,52,442,1086,0.253,0.313,0.402,0.714,102,2216,126,51,50,32,33,1051,0,409,0.313368859,633,0.526135969,86,76,0.531,2011
Los Angeles Dodgers,48,29.8,4,161,6094,5436,644,1395,237,28,117,613,126,40,498,1087,0.257,0.322,0.375,0.697,95,2039,101,45,71,43,61,1165,0,437,0.306584466,612,0.52546118,82,79,0.509,2011
Milwaukee Brewers,48,28.9,4.45,162,6113,5447,721,1422,276,31,185,693,94,31,481,1083,0.261,0.325,0.425,0.75,102,2315,114,56,85,44,53,1110,1,428,0.326791632,638,0.560847354,96,66,0.593,2011
Minnesota Twins,45,27.5,3.82,162,6020,5487,619,1357,259,25,103,572,92,39,440,1048,0.247,0.306,0.36,0.666,84,1975,115,37,31,25,24,1080,0,416,0.295508801,804,0.372153807,63,99,0.389,2011
New York Mets,46,28,4.43,162,6335,5600,718,1477,309,39,108,676,130,35,571,1085,0.264,0.335,0.391,0.725,103,2188,112,51,65,48,56,1257,0,515,0.319145478,742,0.483566085,77,85,0.475,2011
New York Yankees,48,30.6,5.35,162,6306,5518,867,1452,267,33,222,836,147,46,627,1138,0.263,0.343,0.444,0.788,110,2451,146,74,36,51,34,1114,1,593,0.344595895,657,0.635227636,97,65,0.599,2011
Oakland Athletics,48,29.1,3.98,162,6104,5452,645,1330,280,29,114,612,117,43,509,1094,0.244,0.311,0.369,0.68,88,2010,119,50,34,57,20,1106,0,489,0.301359127,679,0.474337165,74,88,0.457,2011
Philadelphia Phillies,42,31.5,4.4,162,6279,5579,713,1409,258,38,153,693,96,24,539,1024,0.253,0.323,0.395,0.717,96,2202,108,56,65,38,52,1197,1,487,0.315141234,529,0.644966443,102,60,0.63,2011
Pittsburgh Pirates,52,27.2,3.77,162,6064,5421,610,1325,277,35,107,580,108,52,489,1308,0.244,0.309,0.368,0.676,90,1993,123,34,75,44,31,1079,0,458,0.298813161,712,0.423300768,72,90,0.444,2011
San Diego Padres,48,28,3.66,162,6074,5417,593,1284,247,42,91,563,170,44,501,1320,0.237,0.305,0.349,0.653,85,1888,105,48,55,47,42,1103,0,459,0.289509295,611,0.485053175,71,91,0.438,2011
Seattle Mariners,47,29.4,3.43,162,5972,5421,556,1263,253,22,109,534,125,40,435,1280,0.233,0.292,0.348,0.64,84,1887,82,37,38,41,33,1083,0,402,0.28337231,675,0.404225634,67,95,0.414,2011
San Francisco Giants,44,30.2,3.52,162,6091,5486,570,1327,282,24,121,534,85,51,448,1122,0.242,0.303,0.368,0.671,91,2020,117,52,62,43,47,1127,0,401,0.295260782,578,0.493031697,86,76,0.531,2011
St. Louis Cardinals,46,29.3,4.7,162,6242,5532,762,1513,308,22,162,726,57,39,542,978,0.273,0.341,0.425,0.766,112,2351,169,44,84,40,64,1127,1,478,0.334294388,692,0.548031728,90,72,0.556,2011
Tampa Bay Rays,42,28.3,4.36,162,6152,5436,707,1324,273,37,172,674,155,62,571,1193,0.244,0.322,0.402,0.724,104,2187,101,73,37,35,31,1118,1,540,0.319261999,614,0.570054,91,71,0.562,2011
Texas Rangers,45,29.1,5.28,162,6261,5659,855,1599,310,32,210,807,143,45,475,930,0.283,0.34,0.46,0.8,110,2603,135,39,39,49,35,1126,1,440,0.34751091,677,0.614640385,96,66,0.593,2011
Toronto Blue Jays,53,28.3,4.59,162,6210,5559,743,1384,285,34,186,704,131,52,525,1184,0.249,0.317,0.413,0.73,96,2295,108,48,31,47,41,1090,0,484,0.319071359,761,0.488033629,81,81,0.5,2011
Washington Nationals,44,28.4,3.88,161,6090,5441,624,1319,257,22,154,594,106,38,470,1323,0.242,0.309,0.383,0.691,89,2082,103,65,82,32,40,1114,0,430,0.304535858,643,0.485007318,80,81,0.497,2011
Arizona Diamondbacks,48,28.3,4.53,162,6150,5462,734,1416,307,33,165,710,93,51,539,1266,0.259,0.328,0.418,0.746,99,2284,108,41,61,45,47,1122,0,492,0.326099338,688,0.532314989,81,81,0.5,2012
Atlanta Braves,41,28.4,4.32,162,6126,5425,700,1341,263,30,149,660,101,32,567,1289,0.247,0.32,0.389,0.709,90,2111,108,34,53,46,37,1127,1,530,0.312477216,600,0.576470588,94,68,0.58,2012
Baltimore Orioles,52,28,4.4,162,6160,5560,712,1375,270,16,214,677,58,29,480,1315,0.247,0.311,0.417,0.728,97,2319,152,50,38,30,24,1027,1,456,0.319489829,705,0.504939894,93,69,0.574,2012
Boston Red Sox,56,29.4,4.53,162,6166,5604,734,1459,339,16,165,695,97,31,428,1197,0.26,0.315,0.415,0.73,96,2325,105,45,34,55,27,1076,0,401,0.319041769,806,0.453348727,69,93,0.426,2012
Chicago Cubs,53,27.8,3.78,162,5967,5411,613,1297,265,36,137,570,94,45,447,1235,0.24,0.302,0.378,0.68,83,2045,125,43,42,24,29,1044,0,418,0.299603121,759,0.394777538,61,101,0.377,2012
Chicago White Sox,45,30,4.62,162,6111,5518,748,1409,228,29,211,726,109,43,461,1203,0.255,0.318,0.422,0.74,98,2328,112,65,31,36,24,1038,0,437,0.324547556,676,0.550432866,85,77,0.525,2012
Cincinnati Reds,38,28.8,4.13,162,6115,5477,669,1377,296,30,172,636,87,27,481,1266,0.251,0.315,0.411,0.726,93,2249,100,47,73,37,54,1135,1,427,0.316716767,588,0.56417267,97,65,0.599,2012
Cleveland Indians,48,27.8,4.12,162,6195,5525,667,1385,266,24,136,635,110,44,555,1087,0.251,0.324,0.381,0.705,99,2107,141,59,17,39,28,1162,0,527,0.312507317,845,0.383884395,68,94,0.42,2012
Colorado Rockies,49,28,4.68,162,6183,5577,758,1526,306,52,166,716,100,40,450,1213,0.274,0.33,0.436,0.766,93,2434,132,36,74,39,34,1111,0,416,0.333915623,890,0.420413503,64,98,0.395,2012
Detroit Tigers,47,27.9,4.48,162,6119,5476,726,1467,279,39,163,698,59,23,511,1103,0.268,0.335,0.422,0.757,103,2313,156,57,36,39,46,1121,1,465,0.331164486,670,0.540050165,88,74,0.543,2012
Houston Astros,50,26.6,3.6,162,6014,5407,583,1276,238,28,146,545,105,46,463,1365,0.236,0.302,0.371,0.673,82,2008,114,58,54,30,19,1090,0,444,0.298248863,794,0.350283668,55,107,0.34,2012
Kansas City Royals,46,26.1,4.17,162,6149,5636,676,1492,295,37,131,643,132,38,404,1032,0.265,0.317,0.4,0.716,94,2254,130,42,26,41,35,1087,0,369,0.313789422,746,0.450892558,72,90,0.444,2012
Los Angeles Angels of Anaheim,44,28.7,4.73,162,6121,5536,767,1518,273,22,187,732,134,33,449,1113,0.274,0.332,0.433,0.764,114,2396,138,47,47,41,29,1079,0,420,0.334336532,699,0.546285136,89,73,0.549,2012
Los Angeles Dodgers,50,30.4,3.93,162,6091,5438,637,1369,269,23,116,607,104,44,481,1156,0.252,0.317,0.374,0.69,91,2032,139,52,82,38,49,1112,0,432,0.304244966,597,0.532380887,86,76,0.531,2012
Miami Marlins,45,28.3,3.76,162,6057,5437,609,1327,261,39,137,576,149,41,484,1228,0.244,0.308,0.382,0.69,85,2077,114,35,60,40,46,1092,0,438,0.302835294,724,0.414365789,69,93,0.426,2012
Milwaukee Brewers,46,29.1,4.79,162,6225,5557,776,1442,300,39,202,741,158,39,466,1240,0.259,0.325,0.437,0.762,101,2426,111,90,76,35,35,1104,0,431,0.332481597,733,0.528472573,83,79,0.512,2012
Minnesota Twins,47,28.8,4.33,162,6209,5562,701,1448,270,30,131,666,135,37,505,1069,0.26,0.325,0.39,0.715,98,2171,149,53,33,56,28,1144,0,477,0.315390371,832,0.415166121,66,96,0.407,2012
New York Mets,49,27.9,4.01,162,6091,5450,650,1357,286,21,139,625,79,38,503,1250,0.249,0.316,0.386,0.701,94,2102,118,42,64,30,43,1118,0,460,0.308854898,709,0.456667398,74,88,0.457,2012
New York Yankees,45,32.9,4.96,162,6231,5524,804,1462,280,13,245,774,93,27,565,1176,0.265,0.337,0.453,0.79,112,2503,136,62,31,49,31,1135,1,534,0.34472686,668,0.591609313,95,67,0.586,2012
Oakland Athletics,50,27.7,4.4,162,6183,5527,713,1315,267,32,195,676,122,32,550,1387,0.238,0.31,0.404,0.714,99,2231,97,45,27,34,29,1095,1,521,0.313858332,614,0.574191435,94,68,0.58,2012
Philadelphia Phillies,49,31.1,4.22,162,6172,5544,684,1414,271,28,158,659,116,23,454,1094,0.255,0.317,0.4,0.716,92,2215,114,63,72,39,41,1135,0,413,0.314142598,680,0.502932526,81,81,0.5,2012
Pittsburgh Pirates,49,27.7,4.02,162,6014,5412,651,1313,241,37,170,620,73,52,444,1354,0.243,0.304,0.395,0.699,93,2138,98,51,62,45,32,1049,0,412,0.30639527,674,0.482646738,79,83,0.488,2012
San Diego Padres,53,27.4,4.02,162,6112,5422,651,1339,272,43,121,610,155,46,539,1238,0.247,0.319,0.38,0.699,97,2060,100,54,63,34,36,1146,0,503,0.309133544,710,0.456730837,76,86,0.469,2012
Seattle Mariners,38,27.1,3.82,162,6057,5494,619,1285,241,27,149,584,104,35,466,1259,0.234,0.296,0.369,0.665,88,2027,95,30,32,35,21,1052,0,445,0.293784144,651,0.474819136,75,87,0.463,2012
San Francisco Giants,45,27.8,4.43,162,6200,5558,718,1495,287,57,103,675,118,39,483,1097,0.269,0.327,0.397,0.724,106,2205,114,29,69,61,44,1171,1,439,0.317010021,649,0.55034722,94,68,0.58,2012
St. Louis Cardinals,45,29.2,4.72,162,6326,5622,765,1526,290,37,159,732,91,37,533,1192,0.271,0.338,0.421,0.759,107,2367,135,53,69,49,45,1198,1,488,0.332037991,648,0.582238698,88,74,0.543,2012
Tampa Bay Rays,43,29.7,4.3,162,6105,5398,697,1293,250,30,175,665,134,44,571,1323,0.24,0.317,0.394,0.711,99,2128,133,58,34,42,26,1058,0,545,0.313954989,577,0.5933632,90,72,0.556,2012
Texas Rangers,39,29.7,4.99,162,6216,5590,808,1526,303,32,200,780,91,44,478,1103,0.273,0.334,0.446,0.78,105,2493,121,57,36,53,44,1113,1,434,0.338953375,707,0.566371681,93,69,0.574,2012
Toronto Blue Jays,54,27.8,4.42,162,6094,5487,716,1346,247,22,198,677,123,41,473,1251,0.245,0.309,0.407,0.716,94,2231,109,55,33,45,29,1026,0,444,0.313944619,784,0.454759641,73,89,0.451,2012
Washington Nationals,43,27.2,4.51,162,6221,5615,731,1468,301,25,194,688,105,35,479,1325,0.261,0.322,0.428,0.75,101,2401,110,41,50,36,43,1127,1,436,0.327064295,594,0.602302533,98,64,0.605,2012
Arizona Diamondbacks,44,28.1,4.23,162,6334,5676,685,1468,302,31,130,647,62,41,519,1142,0.259,0.323,0.391,0.715,96,2222,160,43,50,43,51,1160,0,468,0.31381862,695,0.492754004,81,81,0.5,2013
Atlanta Braves,44,26.8,4.25,162,6133,5441,688,1354,247,21,181,656,64,31,542,1384,0.249,0.321,0.402,0.723,99,2186,119,55,58,35,36,1132,0,506,0.318370051,548,0.611833806,96,66,0.593,2013
Baltimore Orioles,52,27.8,4.6,162,6144,5620,745,1460,298,14,212,719,79,29,416,1125,0.26,0.313,0.431,0.744,101,2422,105,36,27,45,36,1053,0,380,0.323548758,709,0.524744116,85,77,0.525,2013
Boston Red Sox,48,29.6,5.27,162,6382,5651,853,1566,363,29,178,819,123,19,581,1308,0.277,0.349,0.446,0.795,116,2521,137,72,24,50,51,1212,0,530,0.346782485,656,0.628362314,97,65,0.599,2013
Chicago Cubs,56,27.9,3.72,162,6079,5498,602,1307,297,18,172,576,63,32,439,1230,0.238,0.3,0.392,0.693,89,2156,120,67,43,30,28,1092,0,411,0.304558775,689,0.432915037,66,96,0.407,2013
Chicago White Sox,47,29.2,3.69,162,6077,5563,598,1385,237,19,148,574,105,42,411,1207,0.249,0.302,0.378,0.68,84,2104,124,34,19,48,23,1068,0,388,0.29966186,723,0.406214467,63,99,0.389,2013
Cincinnati Reds,39,28.5,4.31,162,6293,5499,698,1370,274,20,155,664,67,35,585,1245,0.249,0.327,0.391,0.718,98,2149,129,76,85,46,65,1191,0,520,0.315761277,589,0.584089915,90,72,0.556,2013
Cleveland Indians,49,28.6,4.6,162,6165,5465,745,1391,290,23,171,711,117,36,562,1283,0.255,0.327,0.41,0.737,107,2240,106,51,31,56,19,1126,0,543,0.324330335,662,0.55878619,92,70,0.568,2013
Colorado Rockies,43,27.7,4.36,162,6152,5599,706,1511,283,36,159,673,112,32,427,1204,0.27,0.323,0.418,0.741,91,2343,111,26,65,35,26,1118,0,401,0.324436562,760,0.463214985,74,88,0.457,2013
Detroit Tigers,39,30,4.91,162,6388,5735,796,1625,292,23,176,767,35,20,531,1073,0.283,0.346,0.434,0.78,111,2491,146,43,32,47,40,1250,0,491,0.341467701,624,0.619375323,93,69,0.574,2013
Houston Astros,50,25.8,3.77,162,6020,5457,610,1307,266,16,148,566,110,61,426,1535,0.24,0.299,0.375,0.674,86,2049,110,52,46,38,17,1007,0,409,0.297971793,848,0.340999483,51,111,0.315,2013
Kansas City Royals,43,26.9,4,162,6093,5549,648,1443,254,34,112,620,153,32,422,1048,0.26,0.315,0.379,0.694,89,2101,131,42,37,42,38,1110,0,384,0.305190294,601,0.537576894,86,76,0.531,2013
Los Angeles Angels of Anaheim,49,27.8,4.52,162,6260,5588,733,1476,270,39,164,696,82,34,523,1221,0.264,0.329,0.414,0.743,110,2316,150,48,37,64,40,1144,0,483,0.325243409,737,0.497278932,78,84,0.481,2013
Los Angeles Dodgers,49,30.6,4.01,162,6145,5491,649,1447,281,17,138,618,78,28,476,1146,0.264,0.326,0.396,0.722,103,2176,130,57,71,48,45,1175,0,431,0.317310436,582,0.554266539,92,70,0.568,2013
Miami Marlins,53,27.7,3.17,162,6021,5449,513,1257,219,31,95,485,78,29,432,1232,0.231,0.293,0.335,0.627,73,1823,131,56,57,26,31,1080,0,401,0.279254889,646,0.386737401,62,100,0.383,2013
Milwaukee Brewers,40,27.9,3.95,162,6064,5474,640,1381,238,43,157,610,142,50,407,1183,0.252,0.311,0.398,0.708,93,2176,116,71,77,35,22,1071,0,385,0.311426655,687,0.464626138,74,88,0.457,2013
Minnesota Twins,44,28.2,3.79,162,6212,5564,614,1346,285,15,151,590,52,33,533,1430,0.242,0.312,0.38,0.692,90,2114,103,52,29,32,20,1206,0,513,0.30698101,788,0.377774215,66,96,0.407,2013
New York Mets,53,28.3,3.82,162,6207,5559,619,1318,263,32,130,593,114,35,512,1384,0.237,0.306,0.366,0.672,91,2035,106,51,53,32,40,1137,0,472,0.297026497,684,0.450238949,74,88,0.457,2013
New York Yankees,56,31.9,4.01,162,6045,5449,650,1321,247,24,144,614,115,31,466,1214,0.242,0.307,0.376,0.683,88,2048,121,57,36,36,33,1064,0,433,0.301442678,671,0.484106969,85,77,0.525,2013
Oakland Athletics,44,28.3,4.73,162,6209,5521,767,1403,301,25,186,725,74,28,573,1178,0.254,0.327,0.419,0.745,107,2312,108,45,21,49,29,1126,0,544,0.32702062,625,0.600960861,96,66,0.593,2013
Philadelphia Phillies,51,30,3.77,162,6014,5456,610,1355,255,32,140,578,73,29,417,1205,0.248,0.306,0.384,0.69,91,2094,131,53,57,31,41,1061,0,376,0.3031119,749,0.398777839,73,89,0.451,2013
Pittsburgh Pirates,49,27.9,3.91,162,6135,5486,634,1346,273,35,161,603,94,42,469,1330,0.245,0.313,0.396,0.709,100,2172,120,88,62,29,41,1126,0,428,0.311842149,577,0.546964491,94,68,0.58,2013
San Diego Padres,47,28.1,3.81,162,6122,5517,618,1349,246,26,146,578,118,34,467,1309,0.245,0.308,0.378,0.686,97,2085,99,52,52,34,36,1126,0,431,0.302379848,700,0.438024415,76,86,0.469,2013
Seattle Mariners,47,28.7,3.85,162,6172,5558,624,1318,249,17,188,597,49,23,529,1353,0.237,0.306,0.39,0.695,98,2165,122,31,26,28,21,1131,0,508,0.306999184,754,0.40649259,71,91,0.438,2013
San Francisco Giants,44,28.7,3.88,162,6168,5552,629,1446,280,35,107,596,67,26,469,1078,0.26,0.32,0.381,0.702,100,2117,131,39,66,42,40,1187,0,429,0.308883207,691,0.453133697,76,86,0.469,2013
St. Louis Cardinals,44,28.7,4.83,162,6202,5557,783,1494,322,20,125,745,45,22,481,1110,0.269,0.332,0.401,0.733,102,2231,154,64,56,44,38,1087,0,443,0.322465619,596,0.633156908,97,65,0.599,2013
Tampa Bay Rays,42,29.5,4.29,163,6242,5538,700,1421,296,23,165,670,73,38,589,1171,0.257,0.329,0.408,0.737,106,2258,140,36,24,55,31,1172,0,558,0.323993858,646,0.540054402,92,71,0.564,2013
Texas Rangers,46,29.6,4.48,163,6196,5585,730,1465,262,23,176,691,149,46,462,1067,0.262,0.323,0.412,0.735,100,2301,124,61,45,42,26,1110,0,436,0.322978445,636,0.568489731,91,72,0.558,2013
Toronto Blue Jays,53,28.9,4.4,162,6152,5537,712,1398,273,24,185,669,112,41,510,1123,0.252,0.318,0.411,0.729,99,2274,133,38,29,38,19,1065,0,491,0.320360419,756,0.47005415,74,88,0.457,2013
Washington Nationals,44,27.7,4.05,162,6047,5436,656,1365,259,27,161,621,88,28,464,1192,0.251,0.313,0.398,0.71,94,2161,115,40,68,39,35,1071,0,429,0.311675639,626,0.523388129,86,76,0.531,2013
Arizona Diamondbacks,52,27.6,3.8,162,6089,5552,615,1379,259,47,118,573,86,33,398,1165,0.248,0.302,0.376,0.678,88,2086,115,43,56,36,31,1092,0,367,0.297934311,742,0.407223815,64,98,0.395,2014
Atlanta Braves,39,26.8,3.54,162,6064,5468,573,1316,240,22,123,545,95,33,472,1369,0.241,0.305,0.36,0.665,88,1969,121,43,53,27,31,1128,0,441,0.294795116,597,0.479495807,79,83,0.488,2014
Baltimore Orioles,44,28.3,4.35,162,6130,5596,705,1434,264,16,211,681,44,20,401,1285,0.256,0.311,0.422,0.734,104,2363,112,62,35,36,29,1088,1,372,0.320621497,593,0.585648906,96,66,0.593,2014
Boston Red Sox,55,29.1,3.91,162,6226,5551,634,1355,282,20,123,601,63,25,535,1337,0.244,0.316,0.369,0.684,91,2046,138,68,20,52,36,1168,0,499,0.303048622,715,0.440171226,71,91,0.438,2014
Chicago Cubs,48,26.8,3.79,162,6102,5508,614,1315,270,31,157,590,65,40,442,1477,0.239,0.3,0.385,0.684,89,2118,94,54,57,41,29,1069,0,413,0.300764628,707,0.429946,73,89,0.451,2014
Chicago White Sox,44,27.7,4.07,162,6077,5543,660,1400,279,32,155,625,85,36,417,1362,0.253,0.31,0.398,0.708,102,2208,127,60,19,38,33,1071,0,384,0.310554357,758,0.431217109,73,89,0.451,2014
Cincinnati Reds,45,29,3.67,162,5978,5395,595,1282,254,20,131,562,122,52,415,1252,0.238,0.296,0.365,0.661,85,1969,88,52,76,37,22,1037,0,393,0.292533606,612,0.485918286,76,86,0.469,2014
Cleveland Indians,46,28.6,4.13,162,6222,5575,669,1411,284,23,142,644,104,27,504,1189,0.253,0.317,0.389,0.706,97,2167,126,42,51,49,24,1154,0,480,0.311383013,653,0.512101102,85,77,0.525,2014
Colorado Rockies,49,27.3,4.66,162,6164,5612,755,1551,307,41,186,721,85,48,397,1281,0.276,0.327,0.445,0.772,102,2498,121,48,59,48,39,1072,0,358,0.335248928,818,0.460013283,66,96,0.407,2014
Detroit Tigers,48,29.8,4.67,162,6202,5630,757,1557,325,26,155,731,106,41,443,1144,0.277,0.331,0.426,0.757,113,2399,137,44,24,61,51,1111,1,392,0.329348784,705,0.535522777,90,72,0.556,2014
Houston Astros,48,25.4,3.88,162,6055,5447,629,1317,240,19,163,596,122,37,495,1442,0.242,0.309,0.383,0.692,96,2084,122,55,22,36,27,1086,0,468,0.305852481,723,0.430807844,70,92,0.432,2014
Kansas City Royals,48,28.2,4.02,162,6058,5545,651,1456,286,29,95,604,153,36,380,985,0.263,0.314,0.376,0.69,92,2085,131,53,33,47,22,1080,1,358,0.304151258,624,0.521166978,89,73,0.549,2014
Los Angeles Angels of Anaheim,54,29.3,4.77,162,6285,5652,773,1464,304,31,155,729,81,39,492,1266,0.259,0.322,0.406,0.728,110,2295,112,60,26,54,42,1113,1,450,0.318912484,630,0.600876483,98,64,0.605,2014
Los Angeles Dodgers,49,29.4,4.43,162,6231,5560,718,1476,302,38,134,686,138,50,519,1246,0.265,0.333,0.406,0.738,110,2256,119,61,47,43,30,1159,1,489,0.32498131,617,0.575224863,94,68,0.58,2014
Miami Marlins,45,27.4,3.98,162,6185,5538,645,1399,254,36,122,614,58,21,501,1419,0.253,0.317,0.378,0.694,94,2091,143,35,71,39,49,1145,0,452,0.305509565,674,0.47802427,77,85,0.475,2014
Milwaukee Brewers,40,28.8,4.01,162,6065,5462,650,1366,297,28,150,617,102,43,423,1197,0.25,0.311,0.397,0.708,95,2169,135,73,70,37,32,1049,0,391,0.310731176,657,0.494644377,82,80,0.506,2014
Minnesota Twins,48,27.5,4.41,162,6233,5567,715,1412,316,27,128,675,99,36,544,1329,0.254,0.324,0.389,0.713,100,2166,97,53,25,44,29,1176,0,515,0.314753196,777,0.458516674,70,92,0.432,2014
New York Mets,45,28.4,3.88,162,6145,5472,629,1306,275,19,125,602,101,34,516,1264,0.239,0.308,0.364,0.673,93,1994,112,54,59,44,42,1123,0,474,0.297468564,618,0.508820484,79,83,0.488,2014
New York Yankees,58,32.8,3.91,162,6082,5497,633,1349,247,26,147,591,112,26,452,1133,0.245,0.307,0.38,0.687,94,2089,111,56,29,47,16,1098,0,436,0.303591783,664,0.476112336,84,78,0.519,2014
Oakland Athletics,45,29.6,4.5,162,6245,5545,729,1354,253,33,146,686,83,20,586,1104,0.244,0.32,0.381,0.7,100,2111,118,49,19,43,34,1147,1,552,0.309922443,572,0.618944242,88,74,0.543,2014
Philadelphia Phillies,49,30.7,3.82,162,6198,5603,619,1356,251,27,125,584,109,26,443,1306,0.242,0.302,0.363,0.665,85,2036,94,55,59,37,42,1147,0,401,0.293548228,687,0.448073392,73,89,0.451,2014
Pittsburgh Pirates,45,27.3,4.21,162,6224,5536,682,1436,275,30,156,659,104,47,520,1244,0.259,0.33,0.404,0.734,106,2239,127,78,54,35,46,1192,1,474,0.322786216,631,0.538783832,88,74,0.543,2014
San Diego Padres,51,27.9,3.3,162,5905,5294,535,1199,224,30,109,500,91,34,468,1294,0.226,0.292,0.342,0.634,84,1810,118,41,56,45,27,1033,0,441,0.281709328,577,0.46228402,77,85,0.475,2014
Seattle Mariners,44,27.5,3.91,162,5977,5450,634,1328,247,32,136,600,96,42,396,1232,0.244,0.3,0.376,0.676,95,2047,112,60,35,34,33,1008,0,363,0.297506348,554,0.56703608,87,75,0.537,2014
San Francisco Giants,46,28.6,4.1,162,6087,5523,665,1407,257,42,132,636,56,27,427,1245,0.255,0.311,0.388,0.699,100,2144,113,43,45,49,37,1095,1,390,0.306466278,614,0.539811602,88,74,0.543,2014
St. Louis Cardinals,46,28.5,3.82,162,6086,5426,619,1371,275,21,105,585,57,32,471,1133,0.253,0.32,0.369,0.689,93,2003,140,86,64,39,28,1145,1,443,0.306082749,603,0.513091045,90,72,0.556,2014
Tampa Bay Rays,43,29.3,3.78,162,6205,5516,612,1361,263,24,117,586,63,27,527,1124,0.247,0.317,0.367,0.684,96,2023,135,66,43,53,31,1193,0,496,0.303389333,625,0.489491864,77,85,0.475,2014
Texas Rangers,64,28.4,3.93,162,6026,5460,637,1400,260,28,111,597,105,59,417,1162,0.256,0.314,0.375,0.689,92,2049,148,61,41,45,37,1066,0,380,0.303678103,773,0.404435173,67,95,0.414,2014
Toronto Blue Jays,55,29.2,4.46,162,6167,5549,723,1435,282,24,177,690,78,21,502,1151,0.259,0.323,0.414,0.736,108,2296,128,41,35,40,27,1122,0,475,0.323221949,686,0.526241663,83,79,0.512,2014
Washington Nationals,40,28.7,4.23,162,6216,5542,686,1403,265,27,152,635,101,23,517,1304,0.253,0.321,0.393,0.714,96,2178,115,56,60,41,29,1160,1,488,0.315005712,555,0.604396748,96,66,0.593,2014
Arizona Diamondbacks,50,26.5,4.44,162,6276,5649,720,1494,289,48,154,680,132,44,490,1312,0.264,0.324,0.414,0.738,97,2341,134,33,46,57,40,1153,0,450,0.322365487,713,0.50488474,79,83,0.488,2015
Atlanta Braves,60,28.8,3.54,162,6034,5420,573,1361,251,18,100,548,69,33,471,1107,0.251,0.314,0.359,0.674,87,1948,148,44,67,31,39,1145,0,432,0.298729543,760,0.362422441,67,95,0.414,2015
Baltimore Orioles,48,27.9,4.4,162,6007,5485,713,1370,246,20,217,686,44,25,418,1331,0.25,0.307,0.421,0.728,97,2307,127,51,20,32,23,990,0,395,0.318500755,693,0.514221873,81,81,0.5,2015
Boston Red Sox,51,28.2,4.62,162,6237,5640,748,1495,294,33,161,706,71,27,478,1148,0.265,0.325,0.415,0.74,97,2338,127,46,30,42,28,1142,0,450,0.324504694,753,0.496668924,78,84,0.481,2015
Chicago Cubs,50,26.9,4.25,162,6200,5491,689,1341,272,30,171,657,95,37,567,1518,0.244,0.321,0.398,0.719,98,2186,101,74,32,35,47,1165,1,520,0.316624183,608,0.562209182,97,65,0.599,2015
Chicago White Sox,40,28.2,3.84,162,6070,5533,622,1381,260,27,136,595,68,42,404,1231,0.25,0.306,0.38,0.686,92,2103,125,65,30,37,22,1065,0,382,0.302898454,701,0.440499382,76,86,0.469,2015
Cincinnati Reds,50,29.5,3.95,162,6196,5571,640,1382,257,27,167,613,134,38,496,1255,0.248,0.312,0.394,0.706,92,2194,112,42,47,40,38,1148,0,458,0.310207822,754,0.418764237,64,98,0.395,2015
Cleveland Indians,49,28,4.16,161,6109,5439,669,1395,303,29,141,640,86,28,533,1157,0.256,0.325,0.401,0.725,93,2179,134,39,47,50,34,1147,0,499,0.318709142,640,0.522143448,81,80,0.503,2015
Colorado Rockies,51,28,4.55,162,6071,5572,737,1479,274,49,186,702,97,43,388,1283,0.265,0.315,0.432,0.748,89,2409,114,33,44,34,47,1016,0,341,0.324466555,844,0.432629898,68,94,0.42,2015
Detroit Tigers,47,28.3,4.28,161,6159,5605,689,1515,289,49,151,660,83,51,455,1259,0.27,0.328,0.42,0.748,105,2355,152,41,23,35,36,1111,0,419,0.327095082,803,0.424035979,74,87,0.46,2015
Houston Astros,46,26.3,4.5,162,6073,5459,729,1363,278,26,230,691,121,48,486,1392,0.25,0.315,0.437,0.752,107,2383,102,56,28,43,22,1036,1,464,0.328208236,618,0.581849534,86,76,0.531,2015
Kansas City Royals,45,29.1,4.47,162,6116,5575,724,1497,300,42,139,689,104,34,383,973,0.269,0.322,0.412,0.734,98,2298,133,77,34,47,28,1079,1,355,0.321369343,641,0.560581868,95,67,0.586,2015
Los Angeles Angels of Anaheim,51,28.7,4.08,162,5990,5417,661,1331,243,21,176,621,52,34,435,1150,0.246,0.307,0.396,0.702,97,2144,116,58,37,40,34,1013,0,401,0.308260649,675,0.489522109,85,77,0.525,2015
Los Angeles Dodgers,55,29.6,4.12,162,6090,5385,667,1346,263,26,187,638,59,34,563,1258,0.25,0.326,0.413,0.739,106,2222,135,60,49,30,31,1121,1,532,0.325188946,595,0.556867197,92,70,0.568,2015
Miami Marlins,51,27.9,3.78,162,5988,5463,613,1420,236,40,120,575,112,45,375,1150,0.26,0.31,0.384,0.694,93,2096,133,39,71,40,30,1059,0,345,0.304740955,678,0.449778743,71,91,0.438,2015
Milwaukee Brewers,49,28.1,4.04,162,6024,5480,655,1378,274,34,145,624,84,29,412,1299,0.251,0.307,0.393,0.7,91,2155,130,41,55,34,35,1026,0,377,0.306888065,737,0.441295667,68,94,0.42,2015
Minnesota Twins,44,28.2,4.3,162,6017,5467,696,1349,277,44,156,661,70,38,439,1264,0.247,0.305,0.399,0.704,92,2182,133,40,30,41,31,993,0,408,0.308440228,700,0.497134694,83,79,0.512,2015
New York Mets,49,28.6,4.22,162,6145,5527,683,1351,295,17,177,654,51,25,488,1290,0.244,0.312,0.4,0.712,96,2211,130,68,29,32,42,1098,1,446,0.312493002,613,0.553855232,90,72,0.556,2015
New York Yankees,56,31.4,4.72,162,6268,5567,764,1397,272,19,212,737,63,25,554,1227,0.251,0.323,0.421,0.744,102,2343,105,63,24,54,23,1151,1,531,0.326440869,698,0.545051826,87,75,0.537,2015
Oakland Athletics,52,27.9,4.28,162,6171,5600,694,1405,277,46,146,661,78,29,475,1119,0.251,0.312,0.395,0.707,96,2212,124,40,14,38,21,1102,0,454,0.31115623,729,0.475418946,68,94,0.42,2015
Philadelphia Phillies,50,28,3.86,162,6053,5529,626,1374,272,37,130,586,88,32,387,1274,0.249,0.303,0.382,0.684,89,2110,119,54,53,29,20,1066,0,367,0.301495233,809,0.374514626,63,99,0.389,2015
Pittsburgh Pirates,46,28.2,4.3,162,6285,5631,697,1462,292,27,140,661,98,45,461,1322,0.26,0.323,0.396,0.719,97,2228,115,89,63,41,46,1166,1,415,0.316010363,596,0.57763919,98,64,0.605,2015
San Diego Padres,46,27.7,4.01,162,6019,5457,650,1324,260,36,148,623,82,29,426,1327,0.243,0.3,0.385,0.685,91,2100,108,40,52,42,22,1028,0,404,0.301208144,731,0.441547936,74,88,0.457,2015
Seattle Mariners,51,28.6,4.05,162,6131,5544,656,1379,262,22,198,624,69,45,478,1336,0.249,0.311,0.411,0.722,101,2279,123,36,38,35,31,1080,0,447,0.316209172,726,0.449478385,76,86,0.469,2015
San Francisco Giants,48,28.9,4.3,162,6153,5565,696,1486,288,39,136,663,93,36,457,1159,0.267,0.326,0.406,0.732,101,2260,142,49,45,37,30,1130,0,427,0.321638697,627,0.552012717,84,78,0.519,2015
St. Louis Cardinals,46,28.4,3.99,162,6139,5484,647,1386,288,39,137,619,69,38,506,1267,0.253,0.321,0.394,0.716,95,2163,128,66,39,42,47,1152,1,459,0.314237316,525,0.602979687,100,62,0.617,2015
Tampa Bay Rays,51,28.5,3.98,162,6071,5485,644,1383,278,32,167,612,87,45,436,1310,0.252,0.314,0.406,0.72,100,2226,121,84,19,47,22,1075,0,414,0.316431177,642,0.501555206,80,82,0.494,2015
Texas Rangers,57,28.7,4.64,162,6187,5511,751,1419,279,32,172,707,101,39,503,1233,0.257,0.325,0.413,0.739,98,2278,99,76,43,54,32,1130,1,471,0.323972513,733,0.512127596,88,74,0.543,2015
Toronto Blue Jays,52,29.5,5.5,162,6232,5509,891,1480,308,17,232,852,88,23,570,1151,0.269,0.34,0.457,0.797,115,2518,140,54,36,62,12,1057,1,558,0.347933042,670,0.638793963,93,69,0.574,2015
Washington Nationals,44,28.4,4.34,162,6117,5428,703,1363,265,13,177,665,57,23,539,1344,0.251,0.321,0.403,0.724,96,2185,129,44,55,51,38,1114,0,501,0.317861886,635,0.550691193,83,79,0.512,2015
Arizona Diamondbacks,50,26.7,4.64,162,6260,5665,752,1479,285,56,190,709,137,31,463,1427,0.261,0.32,0.432,0.752,93,2446,117,50,43,38,43,1113,0,420,0.327424267,890,0.41654562,69,93,0.426,2016
Atlanta Braves,60,28.9,4.03,161,6192,5514,649,1404,295,27,122,615,75,34,502,1240,0.255,0.321,0.384,0.705,89,2119,145,59,64,52,60,1160,0,442,0.309287951,779,0.40971186,68,93,0.422,2016
Baltimore Orioles,47,28.5,4.59,162,6089,5524,744,1413,265,6,253,710,19,13,468,1324,0.256,0.317,0.443,0.76,101,2449,119,44,17,36,19,1065,1,449,0.33211135,715,0.519868778,89,73,0.549,2016
Boston Red Sox,50,28.5,5.42,162,6320,5670,878,1598,343,25,208,836,83,24,558,1160,0.282,0.348,0.461,0.81,112,2615,137,43,8,40,34,1162,1,524,0.352877171,694,0.61546642,93,69,0.574,2016
Chicago Cubs,45,27.4,4.99,162,6335,5503,808,1409,293,30,199,767,66,34,656,1339,0.256,0.343,0.429,0.772,104,2359,107,96,42,37,45,1217,1,611,0.339162798,556,0.678652807,103,58,0.64,2016
Chicago White Sox,50,28.3,4.23,162,6131,5550,686,1428,277,33,168,656,77,36,455,1285,0.257,0.317,0.41,0.727,99,2275,122,53,29,44,16,1105,0,439,0.319523497,715,0.479309365,78,84,0.481,2016
Cincinnati Reds,52,27.8,4.42,162,6094,5487,716,1403,277,33,164,678,139,51,452,1284,0.256,0.316,0.408,0.724,91,2238,129,52,58,44,37,1014,0,415,0.316813938,854,0.412775811,68,94,0.42,2016
Cleveland Indians,48,29,4.83,161,6155,5484,777,1435,308,29,185,733,134,31,531,1246,0.262,0.329,0.43,0.759,96,2356,137,49,31,60,16,1084,1,515,0.33232482,676,0.569177104,94,67,0.584,2016
Colorado Rockies,47,27.8,5.22,162,6236,5614,845,1544,318,47,204,805,66,39,494,1330,0.275,0.336,0.457,0.794,97,2568,113,40,54,34,35,1089,0,459,0.345153734,860,0.491203027,75,87,0.463,2016
Detroit Tigers,44,29.9,4.66,161,6127,5526,750,1476,252,30,211,719,58,29,493,1303,0.267,0.331,0.438,0.769,106,2421,135,53,17,38,32,1105,0,461,0.336107272,721,0.519706821,86,75,0.534,2016
Houston Astros,43,26.4,4.47,162,6204,5545,724,1367,291,29,198,689,102,44,554,1452,0.247,0.319,0.417,0.735,103,2310,134,47,27,31,31,1086,0,523,0.322595184,701,0.516136147,84,78,0.519,2016
Kansas City Royals,42,28.5,4.17,162,6052,5552,675,1450,264,33,147,640,121,35,382,1224,0.261,0.312,0.4,0.712,90,2221,134,45,38,34,23,1049,0,359,0.312669449,712,0.47334269,81,81,0.5,2016
Los Angeles Angels,53,28.5,4.43,162,6041,5431,717,1410,279,20,156,686,73,34,471,991,0.26,0.322,0.405,0.726,100,2197,147,51,36,49,21,1037,0,450,0.319595385,727,0.493075124,74,88,0.457,2016
Los Angeles Dodgers,55,28.9,4.48,162,6164,5518,725,1376,272,21,189,680,45,26,525,1321,0.249,0.319,0.409,0.728,95,2257,120,58,30,32,31,1106,1,494,0.320327761,638,0.563570784,91,71,0.562,2016
Miami Marlins,53,28.3,4.07,161,6134,5547,655,1460,259,42,128,626,71,28,447,1213,0.263,0.322,0.394,0.716,96,2187,140,54,46,38,40,1171,0,407,0.314765134,682,0.479813767,79,82,0.491,2016
Milwaukee Brewers,50,27.5,4.14,162,6061,5330,671,1299,249,19,194,641,181,56,599,1543,0.244,0.322,0.407,0.729,92,2168,131,37,53,39,34,1071,0,565,0.320855803,733,0.455926402,73,89,0.451,2016
Minnesota Twins,49,26.9,4.46,162,6245,5618,722,1409,288,35,200,690,91,32,513,1426,0.251,0.316,0.421,0.738,98,2367,96,44,27,43,24,1124,0,489,0.322907653,889,0.397439778,59,103,0.364,2016
New York Mets,46,29.5,4.14,162,6115,5459,671,1342,240,19,218,649,42,18,517,1302,0.246,0.316,0.417,0.733,97,2274,123,62,35,41,43,1120,1,474,0.320564944,617,0.541851901,87,75,0.537,2016
New York Yankees,53,30.1,4.2,162,6059,5458,680,1378,245,20,183,647,72,22,475,1188,0.252,0.315,0.405,0.72,91,2212,121,42,21,49,19,1098,0,456,0.316474604,702,0.484085075,84,78,0.519,2016
Oakland Athletics,51,28.7,4.03,162,6022,5500,653,1352,270,21,169,634,50,23,442,1145,0.246,0.304,0.395,0.699,91,2171,142,33,13,34,19,1036,0,423,0.307400668,761,0.424063926,69,93,0.426,2016
Philadelphia Phillies,49,26.9,3.77,162,5992,5434,610,1305,231,35,161,574,96,45,424,1376,0.24,0.301,0.384,0.685,82,2089,112,58,46,30,33,1043,0,391,0.301224421,796,0.369985165,71,91,0.438,2016
Pittsburgh Pirates,55,28.9,4.5,162,6261,5542,729,1426,277,32,153,696,110,45,561,1334,0.257,0.332,0.402,0.734,96,2226,133,81,41,36,39,1173,0,522,0.32379712,758,0.480505061,78,83,0.484,2016
San Diego Padres,58,28.1,4.23,162,6001,5419,686,1275,257,26,177,654,125,45,449,1500,0.235,0.299,0.39,0.689,86,2115,93,58,36,36,30,965,0,419,0.302837154,770,0.442499079,68,94,0.42,2016
Seattle Mariners,54,30.5,4.74,162,6227,5583,768,1446,251,17,223,735,56,28,506,1288,0.259,0.326,0.43,0.756,106,2400,138,72,24,41,29,1099,0,477,0.331367244,707,0.541285321,86,76,0.531,2016
San Francisco Giants,45,29.2,4.41,162,6271,5565,715,1437,280,54,130,675,79,36,572,1107,0.258,0.329,0.398,0.728,97,2215,120,42,42,46,43,1188,1,529,0.319847946,631,0.562165021,87,75,0.537,2016
St. Louis Cardinals,41,28.5,4.81,162,6223,5548,779,1415,299,32,225,745,35,26,526,1318,0.255,0.325,0.442,0.767,104,2453,117,70,37,41,28,1113,0,498,0.335000812,712,0.544845729,86,76,0.531,2016
Tampa Bay Rays,48,27.7,4.15,162,6046,5481,672,1333,288,32,216,647,60,37,449,1482,0.243,0.307,0.426,0.733,100,2333,88,69,18,28,20,1060,0,429,0.32066256,713,0.470423031,68,94,0.42,2016
Texas Rangers,52,28.4,4.72,162,6089,5525,765,1446,257,23,215,746,99,36,436,1220,0.262,0.322,0.433,0.755,96,2394,114,70,18,40,23,1038,1,413,0.330176918,757,0.505256097,95,67,0.586,2016
Toronto Blue Jays,49,30,4.69,162,6233,5479,759,1358,276,18,221,728,54,24,632,1362,0.248,0.33,0.426,0.755,101,2333,153,55,26,40,16,1120,1,616,0.332583199,666,0.564986363,89,73,0.549,2016
Washington Nationals,43,28.8,4.71,162,6201,5490,763,1403,268,29,203,735,121,39,536,1252,0.256,0.326,0.426,0.751,96,2338,102,64,48,63,49,1105,1,487,0.327558978,612,0.608509553,95,67,0.586,2016
Arizona Diamondbacks,45,28.3,5.01,162,6224,5525,812,1405,314,39,220,776,103,30,578,1456,0.254,0.329,0.445,0.774,94,2457,106,54,39,27,44,1118,1,534,0.337423453,659,0.602897703,93,69,0.574,2017
Atlanta Braves,49,28.7,4.52,162,6216,5584,732,1467,289,26,165,706,77,31,474,1184,0.263,0.326,0.412,0.738,92,2303,137,66,59,32,57,1127,0,417,0.322893917,821,0.442879164,72,90,0.444,2017
Baltimore Orioles,50,28.6,4.59,162,6140,5650,743,1469,269,12,232,713,32,13,392,1412,0.26,0.312,0.435,0.747,100,2458,138,50,10,37,12,1041,0,380,0.326517901,841,0.438367227,75,87,0.463,2017
Boston Red Sox,49,27.3,4.85,162,6338,5669,785,1461,302,19,168,735,106,31,571,1224,0.258,0.329,0.407,0.736,92,2305,141,53,9,36,48,1134,1,523,0.323392772,668,0.580004311,93,69,0.574,2017
Chicago Cubs,47,27.1,5.07,162,6283,5496,822,1402,274,29,223,785,62,31,622,1401,0.255,0.338,0.437,0.775,99,2403,134,82,48,32,54,1147,1,568,0.338921981,695,0.583135196,92,70,0.568,2017
Chicago White Sox,51,26.7,4.36,162,6059,5513,706,1412,256,37,186,670,71,31,401,1397,0.256,0.314,0.417,0.731,96,2300,124,76,35,33,17,1055,0,384,0.320631036,820,0.425709493,67,95,0.414,2017
Cincinnati Reds,47,27.1,4.65,162,6213,5484,753,1390,249,38,219,715,120,39,565,1329,0.253,0.329,0.433,0.761,97,2372,116,72,50,42,41,1135,0,524,0.332873244,869,0.428847274,68,94,0.42,2017
Cleveland Indians,41,28,5.05,162,6234,5511,818,1449,333,29,212,780,88,23,604,1153,0.263,0.339,0.449,0.788,104,2476,125,50,23,45,30,1158,1,574,0.343996764,564,0.677786106,102,60,0.63,2017
Colorado Rockies,41,28.3,5.09,162,6201,5534,824,1510,293,38,192,793,59,34,519,1408,0.273,0.338,0.444,0.781,90,2455,143,44,62,41,46,1088,1,473,0.34033979,757,0.54230227,87,75,0.537,2017
Detroit Tigers,49,29.6,4.54,162,6150,5556,735,1435,289,35,187,699,65,34,503,1313,0.258,0.324,0.424,0.748,98,2355,128,52,11,27,21,1104,0,482,0.328397907,894,0.403315214,64,98,0.395,2017
Houston Astros,46,28.8,5.53,162,6271,5611,896,1581,346,20,238,854,98,42,509,1087,0.282,0.346,0.478,0.823,123,2681,139,70,11,61,27,1094,1,482,0.357347365,700,0.620982414,101,61,0.623,2017
Kansas City Royals,49,28.9,4.33,162,6027,5536,702,1436,260,24,193,660,91,31,390,1166,0.259,0.311,0.42,0.731,93,2323,160,45,17,37,19,1005,0,371,0.319966605,791,0.440599561,80,82,0.494,2017
Los Angeles Angels,55,30,4.38,162,6073,5415,710,1314,251,14,186,678,136,44,523,1198,0.243,0.315,0.397,0.712,92,2151,141,70,17,46,30,1033,0,493,0.313859562,709,0.500704721,80,82,0.494,2017
Los Angeles Dodgers,52,27.9,4.75,162,6191,5408,770,1347,312,20,221,730,77,28,649,1380,0.249,0.334,0.437,0.771,104,2362,119,64,31,38,41,1146,1,608,0.337528604,580,0.638007102,104,58,0.642,2017
Miami Marlins,43,28.4,4.8,162,6248,5602,778,1497,271,31,194,743,91,30,486,1282,0.267,0.331,0.431,0.761,107,2412,119,67,50,41,48,1130,0,438,0.33232596,822,0.472520781,77,85,0.475,2017
Milwaukee Brewers,50,27.4,4.52,162,6135,5467,732,1363,267,22,224,695,128,41,547,1571,0.249,0.322,0.429,0.751,94,2346,116,53,42,26,34,1088,0,513,0.3290576,697,0.524477968,86,76,0.531,2017
Minnesota Twins,52,27,5.03,162,6261,5557,815,1444,286,31,206,781,95,28,593,1342,0.26,0.334,0.434,0.768,104,2410,105,46,26,39,26,1147,1,567,0.336621034,788,0.516838641,85,77,0.525,2017
New York Mets,52,28.8,4.54,162,6169,5510,735,1379,286,28,224,713,58,23,529,1291,0.25,0.32,0.434,0.755,101,2393,118,57,36,37,31,1099,0,498,0.329749263,863,0.420410523,70,92,0.432,2017
New York Yankees,51,28.6,5.3,162,6354,5594,858,1463,266,23,241,821,90,22,616,1386,0.262,0.339,0.447,0.785,105,2498,119,64,18,56,22,1184,1,594,0.343609702,660,0.628252788,91,71,0.562,2017
Oakland Athletics,54,28.7,4.56,162,6126,5464,739,1344,305,15,234,708,57,22,565,1491,0.246,0.319,0.436,0.755,104,2381,129,43,13,40,15,1075,0,550,0.330754469,826,0.444580213,75,87,0.463,2017
Philadelphia Phillies,51,26.6,4.26,162,6133,5535,690,1382,287,36,174,654,59,25,494,1417,0.25,0.315,0.409,0.723,89,2263,128,47,21,36,25,1079,0,469,0.317612946,782,0.437743191,66,96,0.407,2017
Pittsburgh Pirates,47,28.2,4.12,162,6136,5458,668,1331,249,36,151,635,67,36,519,1213,0.244,0.318,0.386,0.704,86,2105,120,88,42,28,39,1129,0,480,0.310994384,731,0.45505897,75,87,0.463,2017
San Diego Padres,52,26.2,3.73,162,5954,5356,604,1251,227,31,189,576,89,33,460,1499,0.234,0.299,0.393,0.692,83,2107,99,53,52,33,20,1037,0,440,0.304782387,816,0.353959359,71,91,0.438,2017
Seattle Mariners,61,29.5,4.63,162,6166,5551,750,1436,281,17,200,714,89,35,487,1267,0.259,0.325,0.424,0.749,103,2351,131,78,14,35,31,1084,0,456,0.328436275,772,0.485548355,78,84,0.481,2017
San Francisco Giants,49,29.5,3.94,162,6137,5551,639,1382,290,28,128,612,76,34,467,1204,0.249,0.309,0.38,0.689,81,2112,136,36,31,52,37,1093,0,430,0.302870325,776,0.404079379,64,98,0.395,2017
St. Louis Cardinals,48,28,4.7,162,6219,5470,761,1402,284,28,196,728,81,31,593,1348,0.256,0.334,0.426,0.76,99,2330,139,65,47,44,36,1118,0,557,0.333186115,705,0.538143523,83,79,0.512,2017
Tampa Bay Rays,53,28.3,4.28,162,6147,5478,694,1340,226,32,228,671,88,34,545,1538,0.245,0.317,0.422,0.739,99,2314,115,55,16,48,33,1114,0,512,0.323420318,704,0.49284729,80,82,0.494,2017
Texas Rangers,51,28.3,4.93,162,6122,5430,799,1326,255,21,237,756,113,44,544,1493,0.244,0.32,0.43,0.75,91,2334,110,81,27,39,18,1015,0,526,0.329229756,816,0.48947485,78,84,0.481,2017
Toronto Blue Jays,60,30.9,4.28,162,6154,5499,693,1320,269,5,222,661,53,24,542,1327,0.24,0.312,0.412,0.724,91,2265,153,51,25,35,12,1064,0,530,0.319167621,784,0.438621616,76,86,0.469,2017
Washington Nationals,49,29.2,5.06,162,6214,5553,819,1477,311,31,215,796,108,30,542,1327,0.266,0.332,0.449,0.782,99,2495,116,31,43,45,56,1101,1,486,0.339026983,672,0.597642436,97,65,0.599,2017
Arizona Diamondbacks,49,29.2,4.28,162,6157,5460,693,1283,259,50,176,658,79,25,560,1460,0.235,0.31,0.397,0.707,86,2170,110,52,38,45,36,1086,0,524,0.310598586,644,0.536600055,82,80,0.506,2018
Atlanta Braves,58,27.3,4.69,162,6251,5582,759,1433,314,29,175,717,90,36,511,1290,0.257,0.324,0.417,0.742,98,2330,99,66,49,43,53,1143,1,458,0.323816881,657,0.571662052,90,72,0.556,2018
Baltimore Orioles,56,28.4,3.84,162,6034,5507,622,1317,242,15,188,593,81,22,422,1412,0.239,0.298,0.391,0.689,89,2153,132,57,13,35,19,1027,0,403,0.303503832,892,0.32716135,47,115,0.29,2018
Boston Red Sox,44,27.7,5.41,162,6302,5623,876,1509,355,31,208,829,125,31,569,1253,0.268,0.339,0.453,0.792,112,2550,130,55,7,48,38,1124,1,531,0.344927281,647,0.647036851,108,54,0.667,2018
Chicago Cubs,50,27.2,4.67,163,6369,5624,761,1453,286,34,167,722,66,38,576,1388,0.258,0.333,0.41,0.744,97,2308,107,78,40,46,67,1224,1,509,0.325413137,645,0.581945765,95,68,0.583,2018
Chicago White Sox,51,26.5,4.05,162,6071,5523,656,1332,259,40,182,639,98,41,425,1594,0.241,0.302,0.401,0.703,93,2217,99,66,24,32,18,1050,0,407,0.308837094,848,0.374387528,62,100,0.383,2018
Cincinnati Reds,53,27.2,4.3,162,6240,5532,696,1404,251,25,172,665,77,33,559,1376,0.254,0.328,0.401,0.729,95,2221,128,65,49,35,35,1179,0,524,0.321583821,819,0.419343529,67,95,0.414,2018
Cleveland Indians,49,29.4,5.05,162,6300,5595,818,1447,297,19,216,786,135,36,554,1189,0.259,0.332,0.434,0.766,106,2430,98,80,25,44,32,1147,1,522,0.335475084,648,0.614423137,91,71,0.562,2018
Colorado Rockies,41,28.7,4.79,163,6178,5541,780,1418,280,42,210,748,95,33,507,1397,0.256,0.322,0.435,0.757,90,2412,114,51,42,37,38,1067,1,469,0.330191866,745,0.522938737,91,72,0.558,2018
Detroit Tigers,49,27.9,3.89,162,6029,5494,630,1326,284,35,135,597,70,30,428,1341,0.241,0.3,0.38,0.68,83,2085,110,52,15,40,18,1071,0,410,0.299749833,796,0.385146858,64,98,0.395,2018
Houston Astros,41,28.2,4.92,162,6146,5453,797,1390,278,18,205,763,71,26,565,1197,0.255,0.329,0.425,0.754,106,2319,156,61,14,45,19,1052,1,546,0.331628174,534,0.690170747,103,59,0.636,2018
Kansas City Royals,49,28.6,3.94,162,6063,5505,638,1350,283,29,155,606,117,38,427,1310,0.245,0.305,0.392,0.697,90,2156,123,67,24,40,13,1063,0,414,0.30727846,833,0.369726405,58,104,0.358,2018
Los Angeles Angels,60,29.6,4.45,162,6108,5472,721,1323,249,23,214,690,89,22,514,1300,0.242,0.313,0.413,0.726,99,2260,111,73,7,39,38,1071,0,476,0.318287129,722,0.499307,80,82,0.494,2018
Los Angeles Dodgers,52,28.1,4.93,163,6358,5572,804,1394,296,33,235,756,75,24,647,1436,0.25,0.333,0.442,0.774,109,2461,119,61,39,39,47,1163,1,600,0.337930485,610,0.634664551,92,71,0.564,2018
Miami Marlins,51,27.5,3.66,161,6083,5488,589,1303,222,24,128,554,45,31,455,1384,0.237,0.303,0.357,0.659,83,1957,119,73,32,31,26,1123,0,429,0.293140674,809,0.346435298,63,98,0.391,2018
Milwaukee Brewers,53,28.8,4.63,163,6210,5542,754,1398,252,24,218,711,124,32,537,1458,0.252,0.323,0.424,0.747,99,2352,128,58,29,41,32,1106,1,505,0.327284413,659,0.566930296,96,67,0.589,2018
Minnesota Twins,54,28.2,4.56,162,6154,5526,738,1379,317,22,166,704,47,27,534,1328,0.25,0.318,0.405,0.723,96,2238,89,37,19,38,25,1087,0,509,0.317927987,775,0.47555989,78,84,0.481,2018
New York Mets,56,28.3,4.17,162,6177,5468,676,1282,265,34,170,649,71,39,566,1404,0.234,0.312,0.389,0.701,96,2125,116,73,28,42,36,1104,0,530,0.309252413,707,0.477596217,77,85,0.475,2018
New York Yankees,49,27.2,5.25,162,6271,5515,851,1374,269,23,267,821,63,21,625,1421,0.249,0.329,0.451,0.781,112,2490,107,62,10,59,21,1100,1,604,0.340759615,669,0.618044449,100,62,0.617,2018
Oakland Athletics,53,28,5.02,162,6255,5579,813,1407,322,20,227,778,35,21,550,1381,0.252,0.325,0.439,0.764,110,2450,136,76,6,44,18,1085,1,532,0.334723158,674,0.592667082,97,65,0.599,2018
Philadelphia Phillies,48,26.7,4.18,162,6136,5424,677,1270,241,30,186,653,69,26,582,1520,0.234,0.314,0.393,0.707,89,2129,102,64,32,32,33,1120,0,549,0.312033284,728,0.463748833,80,82,0.494,2018
Pittsburgh Pirates,48,27.8,4.3,161,6066,5447,692,1381,290,38,157,665,70,38,474,1229,0.254,0.317,0.407,0.725,98,2218,121,59,31,52,38,1071,0,436,0.317037037,693,0.499277979,82,79,0.509,2018
San Diego Padres,49,26.8,3.81,162,6059,5486,617,1289,250,30,162,583,95,36,471,1523,0.235,0.297,0.38,0.677,88,2085,122,31,35,36,28,1028,0,443,0.298218813,767,0.392876825,66,96,0.407,2018
Seattle Mariners,53,29.8,4.18,162,6087,5513,677,1402,256,32,176,644,79,37,430,1221,0.254,0.314,0.408,0.722,102,2250,128,70,29,41,17,1084,0,413,0.317500414,711,0.475519012,89,73,0.549,2018
San Francisco Giants,48,29.8,3.72,162,6113,5541,603,1324,255,30,133,573,77,34,448,1467,0.239,0.3,0.368,0.667,85,2038,113,49,33,42,40,1101,0,408,0.29385596,699,0.426665963,73,89,0.451,2018
St. Louis Cardinals,49,28,4.69,162,6200,5498,759,1369,248,9,205,725,63,32,525,1380,0.249,0.321,0.409,0.73,99,2250,92,80,46,48,40,1101,0,485,0.320654557,691,0.546793639,88,74,0.543,2018
Tampa Bay Rays,54,27.1,4.42,162,6195,5475,716,1415,274,43,150,664,128,51,540,1388,0.258,0.333,0.406,0.74,105,2225,122,101,28,50,17,1156,0,523,0.326874289,646,0.551259608,90,72,0.556,2018
Texas Rangers,50,27.4,4.55,162,6163,5453,737,1308,266,24,194,696,74,35,555,1484,0.24,0.318,0.404,0.722,89,2204,104,88,33,34,16,1093,0,539,0.319386654,848,0.430310242,67,95,0.414,2018
Toronto Blue Jays,63,28.9,4.38,162,6076,5477,709,1336,320,16,217,680,47,30,499,1387,0.244,0.312,0.427,0.739,102,2339,118,58,5,37,15,1036,0,484,0.323746697,832,0.420687,73,89,0.451,2018
Washington Nationals,53,27.6,4.76,162,6288,5517,771,1402,284,25,191,737,119,33,631,1289,0.254,0.335,0.419,0.753,98,2309,104,59,41,40,56,1180,0,575,0.330203521,682,0.561023628,82,80,0.506,2018
Arizona Diamondbacks,45,28.7,5.02,162,6315,5633,813,1419,288,40,220,778,88,14,540,1360,0.252,0.323,0.434,0.757,94,2447,120,70,31,40,36,1119,0,504,0.330704338,743,0.544896283,85,77,0.525,2019
Atlanta Braves,50,28,5.28,162,6302,5560,855,1432,277,29,249,824,89,28,619,1467,0.258,0.336,0.452,0.789,98,2514,104,60,25,35,39,1138,1,580,0.344121893,743,0.569745003,97,65,0.599,2019
Baltimore Orioles,58,26.5,4.5,162,6189,5596,729,1379,252,25,213,698,84,30,462,1435,0.246,0.31,0.415,0.725,90,2320,111,71,22,37,8,1063,0,454,0.318842157,981,0.355764017,54,108,0.333,2019
Boston Red Sox,47,27.3,5.56,162,6475,5770,901,1554,345,27,245,857,68,30,590,1382,0.269,0.34,0.466,0.806,106,2688,127,49,20,44,36,1170,0,554,0.350297647,828,0.542145808,84,78,0.519,2019
Chicago Cubs,52,27.7,5.02,162,6195,5461,814,1378,270,26,256,783,45,24,581,1460,0.252,0.331,0.452,0.783,102,2468,127,83,30,39,33,1071,0,548,0.341810471,717,0.563103974,84,78,0.519,2019
Chicago White Sox,47,27.6,4.4,161,6042,5529,708,1443,260,20,182,676,63,28,378,1549,0.261,0.314,0.414,0.728,93,2289,114,66,36,32,13,1071,0,365,0.31996996,832,0.419999196,72,89,0.447,2019
Cincinnati Reds,47,27.8,4.33,162,6100,5450,701,1328,235,27,227,679,80,38,492,1436,0.244,0.315,0.422,0.736,85,2298,111,89,30,33,25,1073,0,467,0.32321742,711,0.492918202,75,87,0.463,2019
Cleveland Indians,54,27.7,4.75,162,6124,5425,769,1354,286,18,223,731,103,35,563,1332,0.25,0.323,0.432,0.756,95,2345,110,50,40,46,30,1072,0,533,0.330439379,657,0.578059843,93,69,0.574,2019
Colorado Rockies,50,28.2,5.15,162,6288,5660,835,1502,323,41,224,803,71,31,489,1503,0.265,0.326,0.456,0.782,89,2579,111,43,51,43,25,1075,0,464,0.340033816,958,0.431721207,71,91,0.438,2019
Detroit Tigers,53,27.6,3.61,161,6039,5549,582,1333,292,41,149,556,57,20,391,1595,0.24,0.294,0.388,0.682,78,2154,108,48,9,42,14,1069,0,377,0.299574468,915,0.288043104,47,114,0.292,2019
Houston Astros,45,29,5.68,162,6394,5613,920,1538,323,28,288,891,67,27,645,1166,0.274,0.352,0.495,0.848,119,2781,146,66,10,57,17,1168,1,628,0.367900691,640,0.67388535,107,55,0.66,2019
Kansas City Royals,51,27.6,4.27,162,6080,5496,691,1356,281,40,162,655,117,39,456,1405,0.247,0.309,0.401,0.71,85,2203,113,59,24,42,17,1056,0,439,0.312165341,869,0.38736389,59,103,0.364,2019
Los Angeles Angels,57,28.8,4.75,162,6251,5542,769,1368,268,21,220,734,65,20,586,1276,0.247,0.324,0.422,0.746,96,2338,143,67,4,42,29,1125,0,557,0.327554768,868,0.4397439,72,90,0.444,2019
Los Angeles Dodgers,46,27.9,5.47,162,6282,5493,886,1414,302,20,279,861,57,10,607,1356,0.257,0.338,0.472,0.81,111,2593,100,81,55,45,47,1124,1,560,0.351210552,613,0.676274698,106,56,0.654,2019
Miami Marlins,50,28.4,3.8,162,6045,5512,615,1326,265,18,146,593,55,30,395,1469,0.241,0.298,0.375,0.673,77,2065,139,73,31,33,16,1034,0,379,0.297600467,808,0.366820905,57,105,0.352,2019
Milwaukee Brewers,50,28.9,4.75,162,6309,5542,769,1366,279,17,250,744,101,25,629,1563,0.246,0.329,0.438,0.767,97,2429,120,72,20,38,42,1180,1,587,0.33555698,766,0.50195439,89,73,0.549,2019
Minnesota Twins,50,27.8,5.8,162,6392,5732,939,1547,318,23,307,906,28,21,525,1334,0.27,0.338,0.494,0.832,118,2832,101,81,10,41,21,1115,1,504,0.360492293,754,0.607984074,101,61,0.623,2019
New York Mets,53,27.9,4.88,162,6290,5624,791,1445,280,17,242,767,56,27,516,1384,0.257,0.328,0.442,0.77,105,2485,129,95,28,27,34,1128,0,482,0.336971741,737,0.535296231,86,76,0.531,2019
New York Yankees,54,28.3,5.82,162,6245,5583,943,1493,290,17,306,904,55,22,569,1437,0.267,0.339,0.49,0.829,118,2735,113,49,10,33,18,1039,1,551,0.359895431,739,0.619525976,103,59,0.636,2019
Oakland Athletics,49,27.8,5.22,162,6269,5561,845,1384,292,23,257,800,49,21,578,1338,0.249,0.327,0.448,0.776,108,2493,140,87,7,36,17,1081,1,561,0.339505204,680,0.606944769,97,65,0.599,2019
Philadelphia Phillies,56,27.7,4.78,162,6261,5571,774,1369,311,26,215,742,78,18,562,1453,0.246,0.319,0.427,0.746,92,2377,97,57,34,34,47,1129,0,515,0.32574227,794,0.487246973,81,81,0.5,2019
Pittsburgh Pirates,54,27.5,4.68,162,6228,5657,758,1497,315,38,163,722,64,29,425,1213,0.265,0.321,0.42,0.741,94,2377,119,63,47,34,41,1103,0,384,0.323773216,911,0.409092301,69,93,0.426,2019
San Diego Padres,54,26.2,4.21,162,6019,5391,682,1281,224,24,219,652,70,37,504,1581,0.238,0.308,0.41,0.718,90,2210,120,55,37,31,19,1008,0,485,0.315660852,789,0.427643211,70,92,0.432,2019
Seattle Mariners,67,27.8,4.68,162,6199,5500,758,1305,254,28,239,730,115,47,588,1581,0.237,0.316,0.424,0.74,99,2332,83,58,14,37,7,1080,0,581,0.325493847,893,0.418774458,68,94,0.42,2019
San Francisco Giants,64,29.9,4.19,162,6170,5579,678,1332,300,26,167,655,47,28,475,1435,0.239,0.302,0.392,0.694,83,2185,111,50,24,42,26,1069,0,449,0.304957516,773,0.434807366,77,85,0.475,2019
St. Louis Cardinals,43,28.8,4.72,162,6167,5449,764,1336,246,24,210,714,116,29,561,1420,0.245,0.322,0.415,0.737,94,2260,110,76,40,39,15,1107,1,546,0.32497545,662,0.571164648,91,71,0.562,2019
Tampa Bay Rays,57,27.2,4.75,162,6285,5628,769,1427,291,29,217,730,94,37,542,1493,0.254,0.325,0.431,0.757,102,2427,114,73,8,34,20,1130,1,522,0.331962602,656,0.578802717,96,66,0.593,2019
Texas Rangers,53,28.8,5,162,6204,5540,810,1374,296,24,223,765,131,38,534,1578,0.248,0.319,0.431,0.75,88,2387,98,67,17,44,18,1066,0,516,0.328680071,878,0.459780909,78,84,0.481,2019
Toronto Blue Jays,61,25.9,4.48,162,6091,5493,726,1299,270,21,247,697,51,20,509,1514,0.236,0.305,0.428,0.733,94,2352,107,45,14,28,10,1003,0,499,0.321454246,828,0.434644501,67,95,0.414,2019
Washington Nationals,50,28.8,5.39,162,6267,5512,873,1460,298,27,231,824,116,29,584,1308,0.265,0.342,0.454,0.796,104,2505,117,81,48,42,33,1114,1,551,0.347618817,724,0.592494782,93,69,0.574,2019
Arizona Diamondbacks,45,29.1,4.48,60,2238,1997,269,482,101,12,58,255,23,7,181,461,0.241,0.312,0.391,0.704,90,781,37,36,1,23,5,402,0,176,0.31077957,295,0.453998469,25,35,0.417,2020
Atlanta Braves,48,28.2,5.8,60,2344,2074,348,556,130,3,103,338,23,4,239,573,0.268,0.349,0.483,0.832,117,1001,39,23,1,7,13,446,1,226,0.362042918,288,0.59350741,35,25,0.583,2020
Baltimore Orioles,45,26.3,4.57,60,2242,2026,274,523,102,7,77,264,19,14,164,514,0.258,0.321,0.429,0.75,102,870,32,27,15,10,5,410,0,159,0.329279928,294,0.464832334,25,35,0.417,2020
Boston Red Sox,47,27,4.87,60,2304,2083,292,552,118,7,81,278,31,9,187,545,0.265,0.33,0.445,0.775,104,927,51,21,4,9,8,429,0,179,0.339384817,351,0.409008706,24,36,0.4,2020
Chicago Cubs,47,27.9,4.42,60,2214,1918,265,422,82,8,74,248,24,10,229,568,0.22,0.318,0.387,0.705,90,742,42,52,1,13,9,412,1,220,0.3138266,240,0.549383923,34,26,0.567,2020
Chicago White Sox,48,27.6,5.1,60,2267,2047,306,534,94,6,96,294,20,8,179,571,0.261,0.326,0.453,0.779,112,928,44,24,1,13,1,400,1,178,0.3411229,246,0.607426436,35,25,0.583,2020
Cincinnati Reds,43,29.1,4.05,60,2123,1842,243,390,76,3,90,237,29,9,239,534,0.212,0.312,0.403,0.715,85,742,44,33,0,7,4,371,1,235,0.317893245,243,0.5,31,29,0.517,2020
Cleveland Indians,39,27.9,4.13,60,2247,1959,248,446,96,5,59,234,25,10,239,517,0.228,0.317,0.372,0.689,88,729,40,24,7,16,4,412,1,235,0.307918532,209,0.584722156,35,25,0.583,2020
Colorado Rockies,40,28.7,4.58,60,2257,2057,275,528,84,16,63,264,42,9,161,543,0.257,0.311,0.405,0.716,81,833,41,10,7,19,12,395,0,149,0.313091723,353,0.377683111,26,34,0.433,2020
Detroit Tigers,45,27.5,4.29,58,2076,1893,249,463,78,12,62,242,19,6,147,567,0.245,0.303,0.397,0.7,91,751,42,19,1,14,1,337,0,146,0.308836873,318,0.380082759,23,35,0.397,2020
Houston Astros,43,29.2,4.65,60,2229,1992,279,478,103,12,69,268,22,11,192,440,0.24,0.312,0.408,0.72,95,812,39,23,6,13,5,400,1,187,0.317110609,275,0.50721984,29,31,0.483,2020
Kansas City Royals,48,27.8,4.13,60,2200,1988,248,485,97,7,68,237,49,20,172,527,0.244,0.309,0.402,0.711,91,800,28,18,8,10,3,395,0,169,0.313716247,272,0.453944261,26,34,0.433,2020
Los Angeles Angels,45,28.5,4.9,60,2308,2020,294,501,97,8,85,285,21,8,239,490,0.248,0.332,0.43,0.763,107,869,49,25,6,18,8,436,0,231,0.335148213,321,0.456182017,26,34,0.433,2020
Los Angeles Dodgers,38,28,5.82,60,2316,2042,349,523,97,6,118,327,29,8,228,471,0.256,0.338,0.483,0.821,119,986,46,30,3,12,7,401,1,221,0.357301518,213,0.728605611,43,17,0.717,2020
Miami Marlins,61,29,4.38,60,2167,1935,263,472,82,5,60,247,51,14,191,537,0.244,0.319,0.384,0.703,89,744,37,25,6,9,6,401,1,185,0.312506964,304,0.428065724,31,29,0.517,2020
Milwaukee Brewers,43,28.5,4.12,60,2188,1920,247,429,83,5,75,238,15,11,221,582,0.223,0.313,0.389,0.702,87,747,53,35,0,10,8,393,1,213,0.312176309,264,0.466768678,29,31,0.483,2020
Minnesota Twins,43,28.7,4.48,60,2168,1937,269,468,81,3,91,258,14,7,186,528,0.242,0.315,0.427,0.743,104,828,38,29,2,14,9,378,1,177,0.325734817,215,0.610198506,36,24,0.6,2020
New York Mets,47,27.8,4.77,60,2279,2023,286,551,106,7,86,278,20,10,197,498,0.272,0.348,0.459,0.807,121,929,53,45,1,13,8,450,0,189,0.353590308,308,0.463013699,26,34,0.433,2020
New York Yankees,43,28.5,5.25,60,2210,1915,315,473,87,7,94,301,27,7,251,480,0.247,0.342,0.447,0.789,118,856,51,30,1,11,5,409,1,246,0.347057221,270,0.576470588,33,27,0.55,2020
Oakland Athletics,38,28.1,4.57,60,2201,1908,274,430,91,11,71,264,26,3,238,524,0.225,0.322,0.396,0.718,100,756,44,39,2,14,5,401,1,233,0.319083865,232,0.582435997,36,24,0.6,2020
Philadelphia Phillies,46,28.5,5.1,60,2223,1948,306,500,90,10,82,289,35,8,229,480,0.257,0.342,0.439,0.781,109,856,40,28,8,10,16,425,0,213,0.342360164,311,0.491896804,28,32,0.467,2020
Pittsburgh Pirates,49,27.1,3.65,60,2134,1932,219,425,76,6,59,210,16,11,167,521,0.22,0.284,0.357,0.641,74,690,34,11,7,15,6,355,0,161,0.284053799,298,0.350681826,19,41,0.317,2020
San Diego Padres,47,26.7,5.42,60,2231,1972,325,506,103,12,95,312,55,13,204,479,0.257,0.333,0.466,0.798,120,918,37,28,12,14,6,368,1,198,0.348087703,241,0.645211538,37,23,0.617,2020
Seattle Mariners,49,26.6,4.23,60,2181,1929,254,435,88,5,60,244,50,16,207,545,0.226,0.309,0.37,0.678,90,713,35,30,3,12,5,379,0,202,0.302724344,303,0.412704302,27,33,0.45,2020
San Francisco Giants,45,29.8,4.98,60,2259,2019,299,532,107,14,81,290,19,8,195,499,0.263,0.335,0.451,0.785,115,910,51,27,4,13,8,411,0,187,0.343205699,297,0.503355667,29,31,0.483,2020
St. Louis Cardinals,44,28.8,4.14,58,2011,1752,240,410,73,7,51,231,18,10,205,477,0.234,0.323,0.371,0.694,92,650,38,33,4,16,3,365,1,202,0.310833749,229,0.523441263,30,28,0.517,2020
Tampa Bay Rays,43,27.1,4.82,60,2261,1975,289,470,105,12,80,274,48,9,243,608,0.238,0.328,0.425,0.753,111,839,38,28,0,14,9,424,1,234,0.33113283,229,0.614296642,40,20,0.667,2020
Texas Rangers,49,27.4,3.73,60,2147,1936,224,420,80,9,62,204,49,14,167,548,0.217,0.285,0.364,0.648,78,704,33,24,2,18,3,354,0,164,0.287689076,312,0.340130152,22,38,0.367,2020
Toronto Blue Jays,49,25.9,5.03,60,2263,2023,302,516,104,4,88,288,33,6,203,508,0.255,0.325,0.441,0.766,108,892,39,12,8,14,4,404,1,199,0.335458185,312,0.483717674,32,28,0.533,2020
Washington Nationals,43,28.6,4.88,60,2218,1968,293,519,112,12,66,279,33,12,192,451,0.264,0.336,0.433,0.769,107,853,42,32,5,21,16,411,0,176,0.335716887,301,0.486534429,26,34,0.433,2020
Arizona Diamondbacks,57,26.5,4.33,162,6027,5351,702,1232,262,24,173,658,104,29,531,1341,0.23,0.304,0.385,0.689,95,2061,97,60,31,50,14,1039,0,517,0.304921378,740,0.473665999,74,88,0.456790123,2022
Atlanta Braves,53,27.5,4.87,162,6082,5509,789,1394,298,11,243,753,87,31,470,1498,0.253,0.317,0.443,0.761,109,2443,103,66,1,36,13,1030,1,457,0.332697759,609,0.626655674,101,61,0.62345679,2022
Baltimore Orioles,58,27,4.16,162,6049,5429,674,1281,275,25,171,639,95,31,476,1390,0.236,0.305,0.39,0.695,99,2119,95,83,12,43,10,1095,0,466,0.30743232,688,0.489722084,83,79,0.512345679,2022
Boston Red Sox,54,28.8,4.54,162,6144,5539,735,1427,352,12,155,704,52,20,478,1373,0.258,0.321,0.409,0.731,102,2268,131,63,12,50,23,1133,0,455,0.32084657,787,0.465874263,78,84,0.481481481,2022
Chicago Cubs,64,27.9,4.06,162,6072,5425,657,1293,265,31,159,620,111,37,507,1448,0.238,0.311,0.387,0.698,94,2097,130,84,19,36,16,1100,0,491,0.309105368,731,0.446836989,74,88,0.456790123,2022
Chicago White Sox,44,29.3,4.23,162,6123,5611,686,1435,272,9,149,654,58,10,388,1269,0.256,0.31,0.387,0.698,97,2172,127,73,16,35,9,1117,0,379,0.308533946,717,0.477915272,81,81,0.5,2022
Cincinnati Reds,66,29.4,4,162,5978,5380,648,1264,235,18,156,618,58,33,452,1430,0.235,0.304,0.372,0.676,85,2003,127,92,12,33,6,1020,0,446,0.300813309,815,0.387319221,62,100,0.382716049,2022
Cleveland Guardians,50,25.9,4.31,162,6163,5558,698,1410,273,31,127,662,119,27,450,1122,0.254,0.316,0.383,0.699,102,2126,119,81,22,52,36,1156,1,414,0.307767404,634,0.547937379,92,70,0.567901235,2022
Colorado Rockies,43,29.1,4.31,162,6105,5540,698,1408,280,34,149,669,45,20,453,1330,0.254,0.315,0.398,0.713,91,2203,139,61,10,40,10,1113,0,443,0.314631821,873,0.389971289,68,94,0.419753086,2022
Detroit Tigers,53,27.9,3.44,162,5870,5378,557,1240,235,27,110,530,47,24,380,1413,0.231,0.286,0.346,0.632,82,1859,108,58,10,44,8,1015,0,372,0.280955229,713,0.378991178,66,96,0.407407407,2022
Houston Astros,45,29.3,4.55,162,6054,5409,737,1341,284,13,214,715,83,22,528,1179,0.248,0.319,0.424,0.743,111,2293,118,60,9,42,18,1068,1,510,0.326347783,518,0.669345269,106,56,0.654320988,2022
Kansas City Royals,55,27.1,3.95,162,6010,5437,640,1327,247,38,138,613,104,34,460,1287,0.244,0.306,0.38,0.686,93,2064,101,48,20,44,7,1091,0,453,0.303701103,810,0.384348316,65,97,0.401234568,2022
Los Angeles Angels,66,27.9,3.85,162,5977,5423,623,1265,219,31,190,600,77,27,449,1539,0.233,0.297,0.39,0.687,93,2116,95,54,25,25,28,1050,0,421,0.302375485,668,0.465185599,73,89,0.450617284,2022
Los Angeles Dodgers,51,29.6,5.23,162,6247,5526,847,1418,325,31,212,812,98,18,607,1374,0.257,0.333,0.442,0.775,115,2441,85,56,3,53,22,1159,1,585,0.339009646,513,0.731618494,111,51,0.685185185,2022
Miami Marlins,56,28.9,3.62,162,5949,5395,586,1241,248,20,144,554,122,29,436,1429,0.23,0.294,0.363,0.658,85,1961,120,70,4,36,6,1045,0,430,0.292475131,676,0.429045494,69,93,0.425925926,2022
Milwaukee Brewers,51,29.1,4.48,162,6122,5417,725,1271,251,17,219,703,96,30,577,1464,0.235,0.315,0.409,0.724,103,2213,117,80,11,37,25,1102,0,552,0.319166941,688,0.526167479,86,76,0.530864198,2022
Minnesota Twins,61,26.9,4.3,162,6113,5476,696,1356,269,18,178,668,38,17,518,1353,0.248,0.317,0.401,0.718,105,2195,133,62,10,46,11,1126,0,507,0.317197505,684,0.508694995,78,84,0.481481481,2022
New York Mets,61,29.7,4.77,162,6176,5489,772,1422,272,27,171,735,62,22,510,1217,0.259,0.332,0.412,0.744,113,2261,122,112,20,44,25,1158,1,485,0.328034258,606,0.618741305,101,61,0.62345679,2022
New York Yankees,54,30.2,4.98,162,6172,5422,807,1308,225,8,254,764,102,33,620,1391,0.241,0.325,0.426,0.751,112,2311,121,70,14,41,36,1093,1,584,0.329599477,567,0.669500934,99,63,0.611111111,2022
Oakland Athletics,64,28.3,3.51,162,5863,5314,568,1147,249,15,137,537,78,23,433,1389,0.216,0.281,0.346,0.626,84,1837,109,59,22,33,7,969,0,426,0.279250686,770,0.352392728,60,102,0.37037037,2022
Philadelphia Phillies,56,28.1,4.61,162,6077,5496,747,1392,255,29,205,719,105,28,478,1363,0.253,0.317,0.422,0.739,108,2320,116,52,6,44,15,1075,1,463,0.324014864,685,0.54321508,87,75,0.537037037,2022
Pittsburgh Pirates,68,26.3,3.65,162,5912,5331,591,1186,221,29,158,555,89,32,476,1497,0.222,0.291,0.364,0.655,85,1939,96,54,19,32,14,1016,0,462,0.290785848,817,0.343520167,62,100,0.382716049,2022
San Diego Padres,55,28.2,4.35,162,6175,5468,705,1317,275,18,153,682,49,22,574,1327,0.241,0.318,0.382,0.7,102,2087,95,65,17,46,24,1174,1,550,0.310197422,660,0.532931242,89,73,0.549382716,2022
Seattle Mariners,59,27.5,4.26,162,6117,5375,690,1236,229,19,197,663,83,27,596,1397,0.23,0.315,0.39,0.704,106,2094,120,89,9,45,17,1129,1,579,0.31256406,623,0.550895654,90,72,0.555555556,2022
San Francisco Giants,66,30,4.42,162,6117,5392,716,1261,255,18,183,683,64,16,571,1462,0.234,0.315,0.39,0.705,100,2101,109,95,6,53,14,1115,0,557,0.312693128,697,0.513444137,81,81,0.5,2022
St. Louis Cardinals,51,28.8,4.77,162,6165,5496,772,1386,290,21,197,739,95,25,537,1226,0.252,0.325,0.42,0.745,112,2309,112,80,5,45,11,1132,1,526,0.328286969,637,0.594941068,93,69,0.574074074,2022
Tampa Bay Rays,61,27,4.11,162,6008,5412,666,1294,296,17,139,634,95,37,500,1395,0.239,0.309,0.377,0.686,99,2041,93,57,7,31,13,1074,1,487,0.304294304,614,0.540558063,86,76,0.530864198,2022
Texas Rangers,55,28,4.36,162,6029,5478,707,1308,224,20,198,670,128,41,456,1446,0.239,0.301,0.395,0.696,96,2166,82,47,10,38,12,1007,0,444,0.306911936,743,0.475187708,68,94,0.419753086,2022
Toronto Blue Jays,51,27.1,4.78,162,6158,5555,775,1464,307,12,200,756,67,35,500,1242,0.264,0.329,0.431,0.76,117,2395,136,55,8,33,13,1111,1,487,0.333769984,679,0.565738189,92,70,0.567901235,2022
Washington Nationals,55,28.7,3.72,162,5998,5434,603,1351,252,20,136,579,75,31,442,1221,0.249,0.31,0.377,0.688,98,2051,141,60,20,37,12,1099,0,430,0.304849857,855,0.332174042,55,107,0.339506173,2022
Arizona Diamondbacks,64,28.9,4.19,162,6144,5489,679,1297,308,31,144,644,43,16,537,1465,0.236,0.309,0.382,0.692,87,2099,99,54,32,28,24,1152,0,513,0.30589908,893,0.366344588,52,110,0.320987654,2021
Atlanta Braves,56,28.2,4.91,161,6056,5363,790,1307,269,20,239,762,59,19,549,1453,0.244,0.319,0.435,0.754,98,2333,81,67,32,43,36,1072,1,513,0.329343468,656,0.591880399,88,73,0.546583851,2021
Baltimore Orioles,62,26.7,4.07,162,5983,5420,659,1296,266,15,195,632,54,23,451,1454,0.239,0.304,0.402,0.705,92,2177,105,65,14,31,12,1046,0,439,0.310853065,956,0.32211506,52,110,0.320987654,2021
Boston Red Sox,56,28,5.12,162,6122,5495,829,1434,330,23,219,783,40,21,512,1386,0.261,0.328,0.449,0.777,106,2467,100,61,10,42,22,1093,1,490,0.339267411,749,0.550567118,92,70,0.567901235,2021
Chicago Cubs,69,29.1,4.35,162,5972,5306,705,1255,225,26,210,672,86,37,502,1596,0.237,0.312,0.407,0.719,93,2162,133,92,40,30,17,1019,0,485,0.317338069,839,0.413861239,71,91,0.438271605,2021
Chicago White Sox,47,28,4.91,162,6084,5357,796,1373,275,22,190,757,57,20,586,1389,0.256,0.336,0.422,0.758,106,2262,139,78,24,39,10,1125,1,576,0.334880992,636,0.610354181,93,69,0.574074074,2021
Cincinnati Reds,55,28.9,4.85,162,6162,5423,786,1352,295,13,222,756,36,24,553,1425,0.249,0.328,0.431,0.759,95,2339,129,105,35,45,22,1110,0,531,0.333466579,760,0.516812839,83,79,0.512345679,2021
Cleveland Indians,48,26.7,4.43,162,5907,5332,717,1269,248,22,203,686,109,17,453,1387,0.238,0.303,0.407,0.71,94,2170,105,64,20,36,18,987,0,435,0.312181694,727,0.493075124,80,82,0.49382716,2021
Colorado Rockies,45,28.1,4.59,161,6007,5374,739,1338,275,34,182,709,76,23,491,1356,0.249,0.317,0.414,0.731,86,2227,98,58,48,36,24,1074,0,467,0.320867734,796,0.462917582,74,87,0.459627329,2021
Detroit Tigers,49,28.1,4.3,162,5979,5376,697,1299,236,37,179,675,88,25,490,1514,0.242,0.308,0.399,0.707,96,2146,113,44,17,50,8,1031,0,482,0.311433132,756,0.459461198,77,85,0.475308642,2021
Houston Astros,52,28.9,5.33,162,6291,5593,863,1496,299,14,221,834,53,16,569,1222,0.267,0.339,0.444,0.783,113,2486,136,64,9,54,25,1159,1,544,0.342786571,658,0.63237508,95,67,0.586419753,2021
Kansas City Royals,48,29.3,4.23,162,5993,5427,686,1349,251,29,163,647,124,33,421,1258,0.249,0.306,0.396,0.702,90,2147,100,55,31,52,8,1050,0,413,0.309224819,788,0.43113033,74,88,0.456790123,2021
Los Angeles Angels,64,29.2,4.46,162,6019,5437,723,1331,265,23,190,691,79,26,464,1394,0.245,0.31,0.407,0.717,93,2212,107,59,30,25,35,1029,0,429,0.314364706,804,0.447103653,77,85,0.475308642,2021
Los Angeles Dodgers,61,29.2,5.12,162,6239,5445,830,1330,247,24,237,799,65,17,613,1408,0.244,0.33,0.429,0.759,101,2336,96,104,32,45,36,1169,1,577,0.33298655,561,0.686414493,106,56,0.654320988,2021
Miami Marlins,61,28.2,3.85,162,5929,5348,623,1244,226,23,158,594,106,29,450,1553,0.233,0.298,0.372,0.671,81,1990,95,65,30,30,25,1042,0,425,0.296704158,701,0.441291372,67,95,0.413580247,2021
Milwaukee Brewers,61,28.7,4.56,162,6099,5362,738,1251,255,18,194,700,82,21,586,1465,0.233,0.317,0.396,0.713,92,2124,102,88,25,35,26,1113,1,560,0.315621175,623,0.58389769,95,67,0.586419753,2021
Minnesota Twins,57,28.3,4.5,162,6078,5431,729,1311,271,17,228,690,54,15,525,1405,0.241,0.314,0.423,0.738,103,2300,122,70,7,42,17,1092,0,508,0.323744836,834,0.433123308,73,89,0.450617284,2021
New York Mets,64,28.2,3.93,162,5856,5210,636,1243,228,18,176,604,54,26,495,1392,0.239,0.315,0.391,0.705,93,2035,123,94,34,23,25,1099,0,470,0.312401242,668,0.475474892,77,85,0.475308642,2021
New York Yankees,59,29.3,4.39,162,6060,5331,711,1266,213,12,222,666,63,18,621,1482,0.237,0.322,0.407,0.729,100,2169,154,63,10,34,14,1097,1,607,0.322990886,669,0.530406618,92,70,0.567901235,2021
Oakland Athletics,50,30.1,4.59,162,6104,5395,743,1284,271,19,199,698,88,20,545,1349,0.238,0.317,0.406,0.723,102,2190,99,98,17,49,17,1084,0,528,0.318827018,687,0.539100875,86,76,0.530864198,2021
Philadelphia Phillies,55,29.1,4.53,162,6089,5366,734,1288,262,24,198,700,77,19,564,1402,0.24,0.318,0.408,0.726,95,2192,103,67,47,43,37,1115,0,527,0.318982176,745,0.492562954,82,80,0.50617284,2021
Pittsburgh Pirates,64,27.5,3.76,162,5983,5336,609,1261,240,35,124,570,60,30,529,1328,0.236,0.309,0.364,0.673,82,1943,102,49,31,37,24,1128,0,505,0.299107474,833,0.348320295,61,101,0.37654321,2021
San Diego Padres,54,28,4.5,162,6119,5384,729,1305,273,21,180,695,110,39,586,1324,0.242,0.321,0.401,0.722,101,2160,121,61,36,46,42,1123,0,544,0.317746479,708,0.514610658,79,83,0.487654321,2021
Seattle Mariners,63,27,4.3,162,6010,5355,697,1209,233,11,199,673,64,24,535,1492,0.226,0.303,0.385,0.688,92,2061,92,72,9,36,8,1040,0,527,0.305315526,748,0.464749793,90,72,0.555555556,2021
San Francisco Giants,54,30.6,4.96,162,6196,5462,804,1360,271,25,241,768,66,14,602,1461,0.249,0.329,0.44,0.769,107,2404,117,64,36,30,45,1138,1,557,0.33594798,594,0.646899881,107,55,0.660493827,2021
St. Louis Cardinals,51,28.5,4.36,162,6001,5351,706,1303,261,22,198,678,89,22,478,1341,0.244,0.313,0.412,0.725,99,2202,99,86,40,44,32,1081,1,446,0.317892694,672,0.524658428,90,72,0.555555556,2021
Tampa Bay Rays,61,27.7,5.29,162,6213,5507,857,1336,288,36,222,810,88,42,585,1542,0.243,0.321,0.429,0.75,110,2362,75,72,6,41,27,1085,1,558,0.32862415,651,0.63410231,100,62,0.617283951,2021
Texas Rangers,54,26.8,3.86,162,5943,5405,625,1254,225,24,167,598,106,29,433,1381,0.232,0.294,0.375,0.67,83,2028,113,58,16,31,10,1007,0,423,0.296565827,815,0.370313315,60,102,0.37037037,2021
Toronto Blue Jays,62,26.8,5.22,162,6070,5476,846,1455,285,13,262,816,81,20,496,1218,0.266,0.33,0.466,0.797,113,2552,112,51,10,35,14,1056,0,482,0.347296492,663,0.619514665,91,71,0.561728395,2021
Washington Nationals,60,28.7,4.47,162,6113,5385,724,1388,272,20,182,686,56,26,573,1303,0.258,0.337,0.417,0.754,107,2246,158,84,38,31,43,1185,0,530,0.331621891,820,0.438063274,65,97,0.401234568,2021